GEO_ID,GEO_NAME, TOTAL_POPULATION_18_TO_24_YEARS,POP_18_TO_24_YEARS_LESS_THAN_HS_GRAD,POP_18_TO_24_YEARS_HS_GRAD,POP_18_TO_24_YEARS_SOME_COLLEGE_OR_ASSOC_DEG,POP_18_TO_24_YEARS_BACH_DEG_OR_HIGHER,TOTAL_POP_25_AND_OVER,POP_25_AND_OVER_LESS_THAN_9th_GRADE, POP_25_AND_OVER_9_TO_12_NO_DIP,POP_25_AND_OVER_HS_GRAD,POP_25_AND_OVER_SOME_COLLEGE_NO_DEG,POP_25_AND_OVER_ASSOC_DEG,POP_25_AND_OVER_BACH_DEG,POP_25_AND_OVER_GRAD_OR_PROF_DEG,POP_25_AND_OVER_HS_GRAD_OR_HIGHER,POP_25_AND_OVER_BACH_DEG_OR_HIGHER,TOTAL_POP_25_TO_34,POP_25_TO_34_HS_GRAD_OR_HIGHER,POP_25_TO_34_HS_BACH_OR_HIGHER,TOTAL_POP_35_TO_44,POP_35_TO_44_HS_GRAD_OR_HIGHER,POP_35_TO_44_BACH_DEG_OR_HIGHER,TOTAL_POP_45_TO_64,POP_45_TO_64_HS_GRAD_OR_HIGHER,POP_45_TO_64_BACH_DEG_OR_HIGHER,TOTAL_POP_65_AND_OVER,POP_65_AND_OVER_HS_GRAD_OR_HIGHER,POP_65_AND_OVER_BACH_DEG_OR_HIGHER,ALL_LESS_THAN_HS_GRAD,ALL_HS_GRAD,ALL_HS_HIGHER,ALL_BACH_HIGHER
53033000101,"Census Tract 1.01, King County, Washington",344,48,31,97,168,2562,90,50,554,423,148,904,393,2422,1297,1278,1266,861,488,416,194,433,411,132,363,329,110,188,585,5140,2762
53033000102,"Census Tract 1.02, King County, Washington",383,48,88,107,140,3572,148,199,711,396,272,1060,786,3225,1846,977,784,454,585,511,316,1021,1006,699,989,924,377,395,799,6785,3832
53033000201,"Census Tract 2.01, King County, Washington",241,0,180,17,44,3525,18,204,470,549,160,1198,926,3303,2124,615,528,336,601,577,424,1589,1478,767,720,720,597,222,650,6847,4292
53033000202,"Census Tract 2.02, King County, Washington",273,14,105,78,76,3336,89,122,565,452,206,1154,748,3125,1902,1110,1083,662,561,541,404,1109,991,510,556,510,326,225,670,6509,3880
53033000300,"Census Tract 3, King County, Washington",526,39,65,333,89,1833,81,104,184,260,194,617,393,1648,1010,368,368,292,419,378,272,750,688,399,296,214,47,224,249,3783,2109
53033000402,"Census Tract 4.02, King County, Washington",402,89,45,141,127,4136,133,64,648,1091,175,1208,817,3939,2025,761,761,437,697,621,364,1347,1312,572,1331,1245,652,286,693,8191,4177
53033000403,"Census Tract 4.03, King County, Washington",122,0,0,66,56,2636,8,125,376,489,454,663,521,2503,1184,602,585,260,518,501,341,777,752,367,739,665,216,133,376,5128,2424
53033000404,"Census Tract 4.04, King County, Washington",249,0,37,212,0,3009,138,139,603,1032,292,574,231,2732,805,778,778,207,499,398,135,1088,979,275,644,577,188,277,640,5713,1610
53033000500,"Census Tract 5, King County, Washington",49,22,10,17,0,2451,48,12,233,300,50,1018,790,2391,1808,237,228,121,414,411,341,1039,999,812,761,753,534,82,243,4809,3616
53033000601,"Census Tract 6.01, King County, Washington",451,10,141,252,48,3489,90,11,486,922,199,1186,595,3388,1781,1005,1005,423,826,751,604,1036,1022,487,622,610,267,111,627,7217,3610
53033000602,"Census Tract 6.02, King County, Washington",248,61,12,39,136,2841,100,86,421,507,305,693,729,2655,1422,732,732,345,842,659,473,790,790,363,477,474,241,247,433,5497,2980
53033000700,"Census Tract 7, King County, Washington",555,0,93,299,163,3993,182,166,548,885,274,879,1059,3645,1938,1271,1203,653,643,529,343,1508,1428,794,571,485,148,348,641,7845,4039
53033000800,"Census Tract 8, King County, Washington",249,37,26,61,125,2007,7,31,177,220,144,835,593,1969,1428,369,369,274,513,501,408,683,666,472,442,433,274,75,203,4150,2981
53033000900,"Census Tract 9, King County, Washington",87,0,29,28,30,1709,7,3,103,150,69,639,738,1699,1377,275,275,252,197,196,159,679,677,527,558,551,439,10,132,3485,2784
53033001000,"Census Tract 10, King County, Washington",155,10,37,69,39,1463,3,38,148,251,76,490,457,1422,947,231,231,125,343,333,241,593,569,389,296,289,192,51,185,2989,1933
53033001100,"Census Tract 11, King County, Washington",149,12,58,43,36,2097,61,0,247,193,84,906,606,2036,1512,390,367,336,482,458,357,797,797,592,428,414,227,73,305,4209,3060
53033001201,"Census Tract 12.01, King County, Washington",323,0,51,138,134,3031,184,168,491,698,291,937,262,2679,1199,1052,1052,601,598,598,354,597,435,80,784,594,164,352,542,5681,2532
53033001202,"Census Tract 12.02, King County, Washington",533,17,84,257,175,2180,0,39,313,401,145,643,639,2141,1282,603,577,352,490,486,253,588,579,400,499,499,277,56,397,4798,2739
53033001300,"Census Tract 13, King County, Washington",409,92,84,75,158,3822,183,1,526,660,354,1301,797,3638,2098,1227,1227,805,1043,970,583,896,844,420,656,597,290,276,610,7593,4354
53033001400,"Census Tract 14, King County, Washington",230,0,97,61,72,4114,37,22,638,453,244,1660,1060,4055,2720,1056,1056,760,1184,1169,837,1246,1224,864,628,606,259,59,735,8340,5512
53033001500,"Census Tract 15, King County, Washington",136,0,73,47,16,2251,0,32,165,398,176,876,604,2219,1480,257,244,166,452,452,316,917,898,659,625,625,339,32,238,4574,2976
53033001600,"Census Tract 16, King County, Washington",273,16,57,65,135,3333,8,8,154,366,171,1368,1258,3317,2626,402,402,367,854,854,677,1404,1404,1147,673,657,435,32,211,6891,5387
53033001701,"Census Tract 17.01, King County, Washington",226,0,74,42,110,3511,104,196,432,574,113,1634,458,3211,2092,1642,1598,1191,745,641,373,926,884,492,198,88,36,300,506,6648,4294
53033001702,"Census Tract 17.02, King County, Washington",198,0,19,121,58,4318,170,91,604,592,340,1597,924,4057,2521,1440,1427,1070,1085,1072,787,964,857,402,829,701,262,261,623,8312,5100
53033001800,"Census Tract 18, King County, Washington",459,15,29,232,183,3891,68,58,260,507,345,1788,865,3765,2653,2356,2337,1772,848,848,622,464,464,226,223,116,33,141,289,7974,5489
53033001900,"Census Tract 19, King County, Washington",378,61,38,125,154,3833,19,95,266,432,301,1701,1019,3719,2720,1196,1196,938,877,813,618,1006,981,647,754,729,517,175,304,7755,5594
53033002000,"Census Tract 20, King County, Washington",357,28,125,106,98,3105,0,0,172,660,344,1114,815,3105,1929,700,700,484,725,725,465,1045,1045,575,635,635,405,28,297,6539,3956
53033002100,"Census Tract 21, King County, Washington",402,30,121,29,222,3326,20,44,205,515,169,1432,941,3262,2373,870,853,671,582,547,417,1303,1303,908,571,559,377,94,326,6896,4968
53033002200,"Census Tract 22, King County, Washington",342,31,47,179,85,4302,0,6,189,408,368,1399,1932,4296,3331,601,601,548,914,914,789,1657,1657,1190,1130,1124,804,37,236,8903,6747
53033002400,"Census Tract 24, King County, Washington",86,9,12,49,16,2447,24,0,78,281,135,834,1095,2423,1929,451,451,319,442,442,345,1104,1104,934,450,426,331,33,90,4923,3874
53033002500,"Census Tract 25, King County, Washington",199,16,8,80,95,2598,10,20,147,193,138,973,1117,2568,2090,730,730,609,634,624,560,811,800,636,423,414,285,46,155,5319,4275
53033002600,"Census Tract 26, King County, Washington",381,0,75,125,181,3773,0,0,66,429,127,1573,1578,3773,3151,1025,1025,918,785,785,642,1451,1451,1189,512,512,402,0,141,7927,6483
53033002700,"Census Tract 27, King County, Washington",415,9,150,102,154,4305,55,29,139,403,234,1686,1759,4221,3445,1005,968,900,1203,1203,1126,1308,1290,929,789,760,490,93,289,8848,7044
53033002800,"Census Tract 28, King County, Washington",126,0,11,66,49,3873,18,44,379,626,151,1604,1051,3811,2655,1300,1282,915,929,929,679,1123,1107,819,521,493,242,62,390,7748,5359
53033002900,"Census Tract 29, King County, Washington",225,42,54,96,33,3529,0,46,292,610,116,1419,1046,3483,2465,640,608,474,854,854,731,1559,1545,958,476,476,302,88,346,7149,4963
53033003000,"Census Tract 30, King County, Washington",357,0,74,169,114,4616,31,66,337,607,174,2163,1238,4519,3401,1059,1059,823,1090,1058,822,1911,1859,1381,556,543,375,97,411,9395,6916
53033003100,"Census Tract 31, King County, Washington",308,20,74,119,95,4917,16,0,451,742,194,1690,1824,4901,3514,559,559,375,1325,1310,955,2016,2016,1582,1017,1016,602,36,525,10090,7123
53033003201,"Census Tract 32.01, King County, Washington",236,71,51,73,41,3712,66,57,329,753,256,1181,1070,3589,2251,1033,1033,778,824,758,556,805,805,604,1050,993,313,194,380,7343,4543
53033003202,"Census Tract 32.02, King County, Washington",178,64,90,8,16,3571,0,0,180,599,174,1337,1281,3571,2618,731,731,682,904,904,727,1361,1361,972,575,575,237,64,270,7256,5252
53033003301,"Census Tract 33.01, King County, Washington",273,0,69,133,71,3696,0,13,220,408,229,1736,1090,3683,2826,1545,1545,1330,1096,1096,826,828,815,588,227,227,82,13,289,7639,5723
53033003302,"Census Tract 33.02, King County, Washington",306,5,180,0,121,2972,35,33,342,339,177,1185,861,2904,2046,1050,1050,734,985,976,837,751,692,357,186,186,118,73,522,6109,4213
53033003400,"Census Tract 34, King County, Washington",195,20,37,92,46,2673,15,25,93,241,196,1134,969,2633,2103,587,587,511,561,554,468,1027,1009,797,498,483,327,60,130,5441,4252
53033003500,"Census Tract 35, King County, Washington",212,20,78,53,61,3318,18,0,252,343,117,1319,1269,3300,2588,775,763,577,744,744,624,1020,1020,776,779,773,611,38,330,6792,5237
53033003601,"Census Tract 36.01, King County, Washington",250,0,18,19,213,2966,83,0,66,421,121,1411,864,2883,2275,797,797,685,356,356,319,817,789,476,996,941,795,83,84,6016,4763
53033003602,"Census Tract 36.02, King County, Washington",330,52,21,62,195,3414,0,0,284,314,107,1612,1097,3414,2709,2201,2201,1989,499,499,361,494,494,205,220,220,154,52,305,7106,5613
53033003800,"Census Tract 38, King County, Washington",193,18,23,70,82,1768,0,1,44,154,106,838,625,1767,1463,739,739,587,306,305,262,493,493,416,230,230,198,19,67,3709,3008
53033003900,"Census Tract 39, King County, Washington",266,22,28,73,143,2028,25,27,66,130,86,743,951,1976,1694,312,312,253,417,405,360,908,899,805,391,360,276,74,94,4196,3531
53033004000,"Census Tract 40, King County, Washington",278,38,97,80,63,2180,64,88,131,190,113,694,900,2028,1594,360,337,280,312,247,195,1029,979,746,479,465,373,190,228,4296,3251
53033004101,"Census Tract 41.01, King County, Washington",135,12,45,48,30,2850,0,0,25,12,103,1075,1635,2850,2710,479,479,466,393,393,359,1045,1045,1000,933,933,885,12,70,5823,5450
53033004102,"Census Tract 41.02, King County, Washington",275,32,31,41,171,2731,12,12,102,198,51,992,1364,2707,2356,421,416,399,671,669,645,958,957,782,681,665,530,56,133,5657,4883
53033004201,"Census Tract 42.01, King County, Washington",252,17,51,81,103,2517,42,11,147,256,93,892,1076,2464,1968,520,520,484,502,502,452,903,892,681,592,550,351,70,198,5163,4039
53033004202,"Census Tract 42.02, King County, Washington",223,0,0,131,92,3482,0,0,187,269,130,1184,1712,3482,2896,659,659,602,1035,1035,984,1287,1287,933,501,501,377,0,187,7187,5884
53033004301,"Census Tract 43.01, King County, Washington",747,64,131,439,113,2148,0,9,108,264,91,809,867,2139,1676,597,597,477,543,543,442,627,618,494,381,381,263,73,239,4961,3465
53033004302,"Census Tract 43.02, King County, Washington",2827,37,461,1971,358,1458,9,0,212,246,67,468,456,1449,924,830,830,488,200,200,134,164,155,109,264,264,193,46,673,5688,2206
53033004401,"Census Tract 44.01, King County, Washington",1328,94,307,560,367,2131,31,41,144,263,40,809,803,2059,1612,793,793,612,373,327,240,633,607,493,332,332,267,166,451,5352,3591
53033004402,"Census Tract 44.02, King County, Washington",1352,34,188,732,398,1745,42,0,69,308,117,838,371,1703,1209,1030,1030,797,351,351,263,203,161,83,161,161,66,76,257,4724,2816
53033004500,"Census Tract 45, King County, Washington",637,0,58,499,80,2315,6,20,75,203,148,953,910,2289,1863,966,958,820,483,471,454,627,627,399,239,233,190,26,133,5215,3806
53033004600,"Census Tract 46, King County, Washington",171,25,27,30,89,2717,39,19,111,266,76,1364,842,2659,2206,883,851,687,568,560,502,754,736,627,512,512,390,83,138,5464,4501
53033004701,"Census Tract 47.01, King County, Washington",484,4,0,21,459,2686,0,69,208,349,117,981,962,2617,1943,1166,1099,952,531,529,461,553,553,273,436,436,257,73,208,5714,4345
53033004702,"Census Tract 47.02, King County, Washington",205,0,26,100,79,2858,0,7,101,226,76,1539,909,2851,2448,1686,1686,1538,456,449,369,392,392,361,324,324,180,7,127,5907,4975
53033004703,"Census Tract 47.03, King County, Washington",470,0,0,40,430,2984,50,0,269,439,27,1300,899,2934,2199,1662,1662,1322,476,476,354,556,556,433,290,240,90,50,269,6338,4828
53033004800,"Census Tract 48, King County, Washington",157,9,27,47,74,4107,0,31,356,421,183,1522,1594,4076,3116,1604,1588,1211,992,992,865,1076,1076,794,435,420,246,40,383,8300,6306
53033004901,"Census Tract 49.01, King County, Washington",725,0,46,167,512,3025,24,43,320,301,117,1268,952,2958,2220,1148,1148,950,857,815,549,607,592,469,413,403,252,67,366,6641,4952
53033004902,"Census Tract 49.02, King County, Washington",528,0,32,85,411,2533,43,0,96,306,52,1284,752,2490,2036,1286,1286,1163,516,516,372,542,542,369,189,146,132,43,128,5508,4483
53033005000,"Census Tract 50, King County, Washington",319,46,45,65,163,3485,27,66,184,366,134,1330,1378,3392,2708,1792,1751,1490,619,610,408,752,725,645,322,306,165,139,229,7057,5579
53033005100,"Census Tract 51, King County, Washington",201,55,42,59,45,2872,24,64,184,250,90,1329,931,2784,2260,846,837,705,612,593,510,1043,989,790,371,365,255,143,226,5714,4565
53033005201,"Census Tract 52.01, King County, Washington",714,33,65,374,242,2641,0,16,48,362,484,834,897,2625,1731,1274,1258,717,371,371,330,756,756,459,240,240,225,49,113,5931,3704
53033005202,"Census Tract 52.02, King County, Washington",1612,0,138,789,685,1351,15,0,130,132,28,625,421,1336,1046,1116,1101,963,128,128,35,95,95,48,12,12,0,15,268,4284,2777
53033005303,"Census Tract 53.03, King County, Washington",3459,0,1021,2315,123,139,0,27,4,27,10,29,42,112,71,96,69,63,35,35,8,8,8,0,0,0,0,27,1025,3683,265
53033005304,"Census Tract 53.04, King County, Washington",3283,18,1112,2053,100,158,0,9,9,26,8,69,37,149,106,107,107,81,17,17,17,34,25,8,0,0,0,27,1121,3563,312
53033005305,"Census Tract 53.05, King County, Washington",1198,37,198,746,217,821,4,44,21,222,22,267,241,773,508,499,499,409,141,102,69,114,105,30,67,67,0,85,219,2707,1233
53033005306,"Census Tract 53.06, King County, Washington",1823,17,227,1169,410,1625,31,12,72,292,198,451,569,1582,1020,1332,1312,898,46,46,30,143,143,42,104,81,50,60,299,4970,2450
53033005307,"Census Tract 53.07, King County, Washington",2987,40,700,2078,169,174,0,0,21,23,17,88,25,174,113,91,91,62,37,37,26,13,13,13,33,33,12,40,721,3295,395
53033005401,"Census Tract 54.01, King County, Washington",254,0,42,42,170,2701,4,10,87,151,42,1540,867,2687,2407,1505,1505,1383,476,472,412,524,514,428,196,196,184,14,129,5628,4984
53033005402,"Census Tract 54.02, King County, Washington",350,0,39,182,129,2519,21,0,78,227,110,989,1094,2498,2083,1173,1173,994,370,370,315,761,740,618,215,215,156,21,117,5346,4295
53033005600,"Census Tract 56, King County, Washington",88,0,28,49,11,5226,37,0,326,585,413,1834,2031,5189,3865,244,244,164,1230,1230,874,2276,2256,1818,1476,1459,1009,37,354,10466,7741
53033005700,"Census Tract 57, King County, Washington",240,0,29,168,43,4829,54,15,313,561,203,2105,1578,4760,3683,1012,1012,901,1061,1047,939,1818,1789,1225,938,912,618,69,342,9760,7409
53033005801,"Census Tract 58.01, King County, Washington",300,9,16,82,193,5273,13,0,319,539,419,2413,1570,5260,3983,2092,2092,1706,1464,1464,1198,1132,1119,793,585,585,286,22,335,10811,8159
53033005803,"Census Tract 58.03, King County, Washington",69,0,13,10,46,2758,38,53,152,441,98,1101,875,2667,1976,1113,1097,980,689,656,461,648,633,374,308,281,161,91,165,5403,3998
53033005804,"Census Tract 58.04, King County, Washington",160,0,46,82,32,2007,12,16,97,268,260,853,501,1979,1354,1052,1024,798,298,298,225,394,394,186,263,263,145,28,143,4118,2740
53033005901,"Census Tract 59.01, King County, Washington",1841,44,174,1522,101,1947,0,0,152,156,11,1026,602,1947,1628,825,825,655,367,367,346,619,619,513,136,136,114,44,326,5691,3357
53033005902,"Census Tract 59.02, King County, Washington",282,48,11,72,151,2878,20,16,16,436,243,1192,955,2842,2147,963,963,722,620,620,467,940,936,676,355,323,282,84,27,5918,4445
53033006000,"Census Tract 60, King County, Washington",503,12,28,355,108,4962,32,66,380,906,224,1952,1402,4864,3354,1852,1820,1320,1154,1154,698,1290,1247,862,666,643,474,110,408,10219,6816
53033006100,"Census Tract 61, King County, Washington",242,0,32,66,144,4808,15,0,176,511,128,1960,2018,4793,3978,1787,1787,1598,1099,1099,939,1245,1245,871,677,662,570,15,208,9828,8100
53033006200,"Census Tract 62, King County, Washington",287,26,63,75,123,3260,40,0,156,207,144,1156,1557,3220,2713,704,704,657,531,531,443,1305,1275,1079,720,710,534,66,219,6701,5549
53033006300,"Census Tract 63, King County, Washington",173,0,0,125,48,4211,2,26,56,351,185,1862,1729,4183,3591,518,506,413,994,994,857,1683,1683,1474,1016,1000,847,28,56,8539,7230
53033006400,"Census Tract 64, King County, Washington",293,15,135,48,95,2617,18,15,96,149,68,1186,1085,2584,2271,647,632,540,325,325,282,1016,998,923,629,629,526,48,231,5446,4637
53033006500,"Census Tract 65, King County, Washington",278,24,22,78,154,4127,0,57,101,321,185,1967,1496,4070,3463,1515,1515,1340,1035,1035,923,980,934,690,597,586,510,81,123,8394,7080
53033006600,"Census Tract 66, King County, Washington",322,0,15,111,196,3770,0,0,80,361,47,2091,1191,3770,3282,2228,2228,2066,691,691,565,644,644,453,207,207,198,0,95,7862,6760
53033006701,"Census Tract 67.01, King County, Washington",207,0,0,62,145,3081,0,0,0,19,199,1330,1533,3081,2863,2418,2418,2338,396,396,396,249,249,129,18,18,0,0,0,6369,5871
53033006702,"Census Tract 67.02, King County, Washington",239,0,28,61,150,2532,0,0,118,290,42,1441,641,2532,2082,1352,1352,1265,638,638,542,268,268,95,274,274,180,0,146,5303,4314
53033006703,"Census Tract 67.03, King County, Washington",177,17,0,33,127,2648,0,15,194,490,215,808,926,2633,1734,687,687,485,604,604,473,947,932,540,410,410,236,32,194,5426,3595
53033006800,"Census Tract 68, King County, Washington",208,10,22,8,168,2425,0,15,33,165,185,1082,945,2410,2027,604,604,587,525,525,493,869,869,625,427,412,322,25,55,5018,4222
53033006900,"Census Tract 69, King County, Washington",331,70,0,39,222,3609,35,10,212,412,228,1656,1056,3564,2712,998,963,682,886,886,728,1093,1093,807,632,622,495,115,212,7389,5646
53033007001,"Census Tract 70.01, King County, Washington",25,0,0,0,25,3518,10,26,201,570,290,1570,851,3482,2421,969,969,733,772,772,464,979,978,608,798,763,616,36,201,6989,4867
53033007002,"Census Tract 70.02, King County, Washington",315,22,115,59,119,3075,37,0,290,488,155,1289,816,3038,2105,1394,1371,991,483,469,293,867,867,529,331,331,292,59,405,6369,4329
53033007101,"Census Tract 71.01, King County, Washington",166,3,3,30,130,2534,8,28,126,366,299,1036,671,2498,1707,1336,1333,1067,615,612,336,496,475,239,87,78,65,39,129,5159,3544
53033007102,"Census Tract 71.02, King County, Washington",310,0,90,31,189,2228,30,17,102,402,95,750,832,2181,1582,1289,1255,1080,248,248,113,388,375,218,303,303,171,47,192,4672,3353
53033007201,"Census Tract 72.01, King County, Washington",354,72,85,21,176,4845,74,106,174,247,334,2073,1837,4665,3910,2476,2476,2075,578,578,498,940,866,624,851,745,713,252,259,9612,7996
53033007202,"Census Tract 72.02, King County, Washington",307,0,70,55,182,3147,72,0,210,375,0,1066,1424,3075,2490,1811,1811,1721,563,563,431,589,589,273,184,112,65,72,280,6457,5162
53033007203,"Census Tract 72.03, King County, Washington",317,0,48,134,135,2538,139,0,142,255,91,1065,846,2399,1911,1300,1300,1181,605,605,458,494,494,272,139,0,0,139,190,5115,3957
53033007301,"Census Tract 73.01, King County, Washington",736,0,0,129,607,1922,0,40,53,305,305,685,534,1882,1219,1194,1194,878,408,408,263,225,199,18,95,81,60,40,53,4500,3045
53033007302,"Census Tract 73.02, King County, Washington",328,0,17,45,266,4064,54,73,261,318,219,1098,2041,3937,3139,2044,2027,1902,887,887,557,980,896,618,153,127,62,127,278,8202,6544
53033007303,"Census Tract 73.03, King County, Washington",284,0,0,0,284,2292,1,0,181,178,69,771,1092,2291,1863,1348,1348,1263,134,134,109,309,309,127,501,500,364,1,181,4866,4010
53033007403,"Census Tract 74.03, King County, Washington",157,0,3,60,94,2535,10,0,71,257,135,1360,702,2525,2062,1654,1654,1455,488,478,406,317,317,175,76,76,26,10,74,5207,4218
53033007404,"Census Tract 74.04, King County, Washington",196,0,17,72,107,2807,33,48,92,253,140,1315,926,2726,2241,1731,1650,1347,501,501,406,510,510,438,65,65,50,81,109,5648,4589
53033007405,"Census Tract 74.05, King County, Washington",400,0,17,191,192,2052,244,0,90,363,189,816,350,1808,1166,1133,1133,730,501,323,266,303,303,170,115,49,0,244,107,4016,2524
53033007406,"Census Tract 74.06, King County, Washington",360,16,42,16,286,2054,12,0,133,334,76,814,685,2042,1499,1217,1217,982,328,316,235,369,369,178,140,140,104,28,175,4428,3284
53033007501,"Census Tract 75.01, King County, Washington",282,0,0,190,92,3497,102,3,494,398,96,1129,1275,3392,2404,1421,1421,1392,809,809,419,812,771,299,455,391,294,105,494,7066,4900
53033007502,"Census Tract 75.02, King County, Washington",216,0,0,55,161,2031,0,0,144,203,100,1259,325,2031,1584,1140,1140,989,615,615,525,179,179,70,97,97,0,0,144,4278,3329
53033007503,"Census Tract 75.03, King County, Washington",497,0,0,259,238,1778,0,0,181,147,111,913,426,1778,1339,1056,1056,832,391,391,363,331,331,144,0,0,0,0,181,4053,2916
53033007600,"Census Tract 76, King County, Washington",619,188,39,124,268,3533,43,20,262,230,96,1278,1604,3470,2882,1368,1361,1230,770,770,661,968,912,705,427,427,286,251,301,7371,6032
53033007700,"Census Tract 77, King County, Washington",585,21,46,303,215,4346,24,32,409,428,283,1668,1502,4290,3170,1491,1491,1193,878,878,657,1370,1318,920,607,603,400,77,455,9144,6555
53033007800,"Census Tract 78, King County, Washington",649,93,82,183,291,4215,33,85,193,371,117,1768,1648,4097,3416,858,858,628,864,849,771,1444,1378,1241,1049,1012,776,211,275,8750,7123
53033007901,"Census Tract 79.01, King County, Washington",307,25,10,26,246,2613,8,50,158,451,54,1173,719,2555,1892,795,785,736,709,709,462,655,647,462,454,414,232,83,168,5392,4030
53033007902,"Census Tract 79.02, King County, Washington",392,0,0,64,328,2881,0,11,109,648,134,1182,797,2870,1979,1566,1566,1253,468,468,367,564,553,251,283,283,108,11,109,6132,4286
53033008002,"Census Tract 80.02, King County, Washington",344,8,72,104,160,3586,39,59,395,512,124,1390,1067,3488,2457,1351,1347,1197,666,666,447,1028,959,460,541,516,353,106,467,7312,5074
53033008003,"Census Tract 80.03, King County, Washington",162,0,20,25,117,3852,94,80,373,381,71,1454,1399,3678,2853,1673,1591,1366,629,629,542,1223,1131,675,327,327,270,174,393,7518,5823
53033008004,"Census Tract 80.04, King County, Washington",121,0,0,0,121,2941,0,0,79,244,136,1257,1225,2941,2482,1362,1362,1269,733,733,602,658,658,469,188,188,142,0,79,6003,5085
53033008101,"Census Tract 81.01, King County, Washington",140,0,14,72,54,2385,141,24,186,537,110,931,456,2220,1387,742,742,586,364,364,275,667,643,353,612,471,173,165,200,4580,2828
53033008102,"Census Tract 81.02, King County, Washington",192,0,80,40,72,2315,111,145,267,430,86,745,531,2059,1276,663,657,532,573,554,337,836,669,273,243,179,134,256,347,4310,2624
53033008200,"Census Tract 82, King County, Washington",720,0,0,132,588,3344,2,3,211,581,88,1582,877,3339,2459,1672,1671,1403,503,501,330,583,581,293,586,586,433,5,211,7398,5506
53033008300,"Census Tract 83, King County, Washington",585,0,111,66,408,2649,180,44,185,402,116,756,966,2425,1722,1206,1206,1036,356,331,157,637,601,380,450,287,149,224,296,5435,3852
53033008401,"Census Tract 84.01, King County, Washington",404,0,155,129,120,2508,0,112,226,491,160,724,795,2396,1519,1272,1267,940,308,308,122,424,362,252,504,459,205,112,381,5196,3158
53033008402,"Census Tract 84.02, King County, Washington",348,0,37,138,173,2226,0,33,190,386,88,1124,405,2193,1529,1257,1224,967,428,428,249,510,510,313,31,31,0,33,227,4734,3231
53033008500,"Census Tract 85, King County, Washington",586,115,139,107,225,3716,110,285,824,685,214,992,606,3321,1598,1550,1400,730,612,524,139,807,725,246,747,672,483,510,963,7113,3421
53033008600,"Census Tract 86, King County, Washington",2794,41,367,1935,451,3859,29,128,236,634,397,1378,1057,3702,2435,2283,2276,1569,622,583,420,831,734,341,123,109,105,198,603,10157,5321
53033008700,"Census Tract 87, King County, Washington",671,12,49,233,377,3417,81,59,326,563,302,1175,911,3277,2086,1678,1622,1019,666,666,479,726,667,411,347,322,177,152,375,7213,4549
53033008800,"Census Tract 88, King County, Washington",180,0,104,9,67,3249,125,38,274,415,96,1258,1043,3086,2301,1154,1134,1060,839,755,557,911,852,562,345,345,122,163,378,6352,4669
53033008900,"Census Tract 89, King County, Washington",342,62,13,195,72,4587,168,206,533,385,306,1654,1335,4213,2989,1056,993,829,926,926,561,1686,1638,1082,919,656,517,436,546,8706,6050
53033009000,"Census Tract 90, King County, Washington",270,7,119,15,129,3044,173,76,381,602,116,1217,479,2795,1696,1260,1260,967,515,475,356,562,492,209,707,568,164,256,500,5853,3521
53033009100,"Census Tract 91, King County, Washington",112,0,10,9,93,2428,683,172,308,213,168,697,187,1573,884,785,785,509,251,203,119,475,256,104,917,329,152,855,318,3258,1861
53033009200,"Census Tract 92, King County, Washington",235,58,30,95,52,2401,229,231,407,517,126,671,220,1941,891,758,703,301,391,362,227,830,624,294,422,252,69,518,437,4059,1834
53033009300,"Census Tract 93, King County, Washington",283,21,92,116,54,2543,24,74,362,411,188,885,599,2445,1484,804,777,568,510,510,379,745,697,316,484,461,221,119,454,5152,3022
53033009400,"Census Tract 94, King County, Washington",383,0,71,70,242,5590,596,99,488,566,385,2041,1415,4895,3456,2103,1970,1395,1134,1001,842,1163,936,523,1190,988,696,695,559,10173,7154
53033009500,"Census Tract 95, King County, Washington",291,36,100,62,93,5139,152,47,558,605,434,1723,1620,4940,3343,970,928,626,1069,1069,728,2053,1995,1369,1047,948,620,235,658,10135,6779
53033009600,"Census Tract 96, King County, Washington",71,14,10,47,0,4827,118,18,255,709,210,1948,1569,4691,3517,1105,1074,884,952,952,869,1784,1737,1224,986,928,540,150,265,9439,7034
53033009701,"Census Tract 97.01, King County, Washington",346,57,29,145,115,4789,0,86,566,639,275,1727,1496,4703,3223,793,793,605,1002,1002,676,1828,1828,1381,1166,1080,561,143,595,9695,6561
53033009702,"Census Tract 97.02, King County, Washington",461,45,20,117,279,3871,0,0,241,501,336,1559,1234,3871,2793,515,515,428,826,826,663,1791,1791,1234,739,739,468,45,261,8158,5865
53033009801,"Census Tract 98.01, King County, Washington",202,43,38,110,11,2431,25,61,181,426,175,1027,536,2345,1563,741,716,657,483,483,379,891,830,526,316,316,1,129,219,4849,3137
53033009802,"Census Tract 98.02, King County, Washington",61,0,18,26,17,3158,18,35,338,567,98,1371,731,3105,2102,694,694,482,1001,1001,832,925,887,542,538,523,246,53,356,6271,4221
53033009900,"Census Tract 99, King County, Washington",259,117,0,72,70,4726,42,125,650,982,488,1512,927,4559,2439,1422,1422,977,1237,1230,611,1538,1449,666,529,458,185,284,650,9260,4948
53033010001,"Census Tract 100.01, King County, Washington",520,51,148,269,52,2725,417,155,414,488,198,584,469,2153,1053,686,629,411,521,374,198,984,799,318,534,351,126,623,562,4775,2158
53033010002,"Census Tract 100.02, King County, Washington",312,30,78,72,132,3890,269,153,476,550,223,1476,743,3468,2219,1322,1302,990,967,864,546,854,683,472,747,619,211,452,554,7218,4570
53033010101,"Census Tract 101.01, King County, Washington",519,125,182,172,40,2627,249,91,283,614,126,682,582,2287,1264,428,410,316,906,826,391,795,705,462,498,346,95,465,465,4968,2568
53033010102,"Census Tract 101.02, King County, Washington",256,14,140,102,0,3640,56,120,642,302,74,1472,974,3464,2446,998,923,595,811,803,659,1129,1111,807,702,627,385,190,782,7170,4892
53033010200,"Census Tract 102, King County, Washington",168,48,58,36,26,3923,68,49,293,567,285,1484,1177,3806,2661,738,738,558,638,629,493,1671,1603,1207,876,836,403,165,351,7732,5348
53033010301,"Census Tract 103.01, King County, Washington",186,7,74,11,94,3060,90,116,821,342,172,523,996,2854,1519,728,721,418,577,569,409,1392,1288,593,363,276,99,213,895,5887,3132
53033010302,"Census Tract 103.02, King County, Washington",74,0,0,15,59,2692,62,27,177,127,88,1106,1105,2603,2211,1403,1385,1253,324,324,313,781,710,518,184,184,127,89,177,5280,4481
53033010401,"Census Tract 104.01, King County, Washington",337,74,11,198,54,3230,333,190,553,443,230,904,577,2707,1481,792,726,575,662,581,370,1147,998,395,629,402,141,597,564,5677,3016
53033010402,"Census Tract 104.02, King County, Washington",268,5,104,84,75,3595,423,161,856,640,352,790,373,3011,1163,665,617,327,910,754,356,1121,922,284,899,718,196,589,960,6285,2401
53033010501,"Census Tract 105.01, King County, Washington",285,0,29,136,120,3329,67,71,429,462,107,1535,658,3191,2193,1023,977,678,948,948,685,857,857,558,501,409,272,138,458,6667,4506
53033010502,"Census Tract 105.02, King County, Washington",228,0,113,57,58,5020,0,109,733,817,367,1708,1286,4911,2994,1403,1403,975,1427,1427,938,1326,1239,707,864,842,374,109,846,10050,6046
53033010601,"Census Tract 106.01, King County, Washington",157,34,62,41,20,3690,86,68,174,582,467,1332,981,3536,2313,964,964,704,1071,1003,668,1047,961,588,608,608,353,188,236,7195,4646
53033010602,"Census Tract 106.02, King County, Washington",98,14,69,0,15,3196,35,10,223,581,202,1527,618,3151,2145,849,849,530,580,570,393,1250,1235,867,517,497,355,59,292,6386,4305
53033010701,"Census Tract 107.01, King County, Washington",100,0,6,48,46,3217,106,114,741,492,272,964,528,2997,1492,1002,946,635,804,789,384,1125,1049,416,286,213,57,220,747,6094,3030
53033010702,"Census Tract 107.02, King County, Washington",327,26,45,202,54,3058,243,93,526,415,265,896,620,2722,1516,1089,1039,664,967,898,525,624,503,235,378,282,92,362,571,5745,3086
53033010800,"Census Tract 108, King County, Washington",275,62,4,195,14,3511,123,27,572,565,358,1166,700,3361,1866,905,900,632,902,897,496,1233,1169,567,471,395,171,212,576,6935,3746
53033010900,"Census Tract 109, King County, Washington",13,0,0,13,0,1032,27,53,149,206,84,391,122,952,513,304,297,210,275,275,206,304,256,91,149,124,6,80,149,1917,1026
53033011001,"Census Tract 110.01, King County, Washington",449,106,70,215,58,3697,786,302,688,711,153,662,395,2609,1057,974,852,377,462,378,123,1407,921,430,854,458,127,1194,758,5561,2172
53033011002,"Census Tract 110.02, King County, Washington",553,31,158,295,69,2826,401,123,1056,463,202,415,166,2302,581,625,623,232,496,388,66,1033,756,180,672,535,103,555,1214,5126,1231
53033011101,"Census Tract 111.01, King County, Washington",386,22,70,172,122,4101,376,300,904,740,366,784,631,3425,1415,1217,1157,524,828,719,396,1391,1210,439,665,339,56,698,974,7214,2952
53033011102,"Census Tract 111.02, King County, Washington",166,10,28,27,101,4099,99,3,851,571,293,1391,891,3997,2282,1355,1355,763,473,460,327,1502,1429,745,769,753,447,112,879,8150,4665
53033011200,"Census Tract 112, King County, Washington",248,122,16,96,14,2704,311,234,780,402,199,588,190,2159,778,680,636,287,495,395,131,1101,840,293,428,288,67,667,796,4444,1570
53033011300,"Census Tract 113, King County, Washington",282,0,24,203,55,4818,196,152,696,954,638,1264,918,4470,2182,1388,1278,796,943,943,633,1365,1275,400,1122,974,353,348,720,9222,4419
53033011401,"Census Tract 114.01, King County, Washington",515,73,128,208,106,3767,55,244,638,1009,487,881,453,3468,1334,1367,1329,723,669,599,286,1242,1099,259,489,441,66,372,766,7378,2774
53033011402,"Census Tract 114.02, King County, Washington",340,23,143,162,12,3132,154,208,749,586,272,772,391,2770,1163,994,871,452,668,655,260,1106,964,304,364,280,147,385,892,5857,2338
53033011500,"Census Tract 115, King County, Washington",116,22,31,23,40,3443,15,59,331,712,400,1199,727,3369,1926,611,604,367,948,938,600,1344,1322,745,540,505,214,96,362,6832,3892
53033011601,"Census Tract 116.01, King County, Washington",90,11,39,16,24,2523,52,31,207,243,71,1214,705,2440,1919,291,287,185,646,646,505,995,970,806,591,537,423,94,246,4959,3862
53033011602,"Census Tract 116.02, King County, Washington",156,38,37,37,44,2543,0,53,303,297,134,1366,390,2490,1756,344,344,241,680,680,538,1073,1025,665,446,441,312,91,340,5098,3556
53033011700,"Census Tract 117, King County, Washington",456,77,50,163,166,4162,452,530,1093,851,256,692,288,3180,980,830,773,312,529,451,160,1742,1256,309,1061,700,199,1059,1143,6739,2126
53033011801,"Census Tract 118.01, King County, Washington",392,136,35,156,65,2177,296,90,229,310,166,822,264,1791,1086,678,651,347,527,449,359,791,558,342,181,133,38,522,264,3838,2237
53033011802,"Census Tract 118.02, King County, Washington",122,23,36,63,0,3190,266,84,514,589,459,826,452,2840,1278,657,573,272,679,597,289,1172,1068,465,682,602,252,373,550,5779,2556
53033011901,"Census Tract 119.01, King County, Washington",306,57,0,80,169,3210,208,255,853,703,255,525,411,2747,936,670,561,187,433,430,208,1456,1264,304,651,492,237,520,853,5743,2041
53033011902,"Census Tract 119.02, King County, Washington",22,0,21,0,1,2509,156,98,373,663,308,653,258,2255,911,576,499,374,550,550,159,889,781,283,494,425,95,254,394,4532,1823
53033012000,"Census Tract 120, King County, Washington",90,16,24,50,0,2551,24,85,280,532,212,857,561,2442,1418,447,423,310,568,559,383,1083,1048,589,453,412,136,125,304,4958,2836
53033012100,"Census Tract 121, King County, Washington",66,18,8,19,21,2110,0,46,128,340,122,1021,453,2064,1474,140,119,87,512,512,427,850,848,643,608,585,317,64,136,4176,2969
53033020100,"Census Tract 201, King County, Washington",149,14,19,18,98,2552,25,26,164,450,137,1037,713,2501,1750,221,221,131,314,314,256,1027,1004,778,990,962,585,65,183,5137,3598
53033020200,"Census Tract 202, King County, Washington",184,33,18,117,16,4273,47,210,648,781,413,1194,980,4016,2174,511,511,286,749,690,428,1627,1437,819,1386,1378,641,290,666,8183,4364
53033020301,"Census Tract 203.01, King County, Washington",297,69,0,146,82,2690,124,79,412,560,199,828,488,2487,1316,710,671,281,393,380,148,1022,940,605,565,496,282,272,412,5202,2714
53033020302,"Census Tract 203.02, King County, Washington",166,9,33,124,0,3035,57,165,453,602,386,880,492,2813,1372,717,702,387,502,452,185,924,870,407,892,789,393,231,486,5783,2744
53033020401,"Census Tract 204.01, King County, Washington",186,0,58,59,69,2975,88,70,515,706,480,784,332,2817,1116,793,793,254,648,557,288,1056,1015,344,478,452,230,158,573,5820,2301
53033020402,"Census Tract 204.02, King County, Washington",409,98,160,110,41,3932,55,62,486,481,595,1249,1004,3815,2253,881,852,527,664,664,321,1506,1435,848,881,864,557,215,646,7941,4547
53033020500,"Census Tract 205, King County, Washington",479,73,83,253,70,5530,258,148,885,920,559,1831,929,5124,2760,1284,1284,826,1166,1061,617,1805,1717,830,1275,1062,487,479,968,10654,5590
53033020600,"Census Tract 206, King County, Washington",236,31,66,97,42,2699,67,45,336,690,284,976,301,2587,1277,362,350,269,816,816,360,996,941,403,525,480,245,143,402,5379,2596
53033020700,"Census Tract 207, King County, Washington",285,24,35,181,45,3037,10,142,519,552,339,1048,427,2885,1475,556,528,302,674,670,416,1309,1230,524,498,457,233,176,554,6031,2995
53033020800,"Census Tract 208, King County, Washington",312,7,77,133,95,3343,31,93,396,519,273,1146,885,3219,2031,305,305,176,512,491,317,1416,1389,914,1110,1034,624,131,473,6743,4157
53033020900,"Census Tract 209, King County, Washington",114,17,48,31,18,2662,24,29,262,417,147,981,802,2609,1783,527,527,362,622,622,438,736,700,481,777,760,502,70,310,5315,3584
53033021000,"Census Tract 210, King County, Washington",207,0,101,62,44,4841,240,220,722,1073,409,1219,958,4381,2177,1079,1042,448,910,910,588,1500,1396,625,1352,1033,516,460,823,8969,4398
53033021100,"Census Tract 211, King County, Washington",247,8,61,107,71,3376,6,114,581,497,256,1311,611,3256,1922,709,698,513,823,802,445,1002,946,562,842,810,402,128,642,6751,3915
53033021300,"Census Tract 213, King County, Washington",576,0,10,383,183,3120,50,123,332,435,359,925,896,2947,1821,701,690,491,403,357,284,1236,1127,627,780,773,419,173,342,6470,3825
53033021400,"Census Tract 214, King County, Washington",212,47,72,56,37,2945,0,0,267,513,203,1153,809,2945,1962,349,349,245,470,470,386,1357,1357,772,769,769,559,47,339,6055,3961
53033021500,"Census Tract 215, King County, Washington",164,58,36,47,23,3626,16,46,334,519,221,1373,1117,3564,2490,812,795,524,554,554,443,1496,1481,1078,764,734,445,120,370,7234,5003
53033021600,"Census Tract 216, King County, Washington",149,6,83,60,0,3816,27,36,435,686,337,1422,873,3753,2295,773,762,485,817,809,537,1274,1257,700,952,925,573,69,518,7649,4590
53033021701,"Census Tract 217.01, King County, Washington",255,48,107,73,27,3542,36,67,634,424,316,1152,913,3439,2065,930,909,474,762,762,595,1099,1050,546,751,718,450,151,741,7085,4157
53033021702,"Census Tract 217.02, King County, Washington",261,64,90,46,61,3804,180,18,514,696,371,1378,647,3606,2025,1010,972,573,744,744,489,1297,1198,575,753,692,388,262,604,7409,4111
53033021802,"Census Tract 218.02, King County, Washington",682,143,163,263,113,4059,217,105,720,687,229,1435,666,3737,2101,934,916,618,1091,1053,637,1437,1214,646,597,554,200,465,883,8013,4315
53033021803,"Census Tract 218.03, King County, Washington",203,0,13,171,19,4222,45,54,551,819,366,1518,869,4123,2387,768,740,485,1047,1047,657,1633,1607,863,774,729,382,99,564,8449,4793
53033021804,"Census Tract 218.04, King County, Washington",620,62,194,311,53,3428,182,90,157,589,386,1187,837,3156,2024,890,705,590,618,618,574,1233,1146,541,687,687,319,334,351,6870,4101
53033021903,"Census Tract 219.03, King County, Washington",393,74,46,156,117,4482,136,152,862,770,386,1382,794,4194,2176,861,826,398,932,910,591,1663,1540,744,1026,918,443,362,908,8707,4469
53033021904,"Census Tract 219.04, King County, Washington",405,35,128,179,63,3790,147,97,526,674,309,1248,789,3546,2037,723,703,490,1113,1028,680,1405,1333,590,549,482,277,279,654,7462,4137
53033021905,"Census Tract 219.05, King County, Washington",247,0,46,151,50,4308,0,89,806,568,552,1595,698,4219,2293,967,917,486,1007,974,674,1481,1475,785,853,853,348,89,852,8685,4636
53033021906,"Census Tract 219.06, King County, Washington",231,20,100,100,11,3515,58,112,344,565,324,1278,834,3345,2112,622,559,358,923,886,628,1465,1414,892,505,486,234,190,444,6901,4235
53033022001,"Census Tract 220.01, King County, Washington",260,53,71,70,66,4385,45,186,499,743,347,1713,852,4154,2565,863,755,410,778,766,596,1349,1254,797,1395,1379,762,284,570,8515,5196
53033022003,"Census Tract 220.03, King County, Washington",360,19,98,124,119,3962,78,94,628,532,306,1763,561,3790,2324,1259,1175,860,831,793,476,1319,1286,781,553,536,207,191,726,7921,4767
53033022005,"Census Tract 220.05, King County, Washington",335,11,12,245,67,3524,64,21,476,825,289,1326,523,3439,1849,910,890,653,970,970,611,896,896,363,748,683,222,96,488,7202,3765
53033022006,"Census Tract 220.06, King County, Washington",241,0,9,160,72,3373,49,61,327,605,181,1378,772,3263,2150,1015,1008,826,907,882,603,827,790,353,624,583,368,110,336,6767,4372
53033022101,"Census Tract 221.01, King County, Washington",277,20,108,109,40,3735,103,72,309,701,329,1384,837,3560,2221,599,587,424,810,775,504,1396,1286,817,930,912,476,195,417,7377,4482
53033022102,"Census Tract 221.02, King County, Washington",293,96,79,85,33,4540,32,158,458,684,550,1384,1274,4350,2658,1027,1027,558,953,925,659,2024,1916,1235,536,482,206,286,537,8897,5349
53033022201,"Census Tract 222.01, King County, Washington",392,25,181,130,56,3549,26,164,656,875,427,854,547,3359,1401,892,855,325,849,841,468,1152,1074,419,656,589,189,215,837,7085,2858
53033022203,"Census Tract 222.03, King County, Washington",378,11,19,196,152,3659,0,21,310,554,132,1483,1159,3638,2642,524,512,423,892,892,718,1591,1582,1152,652,652,349,32,329,7643,5436
53033022204,"Census Tract 222.04, King County, Washington",140,3,0,84,53,2465,13,21,396,407,194,842,592,2431,1434,476,476,341,680,668,535,829,812,388,480,475,170,37,396,4999,2921
53033022205,"Census Tract 222.05, King County, Washington",461,16,66,50,329,2943,89,0,219,407,289,1234,705,2854,1939,1155,1142,1005,745,745,484,535,523,306,508,444,144,105,285,6153,4207
53033022300,"Census Tract 223, King County, Washington",100,0,65,24,11,1993,22,10,163,305,93,873,527,1961,1400,180,180,138,279,271,242,971,957,747,563,553,273,32,228,4022,2811
53033022401,"Census Tract 224.01, King County, Washington",167,0,37,104,26,2519,0,118,114,290,103,1248,646,2401,1894,550,550,486,668,653,474,889,889,720,412,309,214,118,151,4969,3814
53033022402,"Census Tract 224.02, King County, Washington",439,30,80,212,117,4057,122,26,200,370,113,1985,1241,3909,3226,750,750,563,861,861,790,1569,1543,1325,877,755,548,178,280,8227,6569
53033022501,"Census Tract 225.01, King County, Washington",233,10,120,89,14,3200,71,82,223,352,170,884,1418,3047,2302,492,474,338,940,903,806,1328,1276,866,440,394,292,163,343,6317,4618
53033022502,"Census Tract 225.02, King County, Washington",122,0,34,74,14,3164,0,0,313,642,211,1087,911,3164,1998,795,795,585,612,612,433,845,845,496,912,912,484,0,347,6450,4010
53033022603,"Census Tract 226.03, King County, Washington",365,0,148,140,77,4682,46,63,354,975,195,1878,1171,4573,3049,1463,1463,1083,936,936,665,1588,1566,1069,695,608,232,109,502,9511,6175
53033022604,"Census Tract 226.04, King County, Washington",386,62,121,160,43,3387,22,24,167,536,254,1407,977,3341,2384,725,725,551,887,887,687,1153,1130,817,622,599,329,108,288,7006,4811
53033022605,"Census Tract 226.05, King County, Washington",611,1,98,315,197,5282,103,292,701,1081,391,1776,938,4887,2714,2022,2006,1281,982,904,562,1519,1426,721,759,551,150,396,799,10384,5625
53033022606,"Census Tract 226.06, King County, Washington",310,0,81,186,43,4700,49,61,697,866,223,1539,1265,4590,2804,1009,1009,724,1233,1184,979,1580,1519,785,878,878,316,110,778,9490,5651
53033022701,"Census Tract 227.01, King County, Washington",265,10,41,42,172,2628,4,37,92,328,257,1135,775,2587,1910,606,599,506,542,542,445,967,950,680,513,496,279,51,133,5429,3992
53033022702,"Census Tract 227.02, King County, Washington",805,22,158,556,69,2587,67,22,173,263,102,1107,853,2498,1960,490,490,376,558,491,430,1081,1072,828,458,445,326,111,331,5779,3989
53033022703,"Census Tract 227.03, King County, Washington",143,0,20,74,49,1917,5,23,136,195,213,827,518,1889,1345,307,302,227,477,477,412,626,608,416,507,502,290,28,156,3921,2739
53033022802,"Census Tract 228.02, King County, Washington",420,13,67,303,37,4417,41,34,418,232,576,1773,1343,4342,3116,1141,1141,830,1101,1101,934,1389,1352,843,786,748,509,88,485,9091,6269
53033022803,"Census Tract 228.03, King County, Washington",456,0,207,71,178,5257,78,43,389,350,189,2144,2064,5136,4208,1898,1874,1625,1666,1666,1453,1153,1133,910,540,463,220,121,596,10728,8594
53033022804,"Census Tract 228.04, King County, Washington",318,11,78,131,98,4092,87,44,343,305,194,1338,1781,3961,3119,2038,1996,1736,878,851,639,826,791,528,350,323,216,142,421,8229,6336
53033022805,"Census Tract 228.05, King County, Washington",134,0,27,92,15,2913,12,0,151,324,89,1023,1314,2901,2337,1060,1060,941,508,508,375,786,786,580,559,547,441,12,178,5936,4689
53033022901,"Census Tract 229.01, King County, Washington",137,11,25,36,65,2365,42,33,263,244,59,923,801,2290,1724,228,228,206,465,465,300,871,839,718,801,758,500,86,288,4706,3513
53033022902,"Census Tract 229.02, King County, Washington",219,0,89,81,49,4882,52,32,348,581,294,1875,1700,4798,3575,1061,1061,795,1123,1108,892,1709,1692,1320,989,937,568,84,437,9815,7199
53033023000,"Census Tract 230, King County, Washington",606,24,221,142,219,4916,109,105,435,755,293,1578,1641,4702,3219,1168,1106,799,1000,989,857,1888,1788,1137,860,819,426,238,656,9986,6657
53033023100,"Census Tract 231, King County, Washington",255,29,45,121,60,3130,81,20,273,403,126,1227,1000,3029,2227,474,474,429,674,649,548,1189,1171,778,793,735,472,130,318,6284,4514
53033023201,"Census Tract 232.01, King County, Washington",285,40,46,71,128,4157,51,76,426,181,175,1493,1755,4030,3248,1739,1739,1559,937,937,822,866,789,483,615,565,384,167,472,8305,6624
53033023202,"Census Tract 232.02, King County, Washington",427,37,106,123,161,3517,300,125,433,680,187,1154,638,3092,1792,835,690,415,504,481,311,999,878,327,1179,1043,739,462,539,6574,3745
53033023300,"Census Tract 233, King County, Washington",449,84,239,109,17,5770,359,330,671,909,420,1693,1388,5081,3081,1250,1086,544,1002,938,622,2126,1787,1167,1392,1270,748,773,910,10527,6179
53033023401,"Census Tract 234.01, King County, Washington",223,19,20,141,43,3021,211,84,340,232,309,891,954,2726,1845,1043,1024,741,503,484,424,776,632,354,699,586,326,314,360,5656,3733
53033023403,"Census Tract 234.03, King County, Washington",300,2,159,100,39,2897,48,27,197,404,121,1165,935,2822,2100,399,399,321,607,600,476,1286,1233,968,605,590,335,77,356,5942,4239
53033023404,"Census Tract 234.04, King County, Washington",259,138,97,24,0,2425,14,10,263,327,129,1122,560,2401,1682,336,336,246,583,575,461,1124,1124,753,382,366,222,162,360,4923,3364
53033023500,"Census Tract 235, King County, Washington",244,31,46,92,75,2995,16,8,258,350,395,1069,899,2971,1968,634,626,305,700,700,497,1223,1223,935,438,422,231,55,304,6155,4011
53033023601,"Census Tract 236.01, King County, Washington",264,8,111,73,72,3595,33,146,484,337,265,1123,1207,3416,2330,943,920,740,787,768,555,1329,1210,657,536,518,378,187,595,7088,4732
53033023603,"Census Tract 236.03, King County, Washington",527,114,127,222,64,4627,381,66,268,307,218,1834,1553,4180,3387,1693,1630,1466,972,972,890,1350,1030,670,612,548,361,561,395,8773,6838
53033023604,"Census Tract 236.04, King County, Washington",382,97,154,95,36,4387,100,193,675,497,249,1511,1162,4094,2673,1024,992,631,1112,1006,809,1334,1272,814,917,824,419,390,829,8473,5382
53033023701,"Census Tract 237.01, King County, Washington",170,7,40,83,40,3311,32,58,244,277,123,1163,1414,3221,2577,746,739,621,694,688,552,1136,1085,841,735,709,563,97,284,6605,5194
53033023702,"Census Tract 237.02, King County, Washington",34,0,0,20,14,630,0,0,4,45,0,321,260,630,581,314,314,314,186,186,183,78,78,70,52,52,14,0,4,1294,1176
53033023801,"Census Tract 238.01, King County, Washington",274,23,47,76,128,2503,221,30,213,216,110,845,868,2252,1713,899,899,774,438,384,272,904,759,547,262,210,120,274,260,4755,3554
53033023805,"Census Tract 238.05, King County, Washington",205,0,12,16,177,2630,99,0,318,180,230,750,1053,2531,1803,1129,1129,875,584,530,438,424,379,233,493,493,257,99,330,5267,3783
53033023806,"Census Tract 238.06, King County, Washington",242,22,0,0,220,2991,19,31,181,262,36,1168,1294,2941,2462,1623,1623,1467,542,526,440,155,146,131,671,646,424,72,181,6102,5144
53033023807,"Census Tract 238.07, King County, Washington",399,29,61,96,213,4923,26,20,201,547,224,1897,2008,4877,3905,2234,2234,1954,623,623,484,1257,1255,915,809,765,552,75,262,10124,8023
53033023808,"Census Tract 238.08, King County, Washington",304,16,0,124,164,2123,0,15,133,268,121,996,590,2108,1586,930,930,798,379,364,248,669,669,409,145,145,131,31,133,4504,3336
53033023901,"Census Tract 239.01, King County, Washington",225,40,63,58,64,3148,4,49,337,354,176,1105,1123,3095,2228,756,756,561,812,791,574,1068,1052,762,512,496,331,93,400,6375,4520
53033023902,"Census Tract 239.02, King County, Washington",117,60,44,13,0,1913,14,14,56,177,92,739,821,1885,1560,124,118,96,360,360,339,1034,1026,849,395,381,276,88,100,3827,3120
53033024001,"Census Tract 240.01, King County, Washington",273,30,88,143,12,3110,9,25,403,338,258,1190,887,3076,2077,575,575,330,571,553,474,1376,1360,1052,588,588,221,64,491,6395,4166
53033024002,"Census Tract 240.02, King County, Washington",235,18,108,30,79,2790,13,62,123,383,83,1067,1059,2715,2126,321,319,260,874,826,750,1023,998,812,572,572,304,93,231,5647,4331
53033024100,"Census Tract 241, King County, Washington",221,39,80,52,50,3378,51,36,86,388,203,1259,1355,3291,2614,232,212,170,603,597,541,1565,1535,1285,978,947,618,126,166,6764,5278
53033024200,"Census Tract 242, King County, Washington",192,44,56,82,10,1968,5,39,37,155,45,797,890,1924,1687,89,89,82,347,347,305,978,952,886,554,536,414,88,93,3996,3384
53033024301,"Census Tract 243.01, King County, Washington",296,41,69,0,186,3591,66,43,416,404,449,1145,1068,3482,2213,655,621,447,531,511,390,1264,1237,819,1141,1113,557,150,485,7219,4612
53033024302,"Census Tract 243.02, King County, Washington",166,0,84,22,60,3117,10,39,255,324,215,1388,886,3068,2274,358,349,222,465,465,379,1286,1271,935,1008,983,738,49,339,6302,4608
53033024400,"Census Tract 244, King County, Washington",283,174,26,41,42,2118,0,32,131,253,88,881,733,2086,1614,512,512,393,370,364,321,743,718,529,493,492,371,206,157,4281,3270
53033024500,"Census Tract 245, King County, Washington",204,0,66,59,79,3413,53,11,77,345,91,1419,1417,3349,2836,232,232,173,641,641,507,1641,1635,1487,899,841,669,64,143,6902,5751
53033024601,"Census Tract 246.01, King County, Washington",230,35,39,109,47,3340,1,8,102,241,100,1343,1545,3331,2888,223,223,204,553,553,531,1677,1677,1493,887,878,660,44,141,6857,5823
53033024602,"Census Tract 246.02, King County, Washington",207,57,41,66,43,2538,37,8,137,128,9,942,1277,2493,2219,108,100,59,455,455,447,1359,1359,1282,616,579,431,102,178,5136,4481
53033024701,"Census Tract 247.01, King County, Washington",266,33,51,70,112,2352,106,50,362,395,85,806,548,2196,1354,234,224,171,505,485,320,1158,1119,587,455,368,276,189,413,4625,2820
53033024703,"Census Tract 247.03, King County, Washington",213,0,35,92,86,2930,0,34,71,541,227,1138,919,2896,2057,547,547,468,600,600,513,1318,1303,860,465,446,216,34,106,6005,4200
53033024704,"Census Tract 247.04, King County, Washington",147,11,40,96,0,3143,89,82,178,540,257,1230,767,2972,1997,429,410,391,687,648,468,1179,1175,739,848,739,399,182,218,6080,3994
53033024800,"Census Tract 248, King County, Washington",354,59,138,120,37,4420,56,100,723,973,263,1363,942,4264,2305,970,970,482,761,711,523,1992,1941,1020,697,642,280,215,861,8823,4647
53033024901,"Census Tract 249.01, King County, Washington",337,11,180,99,47,3321,62,0,125,238,187,1285,1424,3259,2709,251,241,204,586,586,511,1720,1696,1427,764,736,567,73,305,6844,5465
53033024902,"Census Tract 249.02, King County, Washington",344,61,109,158,16,2930,14,74,204,282,154,1205,997,2842,2202,288,274,218,720,720,630,1295,1281,939,627,567,415,149,313,5967,4420
53033024904,"Census Tract 249.04, King County, Washington",287,107,38,126,16,2030,0,42,96,199,158,778,757,1988,1535,136,136,89,382,382,302,1054,1031,837,458,439,307,149,134,4156,3086
53033024905,"Census Tract 249.05, King County, Washington",167,69,57,18,23,2653,19,19,75,151,66,1079,1244,2615,2323,380,380,344,445,445,401,1272,1272,1129,556,518,449,107,132,5328,4669
53033025001,"Census Tract 250.01, King County, Washington",183,36,14,110,23,4228,140,43,247,333,322,1747,1396,4045,3143,915,915,750,972,933,728,1348,1294,1051,993,903,614,219,261,8237,6309
53033025005,"Census Tract 250.05, King County, Washington",545,16,137,222,170,4290,23,65,334,536,233,1802,1297,4202,3099,1111,1111,944,804,804,551,1714,1651,1156,661,636,448,104,471,8933,6368
53033025006,"Census Tract 250.06, King County, Washington",464,109,128,154,73,4638,0,31,419,437,312,1863,1576,4607,3439,901,901,745,943,943,779,1990,1959,1307,804,804,608,140,547,9569,6951
53033025007,"Census Tract 250.07, King County, Washington",399,29,110,112,148,3428,0,79,169,364,298,1317,1201,3349,2518,796,764,479,521,521,451,1595,1580,1300,516,484,288,108,279,7068,5184
53033025008,"Census Tract 250.08, King County, Washington",140,10,58,43,29,1823,0,85,214,105,114,674,631,1738,1305,176,176,157,422,356,260,779,779,673,446,427,215,95,272,3606,2639
53033025101,"Census Tract 251.01, King County, Washington",672,89,167,245,171,4269,159,136,1000,681,380,1117,796,3974,1913,819,764,482,1118,1027,591,1681,1554,647,651,629,193,384,1167,8531,3997
53033025103,"Census Tract 251.03, King County, Washington",344,0,154,129,61,3049,59,51,368,650,448,970,503,2939,1473,742,721,485,817,817,267,1060,1033,543,430,368,178,110,522,6222,3007
53033025104,"Census Tract 251.04, King County, Washington",241,25,107,66,43,2774,139,165,506,507,232,922,303,2470,1225,443,365,220,762,736,474,969,952,461,600,417,70,329,613,5156,2493
53033025201,"Census Tract 252.01, King County, Washington",356,95,82,138,41,2926,426,54,574,410,374,756,332,2446,1088,571,571,324,500,453,321,1156,1050,253,699,372,190,575,656,5153,2217
53033025202,"Census Tract 252.02, King County, Washington",447,145,223,57,22,3551,390,222,1070,426,264,684,495,2939,1179,783,740,305,812,784,358,1399,1007,371,557,408,145,757,1293,6180,2380
53033025302,"Census Tract 253.02, King County, Washington",252,52,89,67,44,3913,220,281,1194,919,343,636,320,3412,956,887,764,264,589,493,110,1395,1196,329,1042,959,253,553,1283,7024,1956
53033025303,"Census Tract 253.03, King County, Washington",242,46,96,55,45,1968,84,32,203,678,143,444,384,1852,828,727,727,417,498,458,273,651,590,127,92,77,11,162,299,3900,1701
53033025304,"Census Tract 253.04, King County, Washington",401,20,101,64,216,3348,74,30,724,670,190,1200,460,3244,1660,1134,1107,519,637,637,399,999,934,420,578,566,322,124,825,6869,3536
53033025401,"Census Tract 254.01, King County, Washington",225,0,89,120,16,2715,299,109,617,594,140,619,337,2307,956,654,605,412,635,458,219,1014,858,223,412,386,102,408,706,4839,1928
53033025402,"Census Tract 254.02, King County, Washington",300,11,178,70,41,2693,290,81,878,581,303,431,129,2322,560,916,816,259,556,461,52,741,635,184,480,410,65,382,1056,4933,1161
53033025500,"Census Tract 255, King County, Washington",439,96,80,206,57,3609,321,190,858,802,379,755,304,3098,1059,878,812,281,874,736,274,1189,994,326,668,556,178,607,938,6539,2175
53033025601,"Census Tract 256.01, King County, Washington",362,48,131,160,23,3833,269,305,1215,532,270,974,268,3259,1242,894,836,522,715,595,337,1439,1216,240,785,612,143,622,1346,6832,2507
53033025602,"Census Tract 256.02, King County, Washington",341,78,69,142,52,4677,211,159,688,883,718,1471,547,4307,2018,873,819,413,1119,984,406,2046,1971,932,639,533,267,448,757,8877,4088
53033025702,"Census Tract 257.02, King County, Washington",214,58,52,104,0,2531,67,116,525,649,188,731,255,2348,986,753,701,293,407,327,159,920,879,367,451,441,167,241,577,4852,1972
53033025703,"Census Tract 257.03, King County, Washington",284,15,184,53,32,2525,203,201,378,518,290,691,244,2121,935,1001,887,384,893,603,359,385,385,146,246,246,46,419,562,4511,1902
53033025704,"Census Tract 257.04, King County, Washington",272,51,109,45,67,2223,78,176,624,387,120,573,265,1969,838,531,531,229,577,470,248,607,512,199,508,456,162,305,733,4159,1743
53033025803,"Census Tract 258.03, King County, Washington",469,51,233,123,62,2971,93,189,563,1151,282,462,231,2689,693,1001,933,348,564,495,30,934,820,178,472,441,137,333,796,5796,1448
53033025804,"Census Tract 258.04, King County, Washington",353,35,66,225,27,2467,77,78,685,691,357,442,137,2312,579,476,440,103,443,437,93,1149,1065,246,399,370,137,190,751,4942,1185
53033025805,"Census Tract 258.05, King County, Washington",377,0,92,267,18,4089,230,103,956,849,568,1021,362,3756,1383,1819,1772,609,891,750,372,874,812,328,505,422,74,333,1048,7889,2784
53033025806,"Census Tract 258.06, King County, Washington",332,42,96,151,43,3538,170,123,1024,715,268,731,507,3245,1238,992,976,358,732,639,300,1178,1068,447,636,562,133,335,1120,6780,2519
53033026001,"Census Tract 260.01, King County, Washington",223,11,75,101,36,4167,214,177,683,879,475,1166,573,3776,1739,508,452,253,1076,1018,496,1704,1510,672,879,796,318,402,758,7764,3514
53033026003,"Census Tract 260.03, King County, Washington",545,230,112,142,61,2044,154,191,408,546,314,349,82,1699,431,529,495,152,550,541,125,903,601,139,62,62,15,575,520,3713,923
53033026004,"Census Tract 260.04, King County, Washington",93,0,27,13,53,3570,18,215,945,581,711,716,384,3337,1100,777,777,317,804,752,283,1027,885,244,962,923,256,233,972,6767,2253
53033026101,"Census Tract 261.01, King County, Washington",268,56,14,152,46,3159,371,43,572,875,229,764,305,2745,1069,1131,1007,319,518,498,308,957,815,286,553,425,156,470,586,5702,2184
53033026102,"Census Tract 261.02, King County, Washington",150,17,52,81,0,2868,309,284,487,587,398,714,89,2275,803,587,587,221,618,463,210,928,659,215,735,566,157,610,539,4683,1606
53033026200,"Census Tract 262, King County, Washington",553,70,226,128,129,4984,207,370,1281,1166,546,853,561,4407,1414,1533,1448,456,1443,1210,505,1477,1283,342,531,466,111,647,1507,9297,2957
53033026300,"Census Tract 263, King County, Washington",122,7,34,31,50,1156,71,115,341,256,102,139,132,970,271,251,238,136,189,136,0,474,399,110,242,197,25,193,375,2055,592
53033026400,"Census Tract 264, King County, Washington",239,68,95,30,46,4082,417,340,1029,1028,393,696,179,3325,875,983,874,229,734,660,143,1649,1111,354,716,680,149,825,1124,6821,1796
53033026500,"Census Tract 265, King County, Washington",320,88,106,80,46,3011,505,317,750,430,220,641,148,2189,789,885,661,353,550,430,190,962,724,183,614,374,63,910,856,4610,1624
53033026600,"Census Tract 266, King County, Washington",228,11,141,62,14,1663,29,75,354,386,190,396,233,1559,629,307,307,162,490,438,187,582,559,210,284,255,70,115,495,3335,1272
53033026700,"Census Tract 267, King County, Washington",371,188,84,79,20,3837,373,379,461,746,429,1136,313,3085,1449,389,389,240,1019,613,236,1462,1287,639,967,796,334,940,545,6353,2918
53033026801,"Census Tract 268.01, King County, Washington",676,117,146,399,14,4102,377,223,1183,1031,334,726,228,3502,954,1010,913,330,865,684,230,1509,1265,290,718,640,104,717,1329,7563,1922
53033026802,"Census Tract 268.02, King County, Washington",640,17,235,245,143,4347,604,289,913,961,570,728,282,3454,1010,1018,851,236,837,727,298,1796,1303,283,696,573,193,910,1148,7531,2163
53033027000,"Census Tract 270, King County, Washington",341,43,52,201,45,2401,208,196,679,526,155,423,214,1997,637,456,379,129,466,396,192,1060,897,234,419,325,82,447,731,4292,1319
53033027100,"Census Tract 271, King County, Washington",275,42,58,175,0,2854,369,143,727,649,207,541,218,2342,759,695,664,227,585,464,139,849,628,151,725,586,242,554,785,4917,1518
53033027200,"Census Tract 272, King County, Washington",290,78,110,29,73,1806,218,143,569,300,200,216,160,1445,376,381,290,57,378,326,98,738,582,144,309,247,77,439,679,3102,825
53033027300,"Census Tract 273, King County, Washington",680,45,178,332,125,4137,1092,290,732,603,380,783,257,2755,1040,1025,662,253,979,534,154,1758,1214,563,375,345,70,1427,910,6145,2205
53033027400,"Census Tract 274, King County, Washington",462,89,135,228,10,3732,484,311,1042,725,337,679,154,2937,833,691,639,123,703,560,224,1603,1168,322,735,570,164,884,1177,6247,1676
53033027500,"Census Tract 275, King County, Washington",203,26,46,81,50,3622,370,311,780,1002,458,498,203,2941,701,505,425,69,727,622,235,1622,1235,243,768,659,154,707,826,6059,1452
53033027600,"Census Tract 276, King County, Washington",565,255,194,105,11,3041,419,295,570,485,236,710,326,2327,1036,536,436,73,805,431,221,1146,1033,476,554,427,266,969,764,4964,2083
53033027701,"Census Tract 277.01, King County, Washington",398,20,313,65,0,4223,0,97,859,931,206,1228,902,4126,2130,460,429,118,659,659,352,1767,1743,873,1337,1295,787,117,1172,8630,4260
53033027702,"Census Tract 277.02, King County, Washington",133,1,41,61,30,4123,2,29,560,1013,334,1311,874,4092,2185,387,371,187,629,629,362,1651,1637,964,1456,1455,672,32,601,8316,4400
53033027800,"Census Tract 278, King County, Washington",77,0,35,32,10,2759,15,0,282,782,281,858,541,2744,1399,279,279,81,371,371,224,1143,1143,596,966,951,498,15,317,5565,2808
53033027901,"Census Tract 279.01, King County, Washington",193,71,59,17,46,3644,149,173,662,699,394,1152,415,3322,1567,654,654,193,1069,864,281,1334,1315,866,587,489,227,393,721,6766,3180
53033027902,"Census Tract 279.02, King County, Washington",331,0,165,75,91,2719,210,244,558,615,300,503,289,2265,792,647,547,200,721,540,213,664,615,218,687,563,161,454,723,4861,1675
53033028000,"Census Tract 280, King County, Washington",461,22,369,59,11,2808,255,156,912,647,287,467,84,2397,551,607,541,235,678,542,109,1046,881,121,477,433,86,433,1281,5233,1113
53033028100,"Census Tract 281, King County, Washington",215,41,42,103,29,2079,259,147,710,462,93,296,112,1673,408,413,321,65,554,471,105,660,515,147,452,366,91,447,752,3520,845
53033028200,"Census Tract 282, King County, Washington",358,70,116,141,31,3902,318,168,1289,771,403,659,294,3416,953,1332,1268,461,659,578,140,968,787,167,943,783,185,556,1405,7120,1937
53033028300,"Census Tract 283, King County, Washington",345,75,64,167,39,4309,238,142,930,766,493,1366,374,3929,1740,1166,1151,666,762,736,327,1566,1328,514,815,714,233,455,994,8128,3519
53033028402,"Census Tract 284.02, King County, Washington",497,20,139,311,27,3773,365,267,898,1001,340,753,149,3141,902,1069,929,281,768,641,160,1349,1122,379,587,449,82,652,1037,6759,1831
53033028403,"Census Tract 284.03, King County, Washington",482,47,159,232,44,3910,75,297,1187,1178,263,737,173,3538,910,629,629,199,1064,958,236,1301,1149,302,916,802,173,419,1346,7511,1864
53033028500,"Census Tract 285, King County, Washington",357,163,91,94,9,3082,395,151,856,683,281,453,263,2536,716,859,768,212,636,556,153,1185,910,266,402,302,85,709,947,5266,1441
53033028600,"Census Tract 286, King County, Washington",304,64,99,90,51,4795,8,112,676,831,580,1818,770,4675,2588,727,680,301,751,751,361,1850,1832,1028,1467,1412,898,184,775,9590,5227
53033028700,"Census Tract 287, King County, Washington",421,0,181,140,100,3836,102,206,745,853,507,1059,364,3528,1423,557,543,234,1061,985,484,1419,1342,539,799,658,166,308,926,7477,2946
53033028801,"Census Tract 288.01, King County, Washington",243,56,129,56,2,2757,173,214,939,767,156,384,124,2370,508,567,508,108,600,571,117,956,726,74,634,565,209,443,1068,4927,1018
53033028802,"Census Tract 288.02, King County, Washington",276,65,59,85,67,4869,511,496,1384,963,673,625,217,3862,842,1614,1368,290,1326,810,178,1186,1051,102,743,633,272,1072,1443,7935,1751
53033028901,"Census Tract 289.01, King County, Washington",194,0,51,81,62,2698,96,27,660,603,220,729,363,2575,1092,443,393,103,598,546,316,884,874,301,773,762,372,123,711,5344,2246
53033028902,"Census Tract 289.02, King County, Washington",819,233,338,232,16,4481,579,102,1762,940,445,377,276,3800,653,902,869,138,1184,1066,188,1634,1296,137,761,569,190,914,2100,8186,1322
53033029001,"Census Tract 290.01, King County, Washington",216,72,56,70,18,3244,71,174,639,954,359,690,357,2999,1047,535,464,170,362,353,138,1022,940,335,1325,1242,404,317,695,6142,2112
53033029003,"Census Tract 290.03, King County, Washington",336,73,182,81,0,4091,286,514,938,728,438,809,378,3291,1187,1135,911,337,948,777,393,1480,1199,351,528,404,106,873,1120,6845,2374
53033029004,"Census Tract 290.04, King County, Washington",358,62,142,154,0,2541,393,438,915,346,178,199,72,1710,271,893,613,60,745,447,178,740,523,31,163,127,2,893,1057,3716,542
53033029101,"Census Tract 291.01, King County, Washington",299,34,78,180,7,2271,78,223,551,395,182,500,342,1970,842,382,269,120,500,453,228,1058,940,379,331,308,115,335,629,4205,1691
53033029102,"Census Tract 291.02, King County, Washington",346,40,149,124,33,3364,504,177,1050,720,253,564,96,2683,660,788,618,125,826,665,158,1176,958,254,574,442,123,721,1199,5672,1353
53033029203,"Census Tract 292.03, King County, Washington",498,155,134,159,50,3147,197,283,977,869,280,390,151,2667,541,980,829,218,700,574,166,948,795,109,519,469,48,635,1111,5677,1132
53033029205,"Census Tract 292.05, King County, Washington",656,144,213,299,0,3449,184,98,1000,579,248,1053,287,3167,1340,797,782,368,836,698,268,1184,1091,434,632,596,270,426,1213,6846,2680
53033029206,"Census Tract 292.06, King County, Washington",428,93,189,120,26,3208,282,273,950,875,306,374,148,2653,522,1096,899,129,532,386,147,913,800,190,667,568,56,648,1139,5641,1070
53033029207,"Census Tract 292.07, King County, Washington",195,3,34,43,115,1686,71,56,254,449,279,435,142,1559,577,314,279,100,326,301,88,751,699,241,295,280,148,130,288,3310,1269
53033029208,"Census Tract 292.08, King County, Washington",683,145,99,309,130,2588,154,87,876,654,269,391,157,2347,548,1449,1314,252,542,532,159,452,360,87,145,141,50,386,975,5232,1226
53033029304,"Census Tract 293.04, King County, Washington",339,79,110,104,46,3706,130,132,781,728,307,1056,572,3444,1628,895,895,500,698,611,279,1444,1390,624,669,548,225,341,891,7148,3302
53033029305,"Census Tract 293.05, King County, Washington",366,39,165,120,42,3301,224,72,831,519,500,678,477,3005,1155,842,771,263,523,516,162,1207,1037,441,729,681,289,335,996,6337,2352
53033029306,"Census Tract 293.06, King County, Washington",447,26,176,220,25,2574,215,129,492,765,273,517,183,2230,700,546,518,178,503,451,193,936,769,260,589,492,69,370,668,4881,1425
53033029307,"Census Tract 293.07, King County, Washington",246,41,114,72,19,3006,54,42,710,653,272,879,396,2910,1275,619,619,437,809,784,267,1022,997,391,556,510,180,137,824,6025,2569
53033029308,"Census Tract 293.08, King County, Washington",308,6,87,185,30,2606,74,78,832,650,316,411,245,2454,656,620,595,172,306,266,134,1177,1157,175,503,436,175,158,919,5210,1342
53033029309,"Census Tract 293.09, King County, Washington",686,279,130,171,106,3253,140,85,585,770,317,847,509,3028,1356,663,663,410,697,641,245,1107,978,409,786,746,292,504,715,6463,2818
53033029403,"Census Tract 294.03, King County, Washington",531,47,108,325,51,4446,192,260,1089,1159,450,1044,252,3994,1296,1145,1072,531,855,701,145,1763,1594,459,683,627,161,499,1197,8472,2643
53033029405,"Census Tract 294.05, King County, Washington",576,46,89,336,105,4167,218,97,1001,1166,479,858,348,3852,1206,661,629,163,881,829,268,1894,1692,517,731,702,258,361,1090,8234,2517
53033029406,"Census Tract 294.06, King County, Washington",267,37,50,160,20,3362,187,174,618,719,312,884,468,3001,1352,633,593,299,727,633,222,1498,1341,653,504,434,178,398,668,6232,2724
53033029407,"Census Tract 294.07, King County, Washington",279,51,78,150,0,3221,193,268,808,1032,234,532,154,2760,686,778,621,168,545,417,108,1364,1248,255,534,474,155,512,886,5748,1372
53033029408,"Census Tract 294.08, King County, Washington",275,39,60,135,41,3312,368,239,850,787,323,557,188,2705,745,792,701,80,779,571,170,1334,1083,355,407,350,140,646,910,5646,1531
53033029504,"Census Tract 295.04, King County, Washington",910,136,342,395,37,4163,343,306,1148,983,492,659,232,3514,891,950,825,220,1161,1025,228,1454,1207,316,598,457,127,785,1490,7802,1819
53033029505,"Census Tract 295.05, King County, Washington",515,39,96,306,74,2762,187,170,695,501,470,655,84,2405,739,959,959,213,447,395,148,1029,805,254,327,246,124,396,791,5286,1552
53033029506,"Census Tract 295.06, King County, Washington",355,47,75,233,0,2958,237,312,1242,549,346,233,39,2409,272,843,703,116,616,380,25,1137,1048,122,362,278,9,596,1317,5126,544
53033029507,"Census Tract 295.07, King County, Washington",237,0,66,144,27,2302,329,65,509,472,406,410,111,1908,521,547,511,109,367,294,47,948,770,239,440,333,126,394,575,4053,1069
53033029508,"Census Tract 295.08, King County, Washington",374,159,114,76,25,2509,112,200,486,441,362,545,363,2197,908,523,503,100,741,565,201,873,789,385,372,340,222,471,600,4609,1841
53033029602,"Census Tract 296.02, King County, Washington",540,67,189,261,23,4660,172,167,865,1184,484,1281,507,4321,1788,687,643,304,1135,1030,538,2182,2066,813,656,582,133,406,1054,9115,3599
53033029603,"Census Tract 296.03, King County, Washington",231,0,132,61,38,2650,302,160,359,483,192,903,251,2188,1154,728,651,344,687,527,264,1012,820,445,223,190,101,462,491,4607,2346
53033029604,"Census Tract 296.04, King County, Washington",188,0,56,118,14,2279,83,210,931,325,252,400,78,1986,478,438,392,159,440,361,107,1025,950,174,376,283,38,293,987,4160,970
53033029701,"Census Tract 297.01, King County, Washington",517,17,230,247,23,3532,246,158,1123,1022,419,464,100,3128,564,832,729,156,517,501,109,1274,1094,154,909,804,145,421,1353,6756,1151
53033029702,"Census Tract 297.02, King County, Washington",173,80,49,44,0,2342,213,159,534,490,329,425,192,1970,617,588,477,112,551,464,201,635,488,123,568,541,181,452,583,4033,1234
53033029803,"Census Tract 298.03, King County, Washington",382,10,113,137,122,2672,156,249,581,726,118,493,349,2267,842,1170,940,320,526,519,344,796,664,176,180,144,2,415,694,4906,1806
53033029804,"Census Tract 298.04, King County, Washington",480,55,53,359,13,3115,221,59,631,695,445,556,508,2835,1064,725,725,242,767,752,339,1119,936,228,504,422,255,335,684,6095,2141
53033029805,"Census Tract 298.05, King County, Washington",283,173,70,19,21,3264,52,25,1145,893,304,712,133,3187,845,394,394,64,471,448,226,1526,1475,390,873,870,165,250,1215,6484,1711
53033029806,"Census Tract 298.06, King County, Washington",356,21,103,206,26,3850,268,165,719,879,383,958,478,3417,1436,638,552,378,798,742,301,1671,1605,503,743,518,254,454,822,7169,2898
53033029901,"Census Tract 299.01, King County, Washington",345,76,116,130,23,3070,53,200,832,892,360,638,95,2817,733,700,661,278,522,437,104,1188,1084,236,660,635,115,329,948,5903,1489
53033029902,"Census Tract 299.02, King County, Washington",360,50,28,193,89,3929,149,168,1127,787,328,1062,308,3612,1370,552,527,251,844,819,384,1773,1640,467,760,626,268,367,1155,7534,2829
53033030003,"Census Tract 300.03, King County, Washington",1069,147,423,499,0,4504,449,145,1420,614,610,829,437,3910,1266,1149,860,301,938,860,267,1311,1131,389,1106,1059,309,741,1843,8742,2532
53033030005,"Census Tract 300.05, King County, Washington",538,34,193,293,18,3793,400,274,1123,930,308,612,146,3119,758,739,606,109,787,596,109,1650,1401,411,617,516,129,708,1316,6742,1534
53033030006,"Census Tract 300.06, King County, Washington",351,80,191,35,45,3143,347,153,738,904,253,600,148,2643,748,628,557,161,627,576,102,1095,865,297,793,645,188,580,929,5557,1541
53033030007,"Census Tract 300.07, King County, Washington",762,49,195,459,59,1900,254,95,579,320,283,215,154,1551,369,605,544,120,571,519,109,522,350,64,202,138,76,398,774,3815,797
53033030008,"Census Tract 300.08, King County, Washington",456,84,226,122,24,3197,55,283,914,899,331,478,237,2859,715,1156,1068,316,442,382,22,890,771,170,709,638,207,422,1140,6090,1454
53033030101,"Census Tract 301.01, King County, Washington",352,14,48,189,101,2532,0,210,706,813,150,339,314,2322,653,223,223,24,387,387,32,1352,1157,292,570,555,305,224,754,4982,1407
53033030102,"Census Tract 301.02, King County, Washington",225,7,81,118,19,2844,138,24,332,547,254,905,644,2682,1549,193,169,121,403,403,269,1068,998,550,1180,1112,609,169,413,5582,3117
53033030201,"Census Tract 302.01, King County, Washington",833,68,410,293,62,3878,296,293,1204,866,412,601,206,3289,807,1038,955,250,596,442,110,1700,1364,292,544,528,155,657,1614,7343,1676
53033030203,"Census Tract 302.03, King County, Washington",411,31,123,245,12,2594,147,73,1016,644,170,475,69,2374,544,996,996,170,466,366,189,780,696,94,352,316,91,251,1139,5128,1100
53033030204,"Census Tract 302.04, King County, Washington",210,92,22,54,42,2878,115,455,800,313,382,719,94,2308,813,686,656,358,558,298,31,928,756,219,706,598,205,662,822,4734,1668
53033030304,"Census Tract 303.04, King County, Washington",413,66,141,145,61,2946,158,145,1067,551,212,590,223,2643,813,554,529,128,681,653,294,1343,1137,307,368,324,84,369,1208,5633,1687
53033030305,"Census Tract 303.05, King County, Washington",429,0,156,134,139,3533,70,40,466,911,524,1105,417,3423,1522,310,302,111,558,485,128,1529,1529,750,1136,1107,533,110,622,7275,3183
53033030306,"Census Tract 303.06, King County, Washington",435,42,188,156,49,3884,150,264,643,875,510,919,523,3470,1442,835,692,301,724,643,357,1664,1518,531,661,617,253,456,831,7333,2933
53033030308,"Census Tract 303.08, King County, Washington",784,0,383,401,0,3897,107,198,921,988,515,782,386,3592,1168,850,759,229,888,850,349,1417,1256,340,742,727,250,305,1304,7968,2336
53033030309,"Census Tract 303.09, King County, Washington",666,90,317,259,0,4149,67,205,904,957,661,1078,277,3877,1355,1205,1120,448,1006,964,367,1317,1240,413,621,553,127,362,1221,8330,2710
53033030310,"Census Tract 303.10, King County, Washington",718,36,216,403,63,4731,255,170,809,1049,585,1327,536,4306,1863,885,877,334,1095,1051,440,1865,1762,816,886,616,273,461,1025,9294,3789
53033030311,"Census Tract 303.11, King County, Washington",278,33,103,80,62,3404,87,154,1093,985,323,605,157,3163,762,789,777,160,781,712,160,1170,1041,183,664,633,259,274,1196,6571,1586
53033030312,"Census Tract 303.12, King County, Washington",528,11,242,238,37,3645,198,153,955,876,371,732,360,3294,1092,544,484,147,848,800,307,1807,1586,472,446,424,166,362,1197,7105,2221
53033030313,"Census Tract 303.13, King County, Washington",357,71,146,112,28,3202,221,146,1176,665,435,437,122,2835,559,629,513,110,880,833,167,1024,877,169,669,612,113,438,1322,5956,1146
53033030314,"Census Tract 303.14, King County, Washington",345,23,142,180,0,3691,10,123,1192,739,391,742,494,3558,1236,582,540,312,299,284,127,1395,1334,558,1415,1400,239,156,1334,7438,2472
53033030403,"Census Tract 304.03, King County, Washington",310,45,135,103,27,3628,116,164,1070,764,369,800,345,3348,1145,634,555,293,617,519,137,1376,1361,404,1001,913,311,325,1205,6961,2317
53033030404,"Census Tract 304.04, King County, Washington",437,23,157,148,109,3448,62,138,815,1121,438,653,221,3248,874,640,625,137,686,654,161,1459,1352,440,663,617,136,223,972,6910,1857
53033030405,"Census Tract 304.05, King County, Washington",333,27,188,90,28,2279,104,398,463,380,394,455,85,1777,540,375,353,145,523,265,122,856,777,220,525,382,53,529,651,3860,1108
53033030406,"Census Tract 304.06, King County, Washington",404,203,173,28,0,1955,153,73,358,410,308,436,217,1729,653,514,485,258,277,257,131,976,799,180,188,188,84,429,531,3659,1306
53033030407,"Census Tract 304.07, King County, Washington",89,20,62,0,7,1907,109,284,275,401,209,361,268,1514,629,331,263,107,520,489,195,785,639,271,271,123,56,413,337,3097,1265
53033030501,"Census Tract 305.01, King County, Washington",112,11,24,41,36,2055,59,133,684,627,265,180,107,1863,287,455,449,90,316,298,80,743,648,42,541,468,75,203,708,3827,610
53033030503,"Census Tract 305.03, King County, Washington",582,97,258,218,9,3503,95,232,967,994,313,556,346,3176,902,842,710,221,755,696,241,1196,1102,332,710,668,108,424,1225,6837,1813
53033030504,"Census Tract 305.04, King County, Washington",381,56,111,197,17,3841,144,232,1144,1405,344,395,177,3465,572,1086,975,153,628,520,169,1401,1283,164,726,687,86,432,1255,7255,1161
53033030600,"Census Tract 306, King County, Washington",217,15,124,40,38,4113,187,425,1669,749,420,527,136,3501,663,1097,891,146,779,701,208,1616,1346,190,621,563,119,627,1793,7204,1364
53033030700,"Census Tract 307, King County, Washington",519,65,351,92,11,3118,197,294,940,845,401,389,52,2627,441,728,672,187,443,353,24,1331,1022,139,616,580,91,556,1291,5708,893
53033030801,"Census Tract 308.01, King County, Washington",676,196,226,254,0,3763,682,492,1265,742,214,182,186,2589,368,860,685,53,1021,664,115,1412,809,108,470,431,92,1370,1491,5658,736
53033030802,"Census Tract 308.02, King County, Washington",257,56,120,20,61,2685,282,259,947,524,266,192,215,2144,407,797,574,38,518,409,118,859,678,146,511,483,105,597,1067,4489,875
53033030901,"Census Tract 309.01, King County, Washington",288,30,178,72,8,2550,254,303,769,586,208,372,58,1993,430,813,653,187,591,462,108,893,701,106,253,177,29,587,947,4244,868
53033030902,"Census Tract 309.02, King County, Washington",420,112,166,124,18,4231,57,429,1232,985,625,549,354,3745,903,1708,1423,333,687,639,248,1282,1147,200,554,536,122,598,1398,7798,1824
53033031000,"Census Tract 310, King County, Washington",199,25,70,68,36,3327,71,70,548,714,264,1006,654,3186,1660,669,669,376,577,525,242,1531,1458,800,550,534,242,166,618,6546,3356
53033031101,"Census Tract 311.01, King County, Washington",222,68,110,38,6,3119,67,223,1121,642,385,596,85,2829,681,903,830,154,830,793,232,984,875,151,402,331,144,358,1231,5812,1368
53033031102,"Census Tract 311.02, King County, Washington",288,123,42,120,3,2419,60,137,769,775,344,286,48,2222,334,463,407,54,497,424,39,788,744,117,671,647,124,320,811,4609,671
53033031202,"Census Tract 312.02, King County, Washington",557,214,162,148,33,4057,83,365,1330,664,428,760,427,3609,1187,693,530,139,707,619,218,1535,1397,504,1122,1063,326,662,1492,7561,2407
53033031204,"Census Tract 312.04, King County, Washington",306,34,115,144,13,4456,11,195,1201,1116,546,881,506,4250,1387,483,483,247,887,887,264,1966,1865,728,1120,1015,148,240,1316,8772,2787
53033031206,"Census Tract 312.06, King County, Washington",877,94,165,565,53,3325,182,165,953,713,393,573,346,2978,919,610,579,157,778,611,171,1185,1076,196,752,712,395,441,1118,6739,1891
53033031207,"Census Tract 312.07, King County, Washington",393,0,254,128,11,2720,123,246,659,717,411,409,155,2351,564,700,602,177,937,820,97,758,637,176,325,292,114,369,913,5095,1139
53033031208,"Census Tract 312.08, King County, Washington",579,129,127,309,14,2843,196,164,809,434,405,610,225,2483,835,778,686,256,764,623,145,837,727,299,464,447,135,489,936,5416,1684
53033031301,"Census Tract 313.01, King County, Washington",79,17,22,40,0,1651,68,64,355,372,346,305,141,1519,446,275,264,88,240,219,65,661,629,191,475,407,102,149,377,3100,892
53033031302,"Census Tract 313.02, King County, Washington",357,76,139,118,24,3192,74,119,1055,859,350,506,229,2999,735,537,478,102,745,691,114,1051,1001,290,859,829,229,269,1194,6279,1494
53033031400,"Census Tract 314, King County, Washington",466,112,45,227,82,4614,111,87,1807,1039,299,848,423,4416,1271,798,742,267,939,939,144,1764,1699,486,1113,1036,374,310,1852,9186,2624
53033031501,"Census Tract 315.01, King County, Washington",350,36,136,153,25,2871,114,144,627,590,430,748,218,2613,966,372,341,74,475,436,188,1381,1206,399,643,630,305,294,763,5540,1957
53033031502,"Census Tract 315.02, King County, Washington",258,47,74,90,47,3598,73,49,1016,1139,303,665,353,3476,1018,491,491,134,520,483,133,1673,1648,544,914,854,207,169,1090,7163,2083
53033031601,"Census Tract 316.01, King County, Washington",304,49,156,44,55,4017,101,160,855,1134,468,946,353,3756,1299,643,628,270,850,785,382,1823,1724,465,701,619,182,310,1011,7767,2653
53033031603,"Census Tract 316.03, King County, Washington",553,83,332,116,22,4429,83,94,707,1220,295,1131,899,4252,2030,764,735,409,1142,1133,598,2000,1877,898,523,507,125,260,1039,8974,4082
53033031604,"Census Tract 316.04, King County, Washington",341,60,105,155,21,3587,5,39,678,961,373,1135,396,3543,1531,752,752,394,1196,1169,522,1331,1319,509,308,303,106,104,783,7367,3083
53033031605,"Census Tract 316.05, King County, Washington",209,27,126,14,42,3083,0,16,523,504,475,1150,415,3067,1565,636,636,269,471,455,150,1356,1356,743,620,620,403,43,649,6316,3172
53033031704,"Census Tract 317.04, King County, Washington",512,66,277,119,50,4238,301,296,1174,936,497,824,210,3641,1034,935,927,294,880,761,104,1847,1579,560,576,374,76,663,1451,7728,2118
53033031705,"Census Tract 317.05, King County, Washington",394,129,73,182,10,2850,122,235,601,690,274,574,354,2493,928,411,287,107,622,596,209,1258,1159,434,559,451,178,486,674,5251,1866
53033031707,"Census Tract 317.07, King County, Washington",255,46,30,126,53,2066,0,23,282,414,227,840,280,2043,1120,241,241,136,431,431,221,812,789,468,582,582,295,69,312,4295,2293
53033031708,"Census Tract 317.08, King County, Washington",215,8,111,96,0,3000,79,103,1006,569,140,566,537,2818,1103,266,261,150,805,742,265,1346,1323,591,583,492,97,190,1117,5843,2206
53033031709,"Census Tract 317.09, King County, Washington",402,24,238,140,0,2393,0,101,531,595,344,541,281,2292,822,291,259,89,780,725,167,1120,1120,454,202,188,112,125,769,4962,1644
53033031710,"Census Tract 317.10, King County, Washington",223,99,49,75,0,2887,6,44,754,946,263,639,235,2837,874,357,357,171,681,681,189,1151,1119,422,698,680,92,149,803,5798,1748
53033031800,"Census Tract 318, King County, Washington",308,8,162,81,57,3705,24,73,912,1025,347,871,453,3608,1324,627,621,245,467,404,199,1749,1734,632,862,849,248,105,1074,7516,2705
53033031904,"Census Tract 319.04, King County, Washington",190,114,25,37,14,2310,18,94,395,503,220,813,267,2198,1080,333,316,134,334,325,207,1053,1002,539,590,555,200,226,420,4472,2174
53033031906,"Census Tract 319.06, King County, Washington",118,16,10,76,16,2677,94,136,435,544,396,652,420,2447,1072,234,227,103,452,452,288,1422,1311,492,569,457,189,246,445,4996,2160
53033031908,"Census Tract 319.08, King County, Washington",345,28,157,124,36,2855,39,62,492,828,292,747,395,2754,1142,758,738,385,644,599,320,945,916,225,508,501,212,129,649,5825,2320
53033031909,"Census Tract 319.09, King County, Washington",355,22,26,301,6,2096,76,16,480,467,245,685,127,2004,812,382,374,113,325,295,84,843,820,302,546,515,313,114,506,4341,1630
53033031910,"Census Tract 319.10, King County, Washington",285,2,124,145,14,3018,69,70,511,506,350,1171,341,2879,1512,471,471,192,829,805,513,1022,972,507,696,631,300,141,635,6041,3038
53033031911,"Census Tract 319.11, King County, Washington",134,19,0,99,16,2749,23,29,521,656,326,831,363,2697,1194,486,486,174,596,585,305,1125,1096,452,542,530,263,71,521,5509,2404
53033031912,"Census Tract 319.12, King County, Washington",364,241,123,0,0,2649,174,116,1051,399,253,452,204,2359,656,218,202,69,509,506,280,1219,963,242,703,688,65,531,1174,4841,1312
53033031913,"Census Tract 319.13, King County, Washington",269,0,159,59,51,2569,6,50,651,429,205,976,252,2513,1228,146,146,99,887,842,585,1014,1008,428,522,517,116,56,810,5295,2507
53033032002,"Census Tract 320.02, King County, Washington",211,47,58,99,7,2243,10,75,527,604,166,569,292,2158,861,273,265,122,318,299,169,1099,1054,299,553,540,271,132,585,4480,1729
53033032003,"Census Tract 320.03, King County, Washington",434,40,176,76,142,3884,28,56,629,915,505,1308,443,3800,1751,430,430,183,863,843,528,1744,1714,842,847,813,198,124,805,7994,3644
53033032005,"Census Tract 320.05, King County, Washington",519,73,210,127,109,4913,90,349,1272,1284,712,924,282,4474,1206,830,775,187,1062,968,170,2249,2085,632,772,646,217,512,1482,9394,2521
53033032006,"Census Tract 320.06, King County, Washington",385,34,194,95,62,3889,40,17,894,1087,567,1001,283,3832,1284,872,861,301,599,599,307,1425,1396,416,993,976,260,91,1088,8015,2630
53033032007,"Census Tract 320.07, King County, Washington",167,21,69,64,13,2411,9,136,437,526,281,765,257,2266,1022,316,286,137,465,448,220,1115,1078,568,515,454,97,166,506,4678,2057
53033032008,"Census Tract 320.08, King County, Washington",351,103,98,131,19,3056,13,59,701,835,360,827,261,2984,1088,390,372,157,949,939,259,1276,1240,548,441,433,124,175,799,6216,2195
53033032010,"Census Tract 320.10, King County, Washington",332,42,63,193,34,4381,19,92,918,930,532,1234,656,4270,1890,502,502,282,1420,1406,703,1754,1689,711,705,673,194,153,981,8830,3814
53033032011,"Census Tract 320.11, King County, Washington",213,45,74,74,20,2916,33,167,454,624,313,730,595,2716,1325,644,513,282,755,747,449,1129,1084,499,388,372,95,245,528,5600,2670
53033032102,"Census Tract 321.02, King County, Washington",291,31,81,165,14,3858,9,73,630,703,193,1508,742,3776,2250,469,469,374,790,762,507,1646,1618,971,953,927,398,113,711,7812,4514
53033032103,"Census Tract 321.03, King County, Washington",303,82,74,69,78,3991,84,104,440,759,338,1461,805,3803,2266,909,874,523,971,916,625,1402,1304,637,709,709,481,270,514,7827,4610
53033032104,"Census Tract 321.04, King County, Washington",280,19,157,74,30,4730,50,72,412,815,291,2037,1053,4608,3090,949,933,700,906,826,661,1827,1822,1223,1048,1027,506,141,569,9477,6210
53033032207,"Census Tract 322.07, King County, Washington",250,66,63,29,92,2480,29,32,132,425,105,1011,746,2419,1757,255,255,170,480,467,361,1294,1246,1008,451,451,218,127,195,5022,3606
53033032211,"Census Tract 322.11, King County, Washington",134,19,25,72,18,3163,11,37,137,371,212,1442,953,3115,2395,416,404,280,879,855,675,1463,1451,1174,405,405,266,67,162,6345,4808
53033032213,"Census Tract 322.13, King County, Washington",282,71,36,106,69,3177,43,71,248,626,108,1100,981,3063,2081,196,182,118,834,807,491,1693,1629,1207,454,445,265,185,284,6337,4231
53033032215,"Census Tract 322.15, King County, Washington",362,54,83,143,82,3579,38,8,83,115,162,1723,1450,3533,3173,347,347,303,862,854,794,2100,2082,1896,270,250,180,100,166,7374,6428
53033032216,"Census Tract 322.16, King County, Washington",282,78,35,125,44,3223,89,33,312,232,99,1388,1070,3101,2458,502,486,249,1304,1295,1203,1148,1051,831,269,269,175,200,347,6406,4960
53033032217,"Census Tract 322.17, King County, Washington",147,0,86,37,24,2987,0,14,102,210,172,1568,921,2973,2489,337,324,294,739,739,674,1418,1417,1170,493,493,351,14,188,6093,5002
53033032218,"Census Tract 322.18, King County, Washington",316,68,43,109,96,4627,204,45,400,726,404,1394,1454,4378,2848,774,774,517,634,596,517,1624,1555,1089,1595,1453,725,317,443,9004,5792
53033032219,"Census Tract 322.19, King County, Washington",243,0,89,154,0,3506,47,0,178,337,266,1759,919,3459,2678,1049,1049,947,743,743,538,1289,1289,981,425,378,212,47,267,7161,5356
53033032220,"Census Tract 322.20, King County, Washington",231,0,75,140,16,6832,53,39,461,743,514,2791,2231,6740,5022,2315,2240,1378,2179,2179,1801,1845,1845,1453,493,476,390,92,536,13711,10060
53033032221,"Census Tract 322.21, King County, Washington",230,1,148,81,0,4393,0,65,117,312,310,1777,1812,4328,3589,802,737,646,1510,1510,1467,1707,1707,1148,374,374,328,66,265,8885,7178
53033032222,"Census Tract 322.22, King County, Washington",471,17,94,189,171,2600,0,52,135,524,197,1093,599,2548,1692,721,682,235,518,505,476,1138,1138,847,223,223,134,69,229,5550,3555
53033032223,"Census Tract 322.23, King County, Washington",159,48,45,51,15,2808,19,72,264,365,80,1022,986,2717,2008,408,389,269,814,797,721,1288,1250,874,298,281,144,139,309,5545,4031
53033032224,"Census Tract 322.24, King County, Washington",84,0,44,32,8,1641,21,2,72,98,36,429,983,1618,1412,131,131,72,663,663,653,738,738,604,109,86,83,23,116,3320,2832
53033032225,"Census Tract 322.25, King County, Washington",283,86,84,55,58,2180,34,35,64,162,27,932,926,2111,1858,177,177,168,752,752,681,1028,1019,893,223,163,116,155,148,4419,3774
53033032307,"Census Tract 323.07, King County, Washington",295,47,98,117,33,4382,38,37,791,735,290,1546,945,4307,2491,636,623,408,910,898,652,1903,1853,1059,933,933,372,122,889,8862,5015
53033032311,"Census Tract 323.11, King County, Washington",393,141,52,162,38,4319,159,114,623,576,275,1558,1014,4046,2572,558,558,280,736,589,369,2155,2053,1398,870,846,525,414,675,8344,5182
53033032313,"Census Tract 323.13, King County, Washington",295,37,58,62,138,4905,11,141,515,453,167,1949,1669,4753,3618,1594,1554,1267,1689,1609,1342,1057,1046,711,565,544,298,189,573,9764,7374
53033032315,"Census Tract 323.15, King County, Washington",197,26,63,100,8,4006,19,77,486,770,238,1491,925,3910,2416,426,426,302,810,810,583,1987,1958,1266,783,716,265,122,549,7991,4840
53033032316,"Census Tract 323.16, King County, Washington",275,43,131,65,36,3701,0,30,246,258,171,1656,1340,3671,2996,395,395,346,949,939,811,1788,1778,1476,569,559,363,73,377,7574,6028
53033032317,"Census Tract 323.17, King County, Washington",332,71,55,190,16,4647,31,90,226,672,364,1882,1382,4526,3264,478,458,316,1401,1401,1038,2057,2057,1552,711,610,358,192,281,9313,6544
53033032318,"Census Tract 323.18, King County, Washington",348,89,121,91,47,4308,0,60,116,292,246,1729,1865,4248,3594,563,563,476,1509,1497,1344,1911,1872,1516,325,316,258,149,237,8755,7235
53033032319,"Census Tract 323.19, King County, Washington",590,15,10,400,165,4808,59,50,799,935,406,1615,944,4699,2559,1071,1061,561,1097,1050,682,1426,1424,877,1214,1164,439,124,809,9973,5283
53033032320,"Census Tract 323.20, King County, Washington",246,27,39,137,43,3569,11,6,178,548,221,1426,1179,3552,2605,368,368,331,732,732,607,1765,1759,1237,704,693,430,44,217,7323,5253
53033032321,"Census Tract 323.21, King County, Washington",344,58,131,112,43,4767,35,22,119,367,206,2117,1901,4710,4018,428,428,376,1594,1585,1539,1994,1960,1648,751,737,455,115,250,9706,8079
53033032322,"Census Tract 323.22, King County, Washington",120,40,12,50,18,2179,0,27,52,247,108,1052,693,2152,1745,216,208,188,417,417,400,1115,1115,857,431,412,300,67,64,4384,3508
53033032323,"Census Tract 323.23, King County, Washington",367,59,58,250,0,4423,21,113,219,560,291,1484,1735,4289,3219,622,550,324,1279,1267,1080,1731,1710,1280,791,762,535,193,277,8886,6438
53033032324,"Census Tract 323.24, King County, Washington",620,32,222,114,252,4440,66,72,390,563,244,1465,1640,4302,3105,930,871,775,1203,1203,994,1500,1436,777,807,792,559,170,612,9192,6462
53033032325,"Census Tract 323.25, King County, Washington",497,61,62,100,274,4220,0,0,349,490,293,1567,1521,4220,3088,1520,1520,1198,997,997,776,1205,1205,826,498,498,288,61,411,8876,6450
53033032326,"Census Tract 323.26, King County, Washington",285,60,44,174,7,2604,124,98,143,403,194,1078,564,2382,1642,234,143,109,375,360,202,1215,1123,792,780,756,539,282,187,4989,3291
53033032327,"Census Tract 323.27, King County, Washington",220,17,98,58,47,3658,31,95,305,534,260,1172,1261,3532,2433,121,121,68,206,206,179,926,871,589,2405,2334,1597,143,403,7267,4913
53033032328,"Census Tract 323.28, King County, Washington",123,8,21,19,75,2217,11,29,185,289,148,771,784,2177,1555,268,268,249,508,508,374,987,975,687,454,426,245,48,206,4469,3185
53033032330,"Census Tract 323.30, King County, Washington",161,0,12,45,104,3956,3,37,83,343,213,1703,1574,3916,3277,1789,1789,1565,861,861,738,683,683,475,623,583,499,40,95,7993,6658
53033032331,"Census Tract 323.31, King County, Washington",564,0,0,86,478,3942,17,0,201,586,182,1526,1430,3925,2956,2643,2643,1985,550,550,472,554,537,407,195,195,92,17,201,8414,6390
53033032332,"Census Tract 323.32, King County, Washington",180,30,27,109,14,3984,0,0,144,311,139,2071,1319,3984,3390,728,728,619,1459,1459,1338,1452,1452,1226,345,345,207,30,171,8118,6794
53033032333,"Census Tract 323.33, King County, Washington",22,0,22,0,0,2102,0,11,126,213,143,611,998,2091,1609,182,182,182,788,788,727,755,744,479,377,377,221,11,148,4204,3218
53033032401,"Census Tract 324.01, King County, Washington",519,73,87,230,129,3820,18,31,533,583,437,1493,725,3771,2218,538,538,307,971,938,697,1811,1795,1011,500,500,203,122,620,7988,4565
53033032402,"Census Tract 324.02, King County, Washington",321,49,148,101,23,5048,170,31,790,1256,439,1572,790,4847,2362,672,593,235,1337,1337,748,2294,2172,961,745,745,418,250,938,9966,4747
53033032500,"Census Tract 325, King County, Washington",374,48,112,163,51,4031,55,89,543,867,468,1297,712,3887,2009,603,601,394,735,660,447,1804,1743,871,889,883,297,192,655,8100,4069
53033032601,"Census Tract 326.01, King County, Washington",245,39,81,59,66,1965,0,160,429,415,115,620,226,1805,846,264,230,144,396,387,186,830,749,371,475,439,145,199,510,3816,1758
53033032603,"Census Tract 326.03, King County, Washington",99,41,21,37,0,2860,34,26,306,543,53,1239,659,2800,1898,220,220,207,780,780,605,1109,1086,663,751,714,423,101,327,5658,3796
53033032604,"Census Tract 326.04, King County, Washington",172,26,68,58,20,4095,21,13,417,523,364,1829,928,4061,2757,697,684,379,1360,1360,943,1720,1699,1235,318,318,200,60,485,8268,5534
53033032605,"Census Tract 326.05, King County, Washington",134,33,85,0,16,2574,0,22,339,319,177,912,805,2552,1717,189,189,140,918,918,851,1109,1087,560,358,358,166,55,424,5205,3450
53033032703,"Census Tract 327.03, King County, Washington",101,30,6,55,10,1440,32,40,245,433,147,388,155,1368,543,388,361,154,374,354,131,446,439,177,232,214,81,102,251,2807,1096
53033032704,"Census Tract 327.04, King County, Washington",488,49,215,148,76,5399,296,151,726,1028,399,1598,1201,4952,2799,686,606,385,1437,1238,753,2126,1971,1137,1150,1137,524,496,941,10343,5674
53033032705,"Census Tract 327.05, King County, Washington",138,98,24,16,0,2738,18,67,508,501,287,849,508,2653,1357,752,741,366,602,546,321,973,973,417,411,393,253,183,532,5346,2714
53033032706,"Census Tract 327.06, King County, Washington",145,0,76,47,22,2028,3,54,409,508,312,655,87,1971,742,499,499,230,284,252,88,959,956,382,286,264,42,57,485,4087,1506
53033032800,"Census Tract 328, King County, Washington",187,16,41,113,17,1937,8,114,314,405,235,578,283,1815,861,237,226,100,373,373,259,923,856,399,404,360,103,138,355,3801,1739
53033990100,"Census Tract 9901, King County, Washington",0,0,0,0,0,0,0,0,0,0,0,0,0,0,0,0,0,0,0,0,0,0,0,0,0,0,0,0,0,0,0
