GEO_ID,GEO_NAME,HOUSEHOLDS_TOTAL,"HOUSEHOLDS_LESS_THAN_10,000","HOUSEHOLDS_10,000_TO_14,999","HOUSEHOLDS_15,000_TO_24,999"," HOUSEHOLDS_25,000_TO_34,999","HOUSEHOLDS_35,000_TO_49,999","HOUSEHOLDS_50,000_TO_74,999","HOUSEHOLDS_75,000_TO_99,999","HOUSEHOLDS_100,000_TO_149,999","HOUSEHOLDS_150,000_TO_199,999","HOUSEHOLDS_200,000_OR_MORE",HOUSEHOLDS_MEDIAN_INCOME,HOUSEHOLDS_MEAN_INCOME
1400000US53033000101,"Census Tract 1.01, King County, Washington",1691,5.6,3.1,7.5,10.8,14.3,22.1,8.6,20.6,3,4.4,57004,87517
1400000US53033000102,"Census Tract 1.02, King County, Washington",2146,7.2,6.6,9.1,9,6.8,13.7,15.8,7.6,8.2,16,71476,114210
1400000US53033000201,"Census Tract 2.01, King County, Washington",2326,3.7,2.1,8.3,2.1,12.6,14.6,18.2,19.9,6.5,11.7,83570,123999
1400000US53033000202,"Census Tract 2.02, King County, Washington",1550,6.8,5,1.9,0,5,21.7,7.5,23.9,16.8,11.3,104167,111515
1400000US53033000300,"Census Tract 3, King County, Washington",1127,0,1.9,1.3,3.2,9.9,12.9,9.5,34.1,13.8,13.5,108258,135337
1400000US53033000402,"Census Tract 4.02, King County, Washington",2546,2.1,1.6,5.2,3.8,9,21.2,17.3,14.8,6.8,18.2,78956,124458
1400000US53033000403,"Census Tract 4.03, King County, Washington",1714,10.6,12.4,9.4,12.1,8.3,12.7,9.3,9.8,4.2,11.3,39470,79707
1400000US53033000404,"Census Tract 4.04, King County, Washington",2310,5.2,10.5,9.7,20.5,16.1,15.3,9.2,12.5,0.3,0.8,39818,50035
1400000US53033000500,"Census Tract 5, King County, Washington",1263,4,0.8,0,3,5.1,8.4,6.8,21.6,16,34.2,150446,204538
1400000US53033000601,"Census Tract 6.01, King County, Washington",1799,1.2,0,1.1,7.1,5.3,14,28.4,14.5,13.2,15.2,88406,120533
1400000US53033000602,"Census Tract 6.02, King County, Washington",1497,0,2.7,3.3,1.7,7.9,21.5,16.2,17.7,8.7,20.3,98305,119660
1400000US53033000700,"Census Tract 7, King County, Washington",2345,3.5,2.7,8.6,5.6,9.6,17,12.2,16.6,12.5,11.6,81200,104163
1400000US53033000800,"Census Tract 8, King County, Washington",1144,0.8,0,2.1,2.4,9.2,8.3,22.9,16.3,11,27.1,116250,139660
1400000US53033000900,"Census Tract 9, King County, Washington",892,1,0,1.1,4.9,8.5,10.1,15.1,16.1,11.8,31.3,122778,177667
1400000US53033001000,"Census Tract 10, King County, Washington",769,9.2,1.6,1,4.8,4.7,13.3,9,22.5,16.8,17.2,118098,132680
1400000US53033001100,"Census Tract 11, King County, Washington",1076,2.2,0,1.5,2.8,6.3,10.8,12.3,25.6,13.4,25.2,128646,142459
1400000US53033001201,"Census Tract 12.01, King County, Washington",2286,11.9,10.4,14.8,6.4,9.1,19.3,16,8.4,1.5,2.4,43228,54033
1400000US53033001202,"Census Tract 12.02, King County, Washington",1454,15,2.5,7,6.9,10,14.7,13.7,14.6,8,7.6,64274,82085
1400000US53033001300,"Census Tract 13, King County, Washington",2410,2.4,4.9,7.9,5.3,9,13.3,19,23.9,6.4,8,80804,92854
1400000US53033001400,"Census Tract 14, King County, Washington",2248,1.7,0,5.5,6.6,4.3,14.9,13.7,18.9,9.7,24.6,109688,144298
1400000US53033001500,"Census Tract 15, King County, Washington",1124,6.7,0.7,3.7,0,5,4.3,11.9,16.5,14.5,36.7,152917,181837
1400000US53033001600,"Census Tract 16, King County, Washington",1841,1.2,0.4,2.5,3.4,2.9,7.6,5.8,10.9,15.4,49.8,197813,217928
1400000US53033001701,"Census Tract 17.01, King County, Washington",2142,1.6,1.7,9,4.6,6.4,10.6,16.2,30.2,11.5,8.2,94412,106239
1400000US53033001702,"Census Tract 17.02, King County, Washington",2276,4.4,0.6,3.5,2.5,7.7,16.2,17.6,21.3,7.6,18.5,96300,121457
1400000US53033001800,"Census Tract 18, King County, Washington",2318,0.8,0,2.6,5.2,10.6,9.7,18,23.7,12.8,16.5,102397,132310
1400000US53033001900,"Census Tract 19, King County, Washington",2261,4.4,1.1,3.7,3,5,13,12,17.8,14,26.1,124226,150846
1400000US53033002000,"Census Tract 20, King County, Washington",1516,2.8,2.8,1.5,2.1,5.2,12.9,12.9,18.5,10.6,30.5,128393,164398
1400000US53033002100,"Census Tract 21, King County, Washington",1829,4.5,1.3,1.1,5.5,5.7,9.3,9.3,19.4,14.1,29.6,132545,157374
1400000US53033002200,"Census Tract 22, King County, Washington",2338,4.9,4.8,1.8,2.7,5.9,5.3,11.3,13.7,13.4,36.3,146786,188890
1400000US53033002400,"Census Tract 24, King County, Washington",1363,0.6,0.6,1.5,3.3,5.1,7.4,9.8,19.7,13.9,38.2,154779,174615
1400000US53033002500,"Census Tract 25, King County, Washington",1299,2.2,1.1,5,2,4.7,6.9,8.9,19.2,10.8,39.3,150052,187138
1400000US53033002600,"Census Tract 26, King County, Washington",1874,0,0.4,6.6,6.1,5.5,10.4,8.7,11,21.8,29.6,165147,181671
1400000US53033002700,"Census Tract 27, King County, Washington",2376,3.5,2.5,1,8.2,2.9,8.7,6.6,11.3,13.3,42,164813,194846
1400000US53033002800,"Census Tract 28, King County, Washington",2226,1.3,2.3,2.1,3.3,3.1,14,10.6,22.6,10.9,29.8,128654,159883
1400000US53033002900,"Census Tract 29, King County, Washington",2095,3.5,3.1,3.8,2.3,3.5,10.3,10.8,15.4,17.6,29.6,136410,164332
1400000US53033003000,"Census Tract 30, King County, Washington",2641,1.3,0,0,1.8,8.7,13.5,10.9,20.4,15,28.3,127688,171059
1400000US53033003100,"Census Tract 31, King County, Washington",2697,3.9,0.7,0.7,3.1,2.6,8.2,8.6,16.5,17.4,38.3,165651,195666
1400000US53033003201,"Census Tract 32.01, King County, Washington",2538,4.1,4,2.7,2.5,8.6,17.4,8.4,18.9,14.3,19.1,106750,181794
1400000US53033003202,"Census Tract 32.02, King County, Washington",2105,3.1,1.3,0,0,3.9,15.8,3.3,27.7,7.2,37.7,147272,178625
1400000US53033003301,"Census Tract 33.01, King County, Washington",2120,1.7,2,2.5,0.6,13,10.9,6.3,19.8,11.2,32,123833,154062
1400000US53033003302,"Census Tract 33.02, King County, Washington",1610,1.9,2.2,0.7,3,3,13.8,13.8,15.4,12.2,34,128158,170966
1400000US53033003400,"Census Tract 34, King County, Washington",1524,0.7,1,5.8,2.7,1,10.5,10.3,20.6,14.8,32.5,139360,211620
1400000US53033003500,"Census Tract 35, King County, Washington",1853,4.2,0,7.4,7.2,7.7,11.2,9.9,12.6,14.9,24.9,113520,157078
1400000US53033003601,"Census Tract 36.01, King County, Washington",1927,2.9,12.5,6.6,1.5,3.8,10.6,14.5,18.9,3.5,25.3,96622,137358
1400000US53033003602,"Census Tract 36.02, King County, Washington",2669,4.9,6.4,6.6,0.3,12,14.9,12.7,24.9,8.7,8.5,88958,100977
1400000US53033003800,"Census Tract 38, King County, Washington",941,4.9,2.7,3,3.2,3.9,8.6,15,15.3,9.6,33.9,130650,204428
1400000US53033003900,"Census Tract 39, King County, Washington",1142,0.9,2.6,3.6,8.4,2.3,4.4,14.6,11.1,17.7,34.4,161429,184126
1400000US53033004000,"Census Tract 40, King County, Washington",1389,5.6,3.4,1.2,7.6,4,12.3,10.7,11.6,5.5,38.2,125707,221115
1400000US53033004101,"Census Tract 41.01, King County, Washington",1412,0,0,0.8,2.8,0,3.3,4,7.3,15.6,66.3,"250,000+",387681
1400000US53033004102,"Census Tract 41.02, King County, Washington",1616,2.4,3.5,1.7,2,5.8,11.8,5.6,16.8,10.4,40.2,161875,218376
1400000US53033004201,"Census Tract 42.01, King County, Washington",1464,3.2,2.8,0,2.5,2.7,8.5,7.5,17.8,14.2,40.8,177644,287840
1400000US53033004202,"Census Tract 42.02, King County, Washington",1793,0,3,1.8,0,2.1,11.5,13.5,17.1,9,42,165257,205588
1400000US53033004301,"Census Tract 43.01, King County, Washington",1340,6.9,5.9,5.1,5.4,3.2,15,7.5,11.2,7.2,32.6,110893,154654
1400000US53033004302,"Census Tract 43.02, King County, Washington",1479,19.5,7.9,6.4,11.7,16.8,16.1,10.1,6.2,3.4,2,39507,55699
1400000US53033004401,"Census Tract 44.01, King County, Washington",1225,10,4,2.4,3.8,6,8.5,9.4,17.6,9.3,29.1,119313,147926
1400000US53033004402,"Census Tract 44.02, King County, Washington",1651,7.6,3.7,6.7,12.2,12,16,9.7,7.8,7.2,17.1,61328,96747
1400000US53033004500,"Census Tract 45, King County, Washington",1005,0,0.8,4.3,6.9,7.8,11.2,9.4,14.8,10.4,34.4,124327,171727
1400000US53033004600,"Census Tract 46, King County, Washington",1363,1.6,0,3,1.5,3.4,10.3,13.9,22.4,13.6,30.3,137721,177609
1400000US53033004701,"Census Tract 47.01, King County, Washington",2204,3,1.9,2.2,3.4,11.1,21.9,12.2,26,11.3,7.1,86065,100930
1400000US53033004702,"Census Tract 47.02, King County, Washington",2214,3.9,2.7,4,0,5.6,20.6,12.3,20.7,14.8,15.5,101897,128440
1400000US53033004703,"Census Tract 47.03, King County, Washington",2032,5.2,2.2,3,1.2,6.2,11.6,12.6,23.7,16,18.3,122412,130146
1400000US53033004800,"Census Tract 48, King County, Washington",2340,3.9,0,0,3.2,7.6,15.6,7.6,16.7,10.8,34.6,128160,187219
1400000US53033004901,"Census Tract 49.01, King County, Washington",1989,1,2.8,4.2,5.7,5.4,11.2,9.3,25.8,11.4,23.2,111374,156227
1400000US53033004902,"Census Tract 49.02, King County, Washington",1854,3.9,1.9,1.1,1.9,1.2,19.4,14,20.4,13.2,23.1,109697,152807
1400000US53033005000,"Census Tract 50, King County, Washington",2328,1.4,6.4,2.1,4.9,8.4,10.4,14.6,17.9,14.6,19.2,109891,135957
1400000US53033005100,"Census Tract 51, King County, Washington",1604,4.7,0,2.6,3.9,4.1,12,11.4,12.9,17,31.4,145278,183555
1400000US53033005201,"Census Tract 52.01, King County, Washington",1646,7.4,4.8,7.7,5.3,6.5,20.1,4.4,9.7,8.2,26,73333,132544
1400000US53033005202,"Census Tract 52.02, King County, Washington",1479,23.8,2.2,3.9,8.9,12.5,14.3,4.9,13.1,5.1,11.2,46830,79014
1400000US53033005304,"Census Tract 53.04, King County, Washington",148,33.1,4.7,22.3,14.9,15.5,6.8,2.7,0,0,0,21042,22899
1400000US53033005305,"Census Tract 53.05, King County, Washington",1215,32.3,4.4,12.5,8.6,17,13.6,5.3,6.2,0,0,26417,33624
1400000US53033005306,"Census Tract 53.06, King County, Washington",1640,26.6,7.7,11.7,3,12.8,16.1,1,12.5,5.9,2.6,37833,54474
1400000US53033005307,"Census Tract 53.07, King County, Washington",361,23.8,12.2,0,3.6,50.1,2.8,4.4,3,0,0,35684,31770
1400000US53033005401,"Census Tract 54.01, King County, Washington",2003,0,2.8,0.8,5.7,8.2,9.8,9.3,27.6,19.3,16.4,126131,141291
1400000US53033005402,"Census Tract 54.02, King County, Washington",1660,0.8,4.2,4.1,1.1,4.5,18.9,9,30.6,9.9,17,105882,124373
1400000US53033005600,"Census Tract 56, King County, Washington",2774,3.1,0,2.1,2,3.7,11.6,4.3,12.3,19.3,41.7,178297,228915
1400000US53033005700,"Census Tract 57, King County, Washington",2989,2.7,1.5,6.5,3.3,3.1,7.8,8.7,15.3,19.2,31.9,155802,189081
1400000US53033005801,"Census Tract 58.01, King County, Washington",3153,1.6,0.4,2.5,1.9,7.5,5.7,15.8,24,20,20.5,124392,150059
1400000US53033005803,"Census Tract 58.03, King County, Washington",1497,5.7,0.9,1.7,3.9,5.2,16.4,5.2,19,12.6,29.4,131385,152580
1400000US53033005804,"Census Tract 58.04, King County, Washington",1529,1.4,3.3,6.1,5.2,5.8,16.1,25.5,19.9,6.1,10.7,82289,101497
1400000US53033005901,"Census Tract 59.01, King County, Washington",1297,1.6,0,2.9,9.3,1.2,11.3,14.5,14,19,26.1,140036,168732
1400000US53033005902,"Census Tract 59.02, King County, Washington",1716,4,0.7,0.6,2.1,5.9,9.3,8.3,13.9,9.6,45.7,164828,195217
1400000US53033006000,"Census Tract 60, King County, Washington",3076,3,1.1,1.4,6.2,4.9,16.8,13,19.4,7.5,26.7,106682,177962
1400000US53033006100,"Census Tract 61, King County, Washington",3065,6.1,2.7,1.3,2.3,5.2,16.4,9.9,14.3,9.2,32.7,128904,160479
1400000US53033006200,"Census Tract 62, King County, Washington",1632,0,0,8,0.5,6.3,5.4,5.4,16.1,7,51.3,215781,260572
1400000US53033006300,"Census Tract 63, King County, Washington",2648,3.7,0.9,1.6,5.6,7.1,7.6,9,16.9,5,42.7,139000,317544
1400000US53033006400,"Census Tract 64, King County, Washington",1460,4.1,0,1.6,11.2,4,6.6,4.2,11.3,15.6,41.4,167167,244601
1400000US53033006500,"Census Tract 65, King County, Washington",2665,1.7,0.6,3.3,5.3,5,12.5,7.4,23.8,11.4,28.9,121546,174957
1400000US53033006600,"Census Tract 66, King County, Washington",2351,1.9,0.6,0,5.1,6.9,10.2,12.1,20.6,12.9,29.6,132326,169436
1400000US53033006701,"Census Tract 67.01, King County, Washington",1992,0,0,1.2,3.1,3.2,18.4,1.8,18,22.7,31.8,153387,161844
1400000US53033006702,"Census Tract 67.02, King County, Washington",1980,10.1,0,0,1.6,1.6,9.3,16.7,25.5,13.3,22,114222,131511
1400000US53033006703,"Census Tract 67.03, King County, Washington",1882,1.8,0,1.9,5.8,7.6,12.2,19.7,26.8,4.6,19.6,103393,161546
1400000US53033006800,"Census Tract 68, King County, Washington",1537,2,0.5,2.5,1.5,3.4,12.2,11.6,17.8,10.6,37.9,148164,243911
1400000US53033006900,"Census Tract 69, King County, Washington",2142,2.8,0.5,2.6,2.8,8.4,7.8,10.2,14.8,7.5,42.6,150139,215127
1400000US53033007001,"Census Tract 70.01, King County, Washington",2870,3.8,6.5,4.1,4.8,19.8,21.3,8.3,8.9,8.6,13.9,58088,102741
1400000US53033007002,"Census Tract 70.02, King County, Washington",2245,5.9,2.6,2.4,5.6,14.2,22.1,6,20.5,5.5,15.1,69613,112844
1400000US53033007101,"Census Tract 71.01, King County, Washington",1860,1.9,0,1.1,5.4,3.5,14.6,15.1,36.6,11.5,10.4,112258,122385
1400000US53033007102,"Census Tract 71.02, King County, Washington",1680,5.2,4.1,4.8,5.7,5.7,8.8,16.9,10.1,17.3,21.4,96154,143837
1400000US53033007201,"Census Tract 72.01, King County, Washington",3535,5.5,6.4,11.9,11.3,3.6,5.9,3.8,10.6,16.4,24.6,109335,141929
1400000US53033007202,"Census Tract 72.02, King County, Washington",1932,3.3,0,1.9,3.5,3.6,7.5,9.7,10.2,12.9,47.4,173264,193412
1400000US53033007203,"Census Tract 72.03, King County, Washington",1982,1.3,1.7,1.8,3.9,3.7,20.5,2,22.4,19.3,23.3,120000,139721
1400000US53033007301,"Census Tract 73.01, King County, Washington",1916,10,1.9,7,4.7,7.7,12.6,8.7,17.6,15.3,14.4,91232,111070
1400000US53033007302,"Census Tract 73.02, King County, Washington",3091,10.6,1.3,2.6,4.2,9.8,3.5,8.8,18.5,11.4,29.4,132978,148483
1400000US53033007303,"Census Tract 73.03, King County, Washington",1844,0,0,7.1,2.6,2.1,11.1,10.8,28.4,8.7,29.2,123095,142009
1400000US53033007403,"Census Tract 74.03, King County, Washington",1911,4.7,1.8,2.5,5,10.2,17.6,13.3,13.2,13.5,18.3,85260,113349
1400000US53033007404,"Census Tract 74.04, King County, Washington",2046,2.9,0.8,2.3,1.6,11,23.2,8.8,24.8,10,14.4,97794,118235
1400000US53033007405,"Census Tract 74.05, King County, Washington",1850,2.7,3.4,3.6,10.2,20.9,8.8,19.2,13.6,11.4,6.2,76250,87524
1400000US53033007406,"Census Tract 74.06, King County, Washington",1914,9.7,2,10.2,4.6,16.9,18.3,11.8,6.4,11.9,8.2,56801,95129
1400000US53033007501,"Census Tract 75.01, King County, Washington",2844,5.4,7.8,17.8,1.5,7.6,14.8,5.3,16,5.1,18.7,68798,107512
1400000US53033007502,"Census Tract 75.02, King County, Washington",1757,8.4,9.4,2,4.7,9.4,8.4,7.3,34.3,10.7,5.3,101375,90152
1400000US53033007503,"Census Tract 75.03, King County, Washington",1662,10,0,9.5,5.8,17.8,7.2,10.9,10.6,17.8,10.3,64609,102256
1400000US53033007600,"Census Tract 76, King County, Washington",2219,4,4.1,3.9,3.6,9,8.4,12.6,20.4,10.3,23.7,120103,158424
1400000US53033007700,"Census Tract 77, King County, Washington",2537,2.4,3.2,0,4.1,7.4,13.8,10.8,16.1,15,27.2,126815,190826
1400000US53033007800,"Census Tract 78, King County, Washington",2231,1.5,2.8,1.7,3.5,5.9,6.9,2.9,16.4,15.6,43,169159,247992
1400000US53033007901,"Census Tract 79.01, King County, Washington",2032,10.5,2.4,5.4,9.9,12,10.4,10.9,14.5,4.5,19.4,69510,123850
1400000US53033007902,"Census Tract 79.02, King County, Washington",1930,11.6,2.2,2.5,5.2,13.4,15.1,7.7,11.3,5.9,25.1,75074,135180
1400000US53033008002,"Census Tract 80.02, King County, Washington",2744,10,9.9,4.3,3.6,6.6,7.4,6.8,22,11.8,17.4,102365,116410
1400000US53033008003,"Census Tract 80.03, King County, Washington",2826,7,6.5,3.4,3.9,6,12.1,10.6,16.2,11.4,22.8,108111,129190
1400000US53033008004,"Census Tract 80.04, King County, Washington",2154,0.9,3.2,2.9,2.8,5.3,5.7,2.4,17.8,17.1,41.8,180086,183820
1400000US53033008101,"Census Tract 81.01, King County, Washington",1833,10.7,4.3,8.8,2.7,4.5,12.9,11.5,12.7,13,19,87820,131999
1400000US53033008102,"Census Tract 81.02, King County, Washington",1460,6.3,6.6,5.5,4,7.8,2.3,11.2,27.6,5.8,22.8,107250,151451
1400000US53033008200,"Census Tract 82, King County, Washington",2856,9.9,1.2,3.9,3,6.7,10.7,7.6,23.7,14.6,18.8,116250,143862
1400000US53033008300,"Census Tract 83, King County, Washington",2055,10.9,3.5,6.6,3,6.4,14.3,5.1,25.7,10.3,14.4,102962,113441
1400000US53033008401,"Census Tract 84.01, King County, Washington",2153,3.2,2.3,6.2,6.8,9.5,22.6,5.1,17.4,20.9,6,74622,108335
1400000US53033008402,"Census Tract 84.02, King County, Washington",2099,2.1,0,7.3,3.8,5.6,37.2,9,11.1,11.2,12.6,70989,99656
1400000US53033008500,"Census Tract 85, King County, Washington",1920,9.6,4.4,5.3,5.9,11.3,20.1,10.1,15.2,6.3,12,72520,99882
1400000US53033008600,"Census Tract 86, King County, Washington",2931,7.8,10.2,6,2.7,6.7,19.1,11.7,15.2,4.6,15.9,66607,104849
1400000US53033008700,"Census Tract 87, King County, Washington",1841,5.6,3.2,5.6,5.7,1.2,7.9,8.7,13,21,28.1,144531,164290
1400000US53033008800,"Census Tract 88, King County, Washington",1650,7.2,1.3,0.8,7.1,3.4,5.7,15.9,14.5,13.1,31,143583,177982
1400000US53033008900,"Census Tract 89, King County, Washington",2543,3.9,0.1,2.6,1.5,5.6,19.2,10.9,20,9.8,26.4,118149,215313
1400000US53033009000,"Census Tract 90, King County, Washington",2080,11.9,9.4,5.4,9.3,6,10.6,14.4,17,4.3,11.8,64865,93252
1400000US53033009100,"Census Tract 91, King County, Washington",1773,9.1,10.9,22.7,4.2,12,13.7,11.7,8.7,3.4,3.7,41619,56977
1400000US53033009200,"Census Tract 92, King County, Washington",1891,17.2,10.6,14.5,7.2,14.1,17.2,5.4,5.9,1.1,6.7,36875,58957
1400000US53033009300,"Census Tract 93, King County, Washington",1558,5.4,1.2,0.8,5.1,3.1,18.8,13.3,25.7,8.6,17.9,111875,139425
1400000US53033009400,"Census Tract 94, King County, Washington",3103,2.2,3.6,4.7,6.4,15.2,17.4,10.1,16.3,7.8,16.3,80288,118401
1400000US53033009500,"Census Tract 95, King County, Washington",2876,3.4,0.5,5.3,7.3,9.1,10.8,5.8,15.5,6.5,35.8,131412,178794
1400000US53033009600,"Census Tract 96, King County, Washington",2847,2.1,0.5,4.8,5.6,8.7,7.8,6,15.8,16.8,31.9,142930,183574
1400000US53033009701,"Census Tract 97.01, King County, Washington",2791,2.7,0.4,3.8,5.4,7.1,10.7,15.5,16.8,10.5,27.2,113750,166988
1400000US53033009702,"Census Tract 97.02, King County, Washington",2215,0.7,0,0,1.2,7.2,11.8,8.4,21.4,17.2,32.1,145461,182944
1400000US53033009801,"Census Tract 98.01, King County, Washington",1461,0,2.7,1.2,12.6,0.5,12.3,11.6,10.7,21.1,27.2,144688,169275
1400000US53033009802,"Census Tract 98.02, King County, Washington",1764,0.7,2.6,5,4.7,13.8,14.2,6,19,4.7,29.2,113370,134644
1400000US53033009900,"Census Tract 99, King County, Washington",2981,4,2,4.5,6.5,7,18.7,14.4,18.6,8.7,15.7,86663,116854
1400000US53033010001,"Census Tract 100.01, King County, Washington",1627,14.7,7.3,5,6.6,10.1,10.3,8.5,14.9,13.5,9,61326,112911
1400000US53033010002,"Census Tract 100.02, King County, Washington",1975,2.9,3.6,7.9,4.3,9.6,17.1,11.4,15.6,11.3,16.2,81887,113149
1400000US53033010102,"Census Tract 101.02, King County, Washington",1734,4.6,0.5,5.6,3.5,2.5,8.7,7.4,19.2,17.4,30.6,139407,165644
1400000US53033010200,"Census Tract 102, King County, Washington",1935,4.4,0.4,3.4,3.2,5.5,6.1,10.8,18.8,14.9,32.5,146250,174685
1400000US53033010301,"Census Tract 103.01, King County, Washington",1484,11.9,2.1,3.5,6.4,3.6,16.2,4,16.2,10,26.1,106250,140577
1400000US53033010302,"Census Tract 103.02, King County, Washington",1586,3.6,3.9,6.4,3.5,5.4,16.1,6.6,22.6,7,25,110538,161105
1400000US53033010401,"Census Tract 104.01, King County, Washington",1388,5.4,4.2,4.1,3.6,4.8,19.7,6.8,20.6,16.5,14.3,106071,127524
1400000US53033010402,"Census Tract 104.02, King County, Washington",1591,2.2,2.8,6,2,4.5,8,24.1,23.1,12.7,14.6,100255,120904
1400000US53033010501,"Census Tract 105.01, King County, Washington",2102,7.6,1.2,2.8,7.7,5.4,4.8,19,21.8,11,18.8,103409,128226
1400000US53033010502,"Census Tract 105.02, King County, Washington",3054,0.6,3.4,6,1.9,8.3,8.2,14.7,22.8,15.9,18.3,111769,127493
1400000US53033010601,"Census Tract 106.01, King County, Washington",1975,2.7,2,5.2,1.9,6.2,6.1,12.3,21,15.9,26.8,140133,157241
1400000US53033010602,"Census Tract 106.02, King County, Washington",1943,2,6.8,3,0.7,7.5,13.5,17.1,12,10.7,26.7,94470,148323
1400000US53033010701,"Census Tract 107.01, King County, Washington",1784,10.1,3.9,10.7,2.4,2.4,12.3,9.1,25,10.9,13.1,96638,106547
1400000US53033010702,"Census Tract 107.02, King County, Washington",1815,6,4.8,13.6,7.1,8.3,11.5,3.9,20.1,8.3,16.5,69233,108718
1400000US53033010800,"Census Tract 108, King County, Washington",1839,1.1,2.1,4.2,4.1,6.8,13.6,14.4,13.6,16.6,23.5,109375,135825
1400000US53033010900,"Census Tract 109, King County, Washington",625,10.4,1,13.3,5.8,9.9,14.2,6.2,17.4,7.5,14.2,56902,107804
1400000US53033011001,"Census Tract 110.01, King County, Washington",1826,17.5,13.6,4,10.1,5.2,10.9,7.4,13.9,7.6,9.8,47813,80913
1400000US53033011002,"Census Tract 110.02, King County, Washington",1296,3.7,3.3,11.3,10.3,16.7,16.2,12.3,12,4.6,9.4,52418,78534
1400000US53033011101,"Census Tract 111.01, King County, Washington",2153,3.3,5.2,7.3,5.1,12.7,13.4,15.8,19.7,10.4,7,81250,98553
1400000US53033011102,"Census Tract 111.02, King County, Washington",1892,2.4,1.9,5.4,2.4,6.9,20.2,6.4,17,15.1,22.3,113553,161102
1400000US53033011200,"Census Tract 112, King County, Washington",1451,11.9,4.1,4.1,9,13.7,17.1,3.7,19.6,9.2,7.6,61935,106526
1400000US53033011300,"Census Tract 113, King County, Washington",2811,2.2,3.3,11.3,8.3,7.2,13.1,10.6,12.1,17.9,13.9,85125,111106
1400000US53033011401,"Census Tract 114.01, King County, Washington",1841,2,2.8,3.3,7.8,7.4,13.6,14.6,25.8,8.3,14.3,96625,111964
1400000US53033011402,"Census Tract 114.02, King County, Washington",1918,0.3,5.4,9.9,4.5,9.4,19.8,13.8,26.2,3.9,6.8,77656,88225
1400000US53033011500,"Census Tract 115, King County, Washington",1979,3.9,2.2,0.9,8.8,7.3,13,14.1,19.7,13.6,16.5,99719,124997
1400000US53033011601,"Census Tract 116.01, King County, Washington",1377,1.2,2.2,2.6,4.4,1.1,11.3,11.5,17.7,19.6,28.5,146519,189907
1400000US53033011602,"Census Tract 116.02, King County, Washington",1478,0.9,3.1,0,3.7,5.8,9.1,11.3,34.2,15,16.8,116842,133743
1400000US53033011700,"Census Tract 117, King County, Washington",1595,1.6,1.1,6.3,5.1,11.7,17,18.9,18.7,9.3,10.2,82697,103159
1400000US53033011801,"Census Tract 118.01, King County, Washington",1137,4.5,0,9.8,2.4,10,12.3,13.8,18.9,16.7,11.6,95938,131218
1400000US53033011802,"Census Tract 118.02, King County, Washington",1872,11.3,6.8,3.6,6.1,15.2,13.1,10.6,18.4,6.7,8.1,67143,80682
1400000US53033011901,"Census Tract 119.01, King County, Washington",1337,0.9,0,4,1.9,10.4,7,10.8,23.7,18.6,22.7,133498,195089
1400000US53033011902,"Census Tract 119.02, King County, Washington",1229,3.8,0.8,0,17.2,1.1,13.3,8.5,37.8,8,9.5,115917,123982
1400000US53033012000,"Census Tract 120, King County, Washington",1499,1.7,0,1.3,2.5,7.9,13.3,13.5,21.9,20.4,17.5,114159,135928
1400000US53033012100,"Census Tract 121, King County, Washington",1162,1.6,1,2.4,4.3,4.9,10.1,3.9,14.7,17.5,39.6,167813,198464
1400000US53033020100,"Census Tract 201, King County, Washington",1316,4.8,5.9,3.6,2.7,9.3,11.6,11.9,12.8,13.4,24,100385,151800
1400000US53033020200,"Census Tract 202, King County, Washington",2228,9.3,3.5,5.4,7.5,6.1,14.8,7.7,12.3,10.9,22.5,88269,125265
1400000US53033020301,"Census Tract 203.01, King County, Washington",1586,3.1,4.2,9.3,6.2,14.7,16.6,18.5,11,5,11.4,65850,106591
1400000US53033020302,"Census Tract 203.02, King County, Washington",1414,4.4,2.5,11.3,4.2,1.4,20.5,9.6,24,12.1,10,82625,102783
1400000US53033020401,"Census Tract 204.01, King County, Washington",1467,3.5,0.7,7.9,3.8,10.5,16.8,15.9,24,5.9,10.8,88589,98903
1400000US53033020402,"Census Tract 204.02, King County, Washington",2200,4,1.3,4.3,5.2,4.8,15.4,17.4,19.7,12.8,15.1,95500,120528
1400000US53033020500,"Census Tract 205, King County, Washington",2912,1.2,2.9,4.3,10.7,9.3,9.4,10.8,19.3,9.2,22.7,105637,128874
1400000US53033020600,"Census Tract 206, King County, Washington",1176,0.5,0.9,3,2.7,3.1,20.8,7.7,27.4,13.1,20.7,129571,143578
1400000US53033020700,"Census Tract 207, King County, Washington",1657,3.6,1.9,7.2,5.5,8.5,15.1,16.8,16.2,10.6,14.6,88290,110881
1400000US53033020800,"Census Tract 208, King County, Washington",1779,1.8,1.7,7,2.9,5.5,7,7.6,21.2,20.1,25.2,136080,160250
1400000US53033020900,"Census Tract 209, King County, Washington",1385,4.4,2.2,9.7,3.8,4.1,9.3,14.9,19.7,14.7,17.1,104375,139973
1400000US53033021000,"Census Tract 210, King County, Washington",2299,5.6,2.4,4.1,1.4,13.5,7.6,12.9,23.1,10.8,18.7,101828,117922
1400000US53033021100,"Census Tract 211, King County, Washington",1669,2.1,2.8,3.1,7,7.3,13.5,10.8,20.7,19.9,13,107882,121174
1400000US53033021300,"Census Tract 213, King County, Washington",1846,4.1,2.5,3.5,3.8,8.9,14.2,13.5,20.6,14.4,14.4,97105,128180
1400000US53033021400,"Census Tract 214, King County, Washington",1536,0.5,0.5,1.7,1.7,3.2,15.4,5.7,20.4,22.7,28.3,151667,178502
1400000US53033021500,"Census Tract 215, King County, Washington",1706,0,0.8,1,0.9,6.2,8.1,9,21.4,16.7,35.9,160000,181143
1400000US53033021600,"Census Tract 216, King County, Washington",2037,6.2,0.4,4.4,0,7.5,16.3,10.5,17.2,11,26.5,112277,144379
1400000US53033021701,"Census Tract 217.01, King County, Washington",1455,0,2.7,2.5,7.6,1.9,11.5,13.3,10.8,14.5,35.2,148875,197049
1400000US53033021702,"Census Tract 217.02, King County, Washington",2461,7.4,4.6,3.5,2.8,11.2,21.9,11,11.4,8.7,17.6,74531,113765
1400000US53033021802,"Census Tract 218.02, King County, Washington",2309,1.3,2.4,3.5,1.6,7.4,15.7,14.6,17.5,11,25.2,113472,150696
1400000US53033021803,"Census Tract 218.03, King County, Washington",2597,3.6,0.9,3.5,2.5,9.6,10.9,12.3,26.8,15,14.9,115778,121565
1400000US53033021804,"Census Tract 218.04, King County, Washington",2116,3.4,2.8,4.3,3.3,9.1,18.7,7.9,27.7,8.3,14.5,101786,109296
1400000US53033021903,"Census Tract 219.03, King County, Washington",2516,5.3,2.1,4.7,4.1,11.2,14.5,11.5,19.5,13.8,13.4,84471,113232
1400000US53033021904,"Census Tract 219.04, King County, Washington",1893,2.7,0,2.9,6.3,1.8,11.3,10.3,24.2,15.2,25.3,129844,168662
1400000US53033021905,"Census Tract 219.05, King County, Washington",2221,1.7,0,1,5.3,8.5,13.9,17.6,26.3,8.5,17.1,104671,121821
1400000US53033021906,"Census Tract 219.06, King County, Washington",1883,1.2,1,2.4,2.5,8.5,11.8,9.4,24.3,12.2,26.7,126023,156555
1400000US53033022001,"Census Tract 220.01, King County, Washington",2340,1.2,2.6,3.2,2.2,6.3,16.7,11.8,17.1,13,25.8,118409,136746
1400000US53033022003,"Census Tract 220.03, King County, Washington",1917,0.4,0.6,0.8,6.1,3.7,16.1,11.1,26.8,17,17.5,121753,130791
1400000US53033022005,"Census Tract 220.05, King County, Washington",2047,8,1.1,5.6,3.8,5.7,21.3,12.5,13.2,11.5,17.5,86783,122462
1400000US53033022006,"Census Tract 220.06, King County, Washington",1843,1.7,1.8,2.1,3.7,5,15.6,14.6,17.8,14.1,23.5,110931,145959
1400000US53033022101,"Census Tract 221.01, King County, Washington",1988,3.3,1.1,3.1,3.7,4.4,9.7,8,13.9,18.3,34.6,160000,174491
1400000US53033022102,"Census Tract 221.02, King County, Washington",2310,1.9,4.1,0.5,3.9,2.1,10.2,8.4,20.7,13.4,34.8,147452,167490
1400000US53033022201,"Census Tract 222.01, King County, Washington",1738,3.1,2.5,2.8,4.9,6.1,15.1,14.7,13.1,14.5,23.1,107981,140833
1400000US53033022203,"Census Tract 222.03, King County, Washington",1975,2.8,0.4,9.3,3.5,3.2,5.6,4.8,23.3,12.1,35,136140,182036
1400000US53033022204,"Census Tract 222.04, King County, Washington",1307,6.4,0.6,3.7,5.8,8.7,5.1,7.5,23.3,19.3,19.4,130762,153310
1400000US53033022205,"Census Tract 222.05, King County, Washington",2041,10.4,3.5,0.7,4.7,7.8,13.5,9.8,19.5,16,14,99063,112852
1400000US53033022300,"Census Tract 223, King County, Washington",1065,2,1.9,0.8,2.9,4.7,8.5,9.1,10.9,15.3,44,164556,225567
1400000US53033022401,"Census Tract 224.01, King County, Washington",1457,1.9,2.8,4.9,3.4,4.8,8.4,11.9,13.6,15.5,32.9,148321,200200
1400000US53033022402,"Census Tract 224.02, King County, Washington",2583,3.9,1.7,10.6,5.1,5.1,9.2,8.9,10.1,9.8,35.6,117361,204632
1400000US53033022501,"Census Tract 225.01, King County, Washington",1747,5.4,0.6,1.3,7.8,2.9,12.4,6,10.5,17.4,35.8,154978,232144
1400000US53033022502,"Census Tract 225.02, King County, Washington",2249,2.8,3.6,3.2,3.5,5.6,13.1,11.6,16.5,11.1,28.9,127649,193437
1400000US53033022603,"Census Tract 226.03, King County, Washington",2575,1.2,0,2.4,6.2,4.7,9,11.8,15.9,16.9,32.1,139180,187487
1400000US53033022604,"Census Tract 226.04, King County, Washington",1792,2,0.4,1.4,2.8,5.3,8.7,4.4,23.7,17.9,33.4,155500,200213
1400000US53033022605,"Census Tract 226.05, King County, Washington",2783,1.9,2.4,1.1,1.3,2.7,14,20.1,21.8,15.5,19.3,114683,142893
1400000US53033022606,"Census Tract 226.06, King County, Washington",2423,0,0,4.3,1.5,6.3,16.1,10.7,16.2,15.1,29.7,124844,182523
1400000US53033022701,"Census Tract 227.01, King County, Washington",1780,1.7,5.2,2.3,8,1,8.3,6.1,13.3,13.8,40.3,161522,223207
1400000US53033022702,"Census Tract 227.02, King County, Washington",1289,1.8,1.8,2.2,8.4,3.1,7.9,7.7,12.3,8.1,46.7,188102,288696
1400000US53033022703,"Census Tract 227.03, King County, Washington",987,1,0.5,0,2.1,5,4,16.2,15.4,13.7,42.1,163977,267551
1400000US53033022802,"Census Tract 228.02, King County, Washington",2305,3.2,0.3,1.7,5.6,5.3,4.4,13.1,12.3,18.3,35.7,156392,194632
1400000US53033022803,"Census Tract 228.03, King County, Washington",3210,6.6,6.3,3.3,3.3,4.2,4.9,6.1,15.8,24.3,25.1,147738,163639
1400000US53033022804,"Census Tract 228.04, King County, Washington",2378,4.5,0.7,1.2,6.6,6.6,12.2,15.7,23.7,7.8,21.2,113750,140465
1400000US53033022805,"Census Tract 228.05, King County, Washington",1721,0,1.8,2.1,2.4,7.2,2,14.9,30.5,9,30,130162,194612
1400000US53033022901,"Census Tract 229.01, King County, Washington",1114,0.6,1.5,1.6,3.9,2.9,9,3,23.3,21.1,33,160586,189554
1400000US53033022902,"Census Tract 229.02, King County, Washington",2650,2.5,2.3,0.7,1.8,5.2,8.9,8.1,15.4,14.4,40.5,164241,211816
1400000US53033023000,"Census Tract 230, King County, Washington",2697,2.3,1.2,1.1,1.3,4,9.4,6.6,19.7,17.4,37.1,164612,216991
1400000US53033023100,"Census Tract 231, King County, Washington",1473,3.4,0.5,1.6,0.5,5,8.2,5.8,17.8,18.7,38.4,162708,212193
1400000US53033023201,"Census Tract 232.01, King County, Washington",2402,5,5.7,3.6,1.8,5.3,7.7,19.5,17.3,14.9,19.2,101778,147282
1400000US53033023202,"Census Tract 232.02, King County, Washington",1889,6.4,8.4,7.8,6.4,9.6,15.4,11.5,11.3,4.9,18.3,69659,126202
1400000US53033023300,"Census Tract 233, King County, Washington",2415,0.9,0,8.2,1.7,6.1,18.6,5,16.9,7.9,34.6,120625,156619
1400000US53033023401,"Census Tract 234.01, King County, Washington",1649,3.3,1.5,5.8,3.8,5.7,8.4,8.9,22.7,23.5,16.4,119795,140295
1400000US53033023403,"Census Tract 234.03, King County, Washington",1477,2,5.6,0.5,1.3,5.8,9.5,9.8,16.2,12.4,36.9,148688,205332
1400000US53033023404,"Census Tract 234.04, King County, Washington",1328,6.6,0,3.6,1.5,5.1,9.9,7.5,22,14.4,29.4,123438,179657
1400000US53033023500,"Census Tract 235, King County, Washington",1495,3.6,0,0.4,6.6,4.3,11.6,6.4,21.7,16.5,28.9,143417,184679
1400000US53033023601,"Census Tract 236.01, King County, Washington",2003,5.8,2.7,3.9,4.5,6.3,6.4,8.2,19.7,13.1,29.4,131806,181637
1400000US53033023603,"Census Tract 236.03, King County, Washington",2703,5.8,0.8,4.4,0.5,5.4,10.2,10.8,13.2,19.6,29.3,144539,160576
1400000US53033023604,"Census Tract 236.04, King County, Washington",2512,6.4,2.9,13.7,2,5.7,9.4,6.2,21.9,10.3,21.4,105945,157610
1400000US53033023701,"Census Tract 237.01, King County, Washington",1706,0.4,1.1,1.2,1.4,2.6,6.4,9.4,16.4,21.8,39.2,182353,243077
1400000US53033023702,"Census Tract 237.02, King County, Washington",466,6.9,8.2,0,0,3,7.5,20.6,18,7.7,28.1,120427,151440
1400000US53033023801,"Census Tract 238.01, King County, Washington",1448,2.3,0.9,2.8,6.4,5.5,10.4,10.7,21.9,8.7,30.4,119022,153941
1400000US53033023805,"Census Tract 238.05, King County, Washington",1914,2.7,1.2,2,1,4.5,15.8,12.7,17,10.9,32.1,136848,171022
1400000US53033023806,"Census Tract 238.06, King County, Washington",2119,2.5,0.7,1.8,2.4,10,7.2,10.5,17.3,13.8,33.8,145488,156391
1400000US53033023807,"Census Tract 238.07, King County, Washington",3395,1.9,4.7,4.1,0.4,6.1,7.1,8.1,21,13.7,32.8,136408,214373
1400000US53033023808,"Census Tract 238.08, King County, Washington",1735,1.8,4.1,5,2.3,2.6,5,10.9,26.7,8.5,33.1,129302,179041
1400000US53033023901,"Census Tract 239.01, King County, Washington",1650,0.8,1.1,1,1.6,5,10.9,14.7,14.1,11.5,39.2,151964,261503
1400000US53033023902,"Census Tract 239.02, King County, Washington",1039,2.2,1.4,0,2.9,1.1,2,7.1,14,3.9,65.4,"250,000+",415433
1400000US53033024001,"Census Tract 240.01, King County, Washington",1649,5,1.3,4.1,2.3,4.4,3.2,15.6,10.4,14.7,38.9,172566,246899
1400000US53033024002,"Census Tract 240.02, King County, Washington",1593,2.3,4.3,0.8,1.6,8.9,5.8,4.6,18,20.7,33.1,156146,230570
1400000US53033024100,"Census Tract 241, King County, Washington",1731,2.7,0.1,0.9,0.8,1.6,11.6,4,7.9,7.2,63.3,"250,000+",424043
1400000US53033024200,"Census Tract 242, King County, Washington",1054,1.1,0,1.4,1,2.5,8.7,4.6,12,17.5,51.1,208500,379331
1400000US53033024301,"Census Tract 243.01, King County, Washington",2470,6.1,0,8.7,8.6,3.4,11.7,12.1,17.8,12,19.6,97813,129763
1400000US53033024302,"Census Tract 243.02, King County, Washington",1505,3.6,0,1.1,11,3.3,12.8,5.3,9.7,6.4,46.8,195642,273447
1400000US53033024400,"Census Tract 244, King County, Washington",1201,5,2.2,2.1,6.7,9.1,10.3,12.6,18.2,8.2,25.8,102361,171104
1400000US53033024500,"Census Tract 245, King County, Washington",1716,0,0.4,1,1.5,6,4.6,2.4,14.2,8.1,61.7,242857,304241
1400000US53033024601,"Census Tract 246.01, King County, Washington",1635,2.1,0.3,6.2,0.4,3.1,2.9,1.1,12.7,6.8,64.3,"250,000+",396351
1400000US53033024602,"Census Tract 246.02, King County, Washington",1231,1.5,1,1.4,0.6,2,6.5,0.6,11,9.7,65.5,"250,000+",360069
1400000US53033024701,"Census Tract 247.01, King County, Washington",1343,9.1,3.2,0.8,5,7.4,13,13.6,12.1,9.8,26,96103,149082
1400000US53033024703,"Census Tract 247.03, King County, Washington",1582,0,1,4.6,1.3,8,9.5,5.2,14.5,11.1,44.8,179081,177359
1400000US53033024704,"Census Tract 247.04, King County, Washington",1496,1.2,2.6,0,1.4,4.1,16.1,9,12,22.6,31,163534,189790
1400000US53033024800,"Census Tract 248, King County, Washington",2304,1.4,1.8,6.9,1.2,9.2,12.6,10.2,21.1,20.7,14.9,113333,132112
1400000US53033024901,"Census Tract 249.01, King County, Washington",1640,0.5,0.3,2.5,1,2.9,9,4.2,14,16.3,49.3,194250,233513
1400000US53033024902,"Census Tract 249.02, King County, Washington",1331,0.3,0,0.5,1.2,1.1,11.5,7.4,15.9,15.9,46.4,183083,232320
1400000US53033024904,"Census Tract 249.04, King County, Washington",989,2.1,0,3.4,0,2,1.2,5.8,6.3,24.8,54.4,232696,248792
1400000US53033024905,"Census Tract 249.05, King County, Washington",1325,1.1,0,2,0,3.1,1,11.4,9.3,14.2,58,235515,262412
1400000US53033025001,"Census Tract 250.01, King County, Washington",2239,0.5,2.9,2.4,3.1,8.8,7.9,7.7,20.3,14.2,32.2,143523,181298
1400000US53033025005,"Census Tract 250.05, King County, Washington",2437,2.8,4.6,4.1,2.3,3.1,9.2,10.8,14.7,11.7,36.6,141985,245193
1400000US53033025006,"Census Tract 250.06, King County, Washington",2586,1.1,1.3,2.9,2.4,5.5,6.3,12,12.7,10.8,45,166520,237012
1400000US53033025007,"Census Tract 250.07, King County, Washington",1710,1.5,1.9,0.8,2,6.7,12.2,11,16.7,12.3,34.8,145147,213658
1400000US53033025008,"Census Tract 250.08, King County, Washington",855,2.6,0,0,2.1,0,13.6,6.3,16,13,46.4,181928,210087
1400000US53033025101,"Census Tract 251.01, King County, Washington",2236,3.1,3.9,0.9,3.4,10.5,16.5,12.1,11.9,15.6,22.2,99118,146248
1400000US53033025103,"Census Tract 251.03, King County, Washington",1528,1.5,0,5.8,4.5,3.2,15.1,12.8,22.1,13.9,21.1,115034,136401
1400000US53033025104,"Census Tract 251.04, King County, Washington",1348,1,0,1,4.4,7.6,13.8,16.3,12.3,15.2,28.3,121087,138409
1400000US53033025201,"Census Tract 252.01, King County, Washington",1580,3.4,0.4,4.9,10.8,15.7,5.6,9.5,26.8,11.8,11.2,96731,111646
1400000US53033025202,"Census Tract 252.02, King County, Washington",1900,3.5,3.2,6.4,2.9,4.9,14.2,14.3,25.3,4.9,20.3,100382,135069
1400000US53033025302,"Census Tract 253.02, King County, Washington",2753,7.3,6.5,13.9,12.5,12.6,14.9,11.3,11.6,3.4,5.9,46879,77903
1400000US53033025303,"Census Tract 253.03, King County, Washington",1431,5.4,2.1,8.6,8.9,9.9,12.2,10.9,24.6,4.5,12.9,78574,92793
1400000US53033025304,"Census Tract 253.04, King County, Washington",1680,1.8,1.1,4.9,0.7,4.2,14.2,10.5,36,7.1,19.6,112010,139183
1400000US53033025401,"Census Tract 254.01, King County, Washington",1605,0.9,0,10.3,8.3,13.1,24,18,17.3,2.9,5,65802,86135
1400000US53033025402,"Census Tract 254.02, King County, Washington",1430,0,2.5,6.5,8.8,8.8,11.2,16.2,36.6,8.1,1.2,86603,90504
1400000US53033025500,"Census Tract 255, King County, Washington",1931,6.8,2.2,1.5,5.7,11.4,26.2,17.8,12.7,12.7,3,70625,84205
1400000US53033025601,"Census Tract 256.01, King County, Washington",1868,0.9,0.6,3.4,6.7,10.3,28.4,16.2,15.4,8.4,9.6,74840,99396
1400000US53033025602,"Census Tract 256.02, King County, Washington",2173,0.4,0,0,2.1,2.5,6.3,12.7,23.1,23.7,29.1,158224,165550
1400000US53033025702,"Census Tract 257.02, King County, Washington",1168,0,0,2.8,2.7,9.7,9.2,15.7,35.5,12.2,12.2,110000,124622
1400000US53033025703,"Census Tract 257.03, King County, Washington",1510,3.1,3.4,7.9,8.3,6.8,21.1,18.1,17.6,7.6,6,71985,85351
1400000US53033025704,"Census Tract 257.04, King County, Washington",1448,4.1,3,5.9,7.1,20.5,6.4,16.3,16.1,5.2,15.4,84412,121900
1400000US53033025803,"Census Tract 258.03, King County, Washington",1643,6.1,3.2,4.6,4.7,13.7,15.5,18.1,19.4,7.8,6.9,77074,94654
1400000US53033025804,"Census Tract 258.04, King County, Washington",1280,4.6,3.8,9,1.3,9.9,13,14.2,17.7,19.2,7.3,84739,102535
1400000US53033025805,"Census Tract 258.05, King County, Washington",2242,5.7,0,6.6,4.5,8.9,24.4,18.5,17.9,8.5,5,74984,89481
1400000US53033025806,"Census Tract 258.06, King County, Washington",1845,3.5,1.6,3.9,3.3,5.2,20.8,13.8,20.7,15,12.3,93456,115000
1400000US53033026001,"Census Tract 260.01, King County, Washington",2133,0,1.9,6.8,4.7,6.3,18,8.1,25.3,9.8,19.2,103769,128553
1400000US53033026003,"Census Tract 260.03, King County, Washington",1322,3.7,15.3,10.9,4.4,7.5,33.3,4.4,11.7,5.4,3.4,54130,66640
1400000US53033026004,"Census Tract 260.04, King County, Washington",1507,1.1,1.4,9,0,4.6,21.1,8.4,16.7,24.2,13.6,109438,114350
1400000US53033026101,"Census Tract 261.01, King County, Washington",1594,10.7,4.5,0.8,7.2,17,15.9,16.9,8,5.6,13.5,67292,92680
1400000US53033026102,"Census Tract 261.02, King County, Washington",1419,5.9,1.1,20.3,8,6.3,20.8,19,10.9,6.3,1.4,62637,65962
1400000US53033026200,"Census Tract 262, King County, Washington",2684,4.1,1.4,8.2,3,13,21.8,14.7,25.2,1.8,6.8,71692,116863
1400000US53033026300,"Census Tract 263, King County, Washington",543,3.3,1.1,2,6.1,10.1,32.8,14.4,10.9,14.2,5.2,71488,92766
1400000US53033026400,"Census Tract 264, King County, Washington",2280,0.7,2.9,4.6,4.3,13.2,33,11.1,19.3,8.1,2.9,66782,88444
1400000US53033026500,"Census Tract 265, King County, Washington",1559,9.2,9.5,7.1,6.2,11.8,22.5,7.6,10,9.8,6.3,58533,81095
1400000US53033026600,"Census Tract 266, King County, Washington",902,6,1,6.2,6.8,9.5,14,11.3,18.1,11.6,15.5,91346,120701
1400000US53033026700,"Census Tract 267, King County, Washington",1950,2.1,0,9.1,1,8.4,18.5,9.5,19.8,19.9,11.6,106053,126048
1400000US53033026801,"Census Tract 268.01, King County, Washington",2319,3.5,1.1,5.4,7.8,17.6,18.8,6.5,21.4,11,6.7,65980,97226
1400000US53033026802,"Census Tract 268.02, King County, Washington",2041,6.5,3.9,6.8,10.6,12.4,11.7,11.6,19,12.9,4.7,71827,86457
1400000US53033027000,"Census Tract 270, King County, Washington",1209,3,4,2.4,2,7.9,15.6,18.5,22.8,8.4,15.5,95189,130997
1400000US53033027100,"Census Tract 271, King County, Washington",1438,10.8,4.5,11.1,9,16.5,10.1,13.6,12.6,7.4,4.5,47181,72654
1400000US53033027200,"Census Tract 272, King County, Washington",908,6.3,4.3,2.4,7.4,16.3,17.3,8.8,30.1,3.6,3.5,62917,82431
1400000US53033027300,"Census Tract 273, King County, Washington",1855,2,0,3.9,13.2,5.8,14.7,19.6,28,11.2,1.6,89158,89932
1400000US53033027400,"Census Tract 274, King County, Washington",1856,0,1.9,8.1,8,12,15.6,16.4,25.9,4.8,7.2,79934,95354
1400000US53033027500,"Census Tract 275, King County, Washington",1846,1,4.4,6.2,14,10.1,12.5,12.2,26.5,6.3,6.9,78649,94972
1400000US53033027600,"Census Tract 276, King County, Washington",1658,4.8,6.9,6,6.5,5,16.7,12.1,17.1,8.7,16.2,83707,116629
1400000US53033027701,"Census Tract 277.01, King County, Washington",2301,8.2,4,7.4,3.4,9.6,13.1,10.8,16.1,12.1,15.3,82750,120597
1400000US53033027702,"Census Tract 277.02, King County, Washington",2278,5.4,2.7,4.1,7,7.5,14.3,8.3,19.7,8.1,22.8,104130,147021
1400000US53033027800,"Census Tract 278, King County, Washington",1386,3.5,2.3,2.1,5.7,4.5,6.6,12.3,18.8,13.5,30.7,129329,169688
1400000US53033027901,"Census Tract 279.01, King County, Washington",1677,3.7,3.3,0.8,3.4,9.1,17.8,11,13.8,22.8,14.2,107986,150562
1400000US53033027902,"Census Tract 279.02, King County, Washington",1809,2.2,8.9,11.1,8.5,8.1,21.1,1.8,18.9,6,13.5,64052,94571
1400000US53033028000,"Census Tract 280, King County, Washington",1658,6.3,0.6,3.3,6.2,10.3,27.1,18.6,15.8,9.7,2.1,73859,88761
1400000US53033028100,"Census Tract 281, King County, Washington",923,4.3,0,6.7,12.1,12.9,22.3,12.2,19.2,6.9,3.3,62893,76426
1400000US53033028200,"Census Tract 282, King County, Washington",2090,2.9,2.2,3.8,7.9,7.4,34.6,10,17.6,9.5,4.3,68828,84008
1400000US53033028300,"Census Tract 283, King County, Washington",2292,1.8,1.4,4,2.1,6.4,14.9,15.9,25.1,16.9,11.5,101361,120792
1400000US53033028402,"Census Tract 284.02, King County, Washington",2036,4.6,2,8.9,10.1,7.6,24.2,11.8,19.9,7.2,3.8,69118,83082
1400000US53033028403,"Census Tract 284.03, King County, Washington",2528,6.1,1.6,1.9,18.3,12.3,21.9,18.6,14.2,3.2,1.9,60058,71544
1400000US53033028500,"Census Tract 285, King County, Washington",1692,7.3,0,9.2,9.2,4.8,13.8,12.2,26.4,7.4,9.7,83000,109608
1400000US53033028600,"Census Tract 286, King County, Washington",2605,0.5,0,5.3,2.9,9.8,15,11.1,20.6,12.3,22.6,112316,139207
1400000US53033028700,"Census Tract 287, King County, Washington",1727,2.9,0.9,1,2.6,6.1,14,9.6,32.9,17.6,12.3,117476,125392
1400000US53033028801,"Census Tract 288.01, King County, Washington",988,2.6,5,10.5,10.2,8.1,20.9,6.7,18.7,7.2,10.1,68017,91942
1400000US53033028802,"Census Tract 288.02, King County, Washington",2472,4,3.5,2.6,6.9,21.3,16.9,21.1,10.7,8,4.9,66069,81187
1400000US53033028901,"Census Tract 289.01, King County, Washington",1640,1.6,4.3,3.9,11,11.8,13.5,23.4,12.7,9.8,7.9,79561,101108
1400000US53033028902,"Census Tract 289.02, King County, Washington",2625,2.2,0.4,14.8,9.3,20.5,22.7,11.7,9,7.3,2.1,51050,71070
1400000US53033029001,"Census Tract 290.01, King County, Washington",1830,2.6,2.2,3,5,11,22.5,15.4,22.8,9.2,6.4,81630,99759
1400000US53033029003,"Census Tract 290.03, King County, Washington",2158,2.1,0,3.2,9.8,18.7,23.4,7.5,20.9,9.2,5.2,64224,99845
1400000US53033029004,"Census Tract 290.04, King County, Washington",1365,11.5,12,8.1,10.5,16,12.7,7.8,14.1,6.3,1,41921,67563
1400000US53033029101,"Census Tract 291.01, King County, Washington",1338,2,0,5.1,4.5,9.2,23.2,15,25.3,8.1,7.6,87174,102509
1400000US53033029102,"Census Tract 291.02, King County, Washington",1498,1.7,0,3.8,18,7.1,16.5,15.8,18.2,10.6,8.3,79250,94086
1400000US53033029203,"Census Tract 292.03, King County, Washington",1486,4,2.8,14.6,4.7,8.9,15.1,18.7,18.7,9.2,3.3,72426,80054
1400000US53033029205,"Census Tract 292.05, King County, Washington",2176,4.3,1.7,8,3.5,14.8,19.8,16.9,18,6.4,6.7,73175,90848
1400000US53033029206,"Census Tract 292.06, King County, Washington",2143,7.2,6.4,13.3,18.4,10.2,16.8,14.3,10.6,0.2,2.5,40409,67350
1400000US53033029207,"Census Tract 292.07, King County, Washington",849,4.7,0,1.4,2.6,2.1,7.7,21.7,35.6,14,10.2,106476,121005
1400000US53033029208,"Census Tract 292.08, King County, Washington",1669,7.7,0,9.9,10.1,11.1,21.1,14.4,16.1,4.5,5,65625,78489
1400000US53033029304,"Census Tract 293.04, King County, Washington",1862,2,0,4.8,4.7,7,13.6,15.8,28.1,10.4,13.6,101083,122216
1400000US53033029305,"Census Tract 293.05, King County, Washington",1430,1.1,0,3.1,3.4,13.7,17.4,12,18.6,13.7,17,97917,138451
1400000US53033029306,"Census Tract 293.06, King County, Washington",1286,0.7,0.2,2,5.1,11.2,12,14,30.8,13.1,11,111061,118544
1400000US53033029307,"Census Tract 293.07, King County, Washington",1310,1.4,0.5,5.1,2.2,6.1,13.6,14,30,14,13.1,124662,131664
1400000US53033029308,"Census Tract 293.08, King County, Washington",1330,1.5,0.8,1.3,2.6,11.1,23,12.1,24.3,19.6,3.7,94219,105581
1400000US53033029309,"Census Tract 293.09, King County, Washington",1933,1.9,5.2,5.2,2.6,6.8,22.7,29.5,17.5,5.4,3.2,80744,85174
1400000US53033029403,"Census Tract 294.03, King County, Washington",2283,0,1.9,2.9,7.3,5.1,18.4,16,27.3,11.7,9.4,96528,128529
1400000US53033029405,"Census Tract 294.05, King County, Washington",1823,0,0.5,0.4,5.2,3.8,19.9,13.7,25.6,13.8,17.1,112042,128743
1400000US53033029406,"Census Tract 294.06, King County, Washington",1539,1.8,1,4.6,0.6,4.9,18.8,8.6,27.6,12.9,19.1,112557,131816
1400000US53033029407,"Census Tract 294.07, King County, Washington",1640,5.1,4.9,11.5,7.6,18.5,18.7,11.1,16,5.7,1,60167,68103
1400000US53033029408,"Census Tract 294.08, King County, Washington",1591,7,1.2,5.6,9.3,19.4,12.4,8.2,22,10,4.8,64746,80868
1400000US53033029504,"Census Tract 295.04, King County, Washington",2359,5.6,2.1,7.7,2.9,8.9,26.4,26.5,13.9,4.4,1.4,72675,74576
1400000US53033029505,"Census Tract 295.05, King County, Washington",1426,2.3,2.4,7,6.5,20.3,22.1,8.8,20.9,5,4.8,58912,77792
1400000US53033029506,"Census Tract 295.06, King County, Washington",1708,6.3,3.1,10.8,6.7,12.5,31.7,8.8,18.4,1.6,0,56469,62936
1400000US53033029507,"Census Tract 295.07, King County, Washington",984,0,0,0,5.8,12.9,10.6,18.9,34.2,10.5,7.1,103952,108055
1400000US53033029508,"Census Tract 295.08, King County, Washington",1226,0,0,1.2,1.1,5.6,2.9,14.4,33.4,15.3,26,120294,154270
1400000US53033029602,"Census Tract 296.02, King County, Washington",2161,1.4,0.3,1.4,0.4,4.9,11,7.4,25.2,19.9,28.1,145221,155290
1400000US53033029603,"Census Tract 296.03, King County, Washington",1233,1.6,0,0,0,7.9,12.1,23,35.4,10.6,9.4,109578,115889
1400000US53033029604,"Census Tract 296.04, King County, Washington",1034,8.8,0,16.5,4.6,12.6,14.8,6.6,14,15.4,6.7,69423,90747
1400000US53033029701,"Census Tract 297.01, King County, Washington",1873,3.4,10.2,6.7,6.6,6.8,27.1,9.7,13.6,5.1,10.7,65502,81609
1400000US53033029702,"Census Tract 297.02, King County, Washington",1178,3.7,4.2,6.2,3.5,10.3,36,4.8,20.1,7.3,3.9,69462,81933
1400000US53033029803,"Census Tract 298.03, King County, Washington",1446,1.3,0.9,5.7,4.2,10.4,26.8,20.8,9.3,13.1,7.5,75391,95797
1400000US53033029804,"Census Tract 298.04, King County, Washington",1588,0,0,4,0,10.3,18,6.1,21.2,17,23.4,128500,163296
1400000US53033029805,"Census Tract 298.05, King County, Washington",1519,2.7,0,4.3,1.1,5.1,17.4,18.5,32.1,14.4,4.6,102422,105840
1400000US53033029806,"Census Tract 298.06, King County, Washington",1996,2.9,1.8,6.1,2.2,13.4,15.8,13.2,27,9,8.7,90287,128504
1400000US53033029901,"Census Tract 299.01, King County, Washington",1469,0.6,1.3,5,7.4,4.2,18.7,15.2,24.4,15.2,8,98225,105474
1400000US53033029902,"Census Tract 299.02, King County, Washington",1775,1.6,0,2.3,4.6,4.1,6.1,12.5,24,21.4,23.4,138628,149787
1400000US53033030003,"Census Tract 300.03, King County, Washington",2486,1.3,0,4.1,3.5,23.1,15.2,15.9,29.6,3.8,3.5,76708,90899
1400000US53033030005,"Census Tract 300.05, King County, Washington",1875,7.1,8,3,5.5,8.6,17.1,14.3,21.6,10.5,4.3,75694,93707
1400000US53033030006,"Census Tract 300.06, King County, Washington",1624,6.8,5.7,9.2,7.9,14.3,21.8,11.6,14.9,4.3,3.4,55385,68652
1400000US53033030007,"Census Tract 300.07, King County, Washington",1428,8.9,3.9,6.2,4.5,42.3,15.6,6.7,8.2,0,3.8,44358,70111
1400000US53033030008,"Census Tract 300.08, King County, Washington",1837,5.4,4.7,7.5,9.3,12,23,13.5,11.3,10.7,2.7,63811,77614
1400000US53033030101,"Census Tract 301.01, King County, Washington",1454,0.9,7.1,7.9,13.7,11,10.2,7.3,16.2,6.9,18.8,71250,118080
1400000US53033030102,"Census Tract 301.02, King County, Washington",1581,2.5,0,8.2,6,8.2,17.5,7,18.5,10.1,22.1,101382,126359
1400000US53033030201,"Census Tract 302.01, King County, Washington",1949,4.6,0.5,6.1,6.1,13.3,22.8,14.3,12.4,15.3,4.7,70037,89159
1400000US53033030203,"Census Tract 302.03, King County, Washington",1414,0.6,1.6,19.6,7.1,9.2,16.8,10.5,29.6,1.5,3.4,70444,72902
1400000US53033030204,"Census Tract 302.04, King County, Washington",1420,3.5,11.3,14,7.9,7,19.9,9.2,18.2,8,0.9,57258,68912
1400000US53033030304,"Census Tract 303.04, King County, Washington",1343,2.1,2.3,2.1,6.9,9.8,14.7,15,23.4,13.1,10.6,96125,108852
1400000US53033030305,"Census Tract 303.05, King County, Washington",2040,6.9,1.9,1.7,3,15.1,24.4,11.2,20.6,7.9,7.2,72392,94832
1400000US53033030306,"Census Tract 303.06, King County, Washington",1877,2.8,0.8,1.9,5.2,4.9,19.5,13.9,23.7,18,9.4,101101,115129
1400000US53033030308,"Census Tract 303.08, King County, Washington",2113,4.6,1.1,2.8,7.7,12.1,19.9,11.3,24.8,9.9,5.8,77795,93089
1400000US53033030309,"Census Tract 303.09, King County, Washington",2434,6.2,0.7,3.3,6.3,10,23.7,10.8,23.2,9.8,6,74831,92920
1400000US53033030310,"Census Tract 303.10, King County, Washington",2290,0.9,0.5,4.9,3.9,5.8,13.6,13.9,23.8,11.8,20.8,106952,130368
1400000US53033030311,"Census Tract 303.11, King County, Washington",1580,5.3,0,0.6,1.5,15.5,10.6,19.5,27,9.1,11,95074,107185
1400000US53033030312,"Census Tract 303.12, King County, Washington",1900,1.9,0,1.7,8.3,15.4,16.4,15.1,20.7,14.5,6,83056,99894
1400000US53033030313,"Census Tract 303.13, King County, Washington",2045,7.3,6.6,5.3,13.3,14.2,30.6,14.7,4.8,1.2,1.9,53865,56137
1400000US53033030314,"Census Tract 303.14, King County, Washington",2468,10.1,8.3,3.8,15.5,13.9,10.4,19.4,13.5,0.1,5,48398,67444
1400000US53033030403,"Census Tract 304.03, King County, Washington",1766,2.9,2.7,2.3,4.4,9.7,12.6,13,27.9,19.1,5.4,104808,106505
1400000US53033030404,"Census Tract 304.04, King County, Washington",1544,5.8,0.6,3.1,4.4,11.1,17.6,10.8,14.6,18.5,13.4,98036,117435
1400000US53033030405,"Census Tract 304.05, King County, Washington",1233,1.8,0,12.2,1.2,7.6,21,21.2,14.1,13.1,7.7,79811,95251
1400000US53033030406,"Census Tract 304.06, King County, Washington",1108,0,1.9,2.9,14.5,2,29.4,17.6,10.3,17.1,4.2,73667,106613
1400000US53033030407,"Census Tract 304.07, King County, Washington",937,6.8,2.1,0,5.9,3.8,26.3,9.2,18.9,12.1,14.9,89338,115061
1400000US53033030501,"Census Tract 305.01, King County, Washington",1320,10.2,14.6,17,10.4,13.6,11.1,11.6,7.8,0,3.7,32803,57100
1400000US53033030503,"Census Tract 305.03, King County, Washington",2213,3.6,5.7,10.6,10.3,10.1,24.1,18,11,1.1,5.4,63100,69009
1400000US53033030504,"Census Tract 305.04, King County, Washington",2111,6.3,1.4,6.2,8.5,17.6,15.9,19.1,11.4,9.1,4.5,70777,91777
1400000US53033030600,"Census Tract 306, King County, Washington",2276,0.8,1.7,7.7,9.8,17.4,22.3,13.5,18.1,5.9,2.8,63309,74761
1400000US53033030700,"Census Tract 307, King County, Washington",1795,9.5,2.1,8.2,14.2,15.2,12.9,13.7,13.2,6.5,4.5,52132,81159
1400000US53033030801,"Census Tract 308.01, King County, Washington",2202,3.9,2.1,9.7,14.4,18.4,21,17.3,8.9,3,1.4,52529,61458
1400000US53033030802,"Census Tract 308.02, King County, Washington",1470,4.3,3.1,5.6,10.5,14.6,19.6,17.3,15.6,8.6,0.7,67436,73944
1400000US53033030901,"Census Tract 309.01, King County, Washington",1112,1.6,0.4,0.9,2.1,8.3,22.6,24.8,25,13.4,1,86413,95628
1400000US53033030902,"Census Tract 309.02, King County, Washington",2045,2.3,0.9,4.7,12.2,12.3,28.2,6.3,22.2,7.6,3.2,67554,84342
1400000US53033031000,"Census Tract 310, King County, Washington",1810,1.1,0,3.2,4.2,2.9,12.5,18.1,19.3,19,19.6,121429,145129
1400000US53033031101,"Census Tract 311.01, King County, Washington",1582,5.2,5.3,7.2,12.1,3.1,21.2,10.8,22.7,6.1,6.2,72122,81300
1400000US53033031102,"Census Tract 311.02, King County, Washington",1374,1.6,6.4,12.7,8.5,10.2,26.8,7,22.2,3.9,0.7,61215,68737
1400000US53033031202,"Census Tract 312.02, King County, Washington",1888,1.9,1.3,3.4,5.9,9,18.3,11,18,14.6,16.7,97969,141811
1400000US53033031204,"Census Tract 312.04, King County, Washington",2232,0,0,0.5,4,11.7,18.5,10.9,20.1,19.8,14.6,106250,128134
1400000US53033031206,"Census Tract 312.06, King County, Washington",1870,0.6,3.9,4.9,4.4,7.5,21.1,15.8,25.5,10.9,5.4,89015,100662
1400000US53033031207,"Census Tract 312.07, King County, Washington",1393,4.4,7.9,1.2,0,10.6,9.5,19,28.9,11.5,7,97240,98757
1400000US53033031208,"Census Tract 312.08, King County, Washington",1438,3.9,1,7.4,9.9,8.6,16,17.9,12.3,11.5,11.4,76917,97118
1400000US53033031301,"Census Tract 313.01, King County, Washington",863,3.6,0.9,7.3,2.9,11.2,8.1,10.4,24.9,11.1,19.5,113750,126932
1400000US53033031302,"Census Tract 313.02, King County, Washington",1935,7.1,3.3,15.1,5.8,10.4,10.1,8.2,22.5,9.4,8.1,66094,88005
1400000US53033031400,"Census Tract 314, King County, Washington",2559,1.2,4.2,3.6,2.7,6.3,12.9,11.4,26,19.6,12.2,104058,130557
1400000US53033031501,"Census Tract 315.01, King County, Washington",1443,1.4,1.4,6.1,6.9,5.4,20.4,11.7,16.8,18.8,11.2,97886,119388
1400000US53033031502,"Census Tract 315.02, King County, Washington",2023,1.7,5.4,4.5,3.3,11.3,16.8,7.4,17.1,18,14.5,98882,118798
1400000US53033031601,"Census Tract 316.01, King County, Washington",2012,2.9,1.5,1,1.3,5.5,16.2,16.6,22.7,11.6,20.7,111297,148074
1400000US53033031603,"Census Tract 316.03, King County, Washington",2470,5.7,1.2,5.3,2.3,1.9,9.7,16.8,27.9,9.7,19.4,111750,132455
1400000US53033031604,"Census Tract 316.04, King County, Washington",1879,2,0.6,1,1.3,7.8,8.5,19.8,27.9,17.7,13.4,111125,129796
1400000US53033031605,"Census Tract 316.05, King County, Washington",1549,0,0,0.6,0,6.3,9.4,15.4,23.8,17.9,26.6,135635,165176
1400000US53033031704,"Census Tract 317.04, King County, Washington",1911,1.8,0.8,0,2.2,12.5,17.7,10.9,24.5,14.1,15.4,109263,127948
1400000US53033031705,"Census Tract 317.05, King County, Washington",1358,2.4,0,0,0.7,5.4,13,12,23.3,22.8,20.3,135833,138479
1400000US53033031707,"Census Tract 317.07, King County, Washington",1002,2.8,0.9,3.1,1.2,7.8,8.9,3.4,20.8,6.3,44.9,164167,182729
1400000US53033031708,"Census Tract 317.08, King County, Washington",1573,2.2,1.8,6.8,8.3,3.1,17.4,18.4,20.8,4.3,17,84945,118526
1400000US53033031709,"Census Tract 317.09, King County, Washington",1214,4.9,2.6,0,1.2,3.9,7,15.5,25.1,16.1,23.7,136250,150757
1400000US53033031710,"Census Tract 317.10, King County, Washington",1573,6.2,1.3,6.4,10.4,3.8,17.7,8.6,15.9,20.9,8.8,89962,100472
1400000US53033031800,"Census Tract 318, King County, Washington",1668,3.1,0,0.7,2.2,3.8,10.2,11.2,25.8,25.2,17.8,133538,171115
1400000US53033031904,"Census Tract 319.04, King County, Washington",1240,4.4,0,4,1.8,7.7,11,14.2,15.6,15.6,25.8,113790,149178
1400000US53033031906,"Census Tract 319.06, King County, Washington",1298,5.5,0,2.2,0,6.7,13.2,17.4,13.7,14,27.3,112031,143038
1400000US53033031908,"Census Tract 319.08, King County, Washington",1739,4,4,8.7,11.6,3.9,12.9,12.1,26.7,9.4,6.6,88616,105752
1400000US53033031909,"Census Tract 319.09, King County, Washington",1250,16.6,3,1.3,1.4,7.2,13.4,8.6,27.1,12.5,9,95500,96243
1400000US53033031910,"Census Tract 319.10, King County, Washington",1612,1,0,4.7,4.6,5,19.5,19.2,25.6,8.7,11.7,94184,111671
1400000US53033031911,"Census Tract 319.11, King County, Washington",1278,1.3,0,3.8,1.3,4.5,9.4,20.3,18.5,22.2,18.6,135179,140006
1400000US53033031912,"Census Tract 319.12, King County, Washington",1289,3.6,0,7.2,4.6,11.5,17.1,15.8,8.6,16.8,14.8,88179,115558
1400000US53033031913,"Census Tract 319.13, King County, Washington",1237,0.5,0,6.1,4.1,2.3,8.2,5.8,15.5,14.3,43.1,159719,216554
1400000US53033032002,"Census Tract 320.02, King County, Washington",1116,1.7,0.9,0,6.6,5.1,16.9,15.1,21.7,17.7,14.2,108322,132446
1400000US53033032003,"Census Tract 320.03, King County, Washington",2017,4.1,1.6,0.3,2.5,6.3,6.4,10.2,23.2,18.9,26.4,140568,179721
1400000US53033032005,"Census Tract 320.05, King County, Washington",2532,0.6,0,2.5,8.5,10.8,9.7,10.9,31.1,10.1,15.8,110506,128863
1400000US53033032006,"Census Tract 320.06, King County, Washington",1960,0.4,0.5,1.5,4,14.1,8.5,14.6,25.1,14.5,16.8,107459,127212
1400000US53033032007,"Census Tract 320.07, King County, Washington",1197,1.3,0.5,3.4,5.1,7.5,9,12,19,18.7,23.3,121597,145070
1400000US53033032008,"Census Tract 320.08, King County, Washington",1592,6,0.6,0.8,1.6,4.5,13.8,12.4,26.8,23.6,10.1,128365,122520
1400000US53033032010,"Census Tract 320.10, King County, Washington",2372,2.9,2.2,10.7,2.4,3.4,8.2,6.6,29.4,13.7,20.7,127266,142191
1400000US53033032011,"Census Tract 320.11, King County, Washington",1511,0.5,0,1,3,3.8,8,15,23.5,26.3,18.9,133438,148048
1400000US53033032102,"Census Tract 321.02, King County, Washington",1851,2.9,0,2.2,0.9,0.8,12.4,10.5,22.1,16.3,31.9,143346,175079
1400000US53033032103,"Census Tract 321.03, King County, Washington",2439,4.6,0.6,3.9,5.3,3,11.1,18.9,23,11.2,18.5,102306,144132
1400000US53033032104,"Census Tract 321.04, King County, Washington",2491,4.6,1,7.5,1.6,4.7,9,15.3,18.6,10.3,27.4,112234,153460
1400000US53033032207,"Census Tract 322.07, King County, Washington",1261,0.5,0,1.3,0,4.4,12.7,7.4,12.9,14,46.9,182868,244889
1400000US53033032211,"Census Tract 322.11, King County, Washington",1657,2.4,0,3.6,0,1.5,5.7,12.9,17.4,16.1,40.3,167458,204984
1400000US53033032213,"Census Tract 322.13, King County, Washington",1598,0.1,0,0,0.4,4.3,0.4,3.7,19.8,19.8,51.3,201458,267412
1400000US53033032215,"Census Tract 322.15, King County, Washington",1708,0.6,0,0.8,4,1.8,1.1,2.8,6.7,15.9,66.4,246849,289044
1400000US53033032216,"Census Tract 322.16, King County, Washington",1656,5.6,0,3,0,4.9,2,2.3,13.3,15.3,53.5,219432,233489
1400000US53033032217,"Census Tract 322.17, King County, Washington",1474,1.7,0,0.8,0.9,0,3.4,2.6,17,21.7,51.8,233750,255058
1400000US53033032218,"Census Tract 322.18, King County, Washington",2354,1.1,2,4.5,3.3,8.5,8.3,7.5,9.5,16.7,38.7,156758,212156
1400000US53033032219,"Census Tract 322.19, King County, Washington",1922,0,0,5.7,2.5,3.1,4.6,7.3,24.8,18.3,33.7,158971,216996
1400000US53033032220,"Census Tract 322.20, King County, Washington",3812,2.5,0,3.8,1.5,1.5,15.6,6.3,22.8,15.7,30.3,143565,193680
1400000US53033032221,"Census Tract 322.21, King County, Washington",2327,5.7,0,0,0,0.9,2.1,7,20.8,24.1,39.4,180647,232825
1400000US53033032222,"Census Tract 322.22, King County, Washington",1733,2,16.7,1.6,0.9,3.5,12.2,9.6,18.6,9.5,25.4,113750,138071
1400000US53033032223,"Census Tract 322.23, King County, Washington",1308,1.2,0,1.1,0,2.4,7,4.6,17.4,19.6,46.7,186346,248957
1400000US53033032224,"Census Tract 322.24, King County, Washington",824,0,0,0,0,0,4.7,0,20.1,22.1,53,206302,272126
1400000US53033032225,"Census Tract 322.25, King County, Washington",1219,0,0,1.5,0,3.4,4.3,5.1,17.1,19.3,49.3,195982,232639
1400000US53033032307,"Census Tract 323.07, King County, Washington",2213,1.4,2.3,1.4,1.2,6.1,6.4,11.4,18.2,17.8,33.8,153181,198525
1400000US53033032311,"Census Tract 323.11, King County, Washington",1947,0,0,1.2,0,0,6.3,13.7,23.1,13,42.8,164141,223078
1400000US53033032313,"Census Tract 323.13, King County, Washington",2632,0.5,2,4.7,3.9,5.3,3.1,6.3,25.6,25.2,23.5,141094,169710
1400000US53033032315,"Census Tract 323.15, King County, Washington",1988,1.9,0,0.1,1.3,3.4,6,12.9,13.8,16.1,44.4,177750,235878
1400000US53033032316,"Census Tract 323.16, King County, Washington",1906,0.4,0,1.5,2.6,3.3,7.3,6.9,13,17.5,47.6,188458,227708
1400000US53033032317,"Census Tract 323.17, King County, Washington",2286,0.6,0,6.7,0,0,9.2,3.8,10.8,20,48.9,196607,226893
1400000US53033032318,"Census Tract 323.18, King County, Washington",2163,1.6,0.6,2,0,1.1,8,3.3,11,16.6,55.8,219176,239209
1400000US53033032319,"Census Tract 323.19, King County, Washington",3104,0.5,2.1,5.2,2.9,7.9,17.5,14.2,21.9,12.6,15.3,99760,125820
1400000US53033032320,"Census Tract 323.20, King County, Washington",1643,0.5,0.5,1.3,0.3,5.4,6.9,7.4,12.7,14.2,50.8,208681,234837
1400000US53033032321,"Census Tract 323.21, King County, Washington",2320,0.4,0,0.9,2.5,2.5,4.5,2.3,11.7,13.6,61.5,236204,288795
1400000US53033032322,"Census Tract 323.22, King County, Washington",1080,0.6,0,0.9,1.6,1.2,7.5,5.8,19.4,14.3,48.6,198707,213505
1400000US53033032323,"Census Tract 323.23, King County, Washington",2429,1.2,0,1.4,1.9,5.5,4.6,9.1,14.8,14.1,47.5,188075,233572
1400000US53033032324,"Census Tract 323.24, King County, Washington",2428,4.4,0.8,3.6,4.5,5.7,6,3.3,25.8,11.7,34.2,132794,165641
1400000US53033032325,"Census Tract 323.25, King County, Washington",2432,5.9,3.3,0,3.4,12.4,8.6,4.9,25.3,11,25.2,125313,143227
1400000US53033032326,"Census Tract 323.26, King County, Washington",1249,0.8,0.6,2.8,1.3,10.2,8.8,7.4,9.2,9.3,49.5,199293,262197
1400000US53033032327,"Census Tract 323.27, King County, Washington",2131,0.4,1.2,1.9,8,6.2,10.5,8.3,18.6,19.4,25.4,136741,194814
1400000US53033032328,"Census Tract 323.28, King County, Washington",1076,2.8,4,1.4,2.1,3.1,5.2,1.6,16.6,16.4,46.7,197813,248047
1400000US53033032330,"Census Tract 323.30, King County, Washington",2393,6.1,1.7,2.9,1.4,2.4,6,12.6,14.3,20.6,32,151347,173191
1400000US53033032331,"Census Tract 323.31, King County, Washington",2964,5.9,1,3.9,3,5.8,10.4,14.6,22.1,22.2,11.1,121964,124025
1400000US53033032332,"Census Tract 323.32, King County, Washington",1995,0,0,4.8,6.5,1.8,5.7,6,12,10.3,53,206234,242657
1400000US53033032333,"Census Tract 323.33, King County, Washington",1176,2.6,4.3,0,2.2,10.9,11,4.4,13.1,4.5,47,159844,264931
1400000US53033032401,"Census Tract 324.01, King County, Washington",2140,2.6,0.8,0,1.6,3.9,10.6,13.2,20.3,17.1,29.9,138899,162928
1400000US53033032402,"Census Tract 324.02, King County, Washington",2489,0.6,1,0.5,1.2,4.9,6.4,12.9,24.7,22.1,25.8,145920,160760
1400000US53033032500,"Census Tract 325, King County, Washington",2027,0,0.5,4.8,5.6,2.7,14.6,10.2,17.9,14.1,29.7,126830,161839
1400000US53033032601,"Census Tract 326.01, King County, Washington",941,0,0.7,2.6,2.3,4.5,14.7,8.4,19.4,16.4,31,137813,182925
1400000US53033032603,"Census Tract 326.03, King County, Washington",1453,0.6,0,0,1.2,5.2,3.5,10.4,23,12.7,43.5,174922,192326
1400000US53033032604,"Census Tract 326.04, King County, Washington",1938,0,0,0,1.3,0.7,4.6,3.1,22.1,28.6,39.5,185192,205350
1400000US53033032605,"Census Tract 326.05, King County, Washington",1250,0,0,0,1.3,1.3,9,6.9,31,12.4,38.2,156167,185112
1400000US53033032703,"Census Tract 327.03, King County, Washington",795,0,2,0,6.3,10.7,18.5,7.9,27,13.5,14.1,102122,129478
1400000US53033032704,"Census Tract 327.04, King County, Washington",2852,5.3,0.9,2.5,7.4,6.4,11.4,10.1,12.5,14.9,28.7,119181,151163
1400000US53033032705,"Census Tract 327.05, King County, Washington",1351,3.2,0,0,7.6,5,8.3,13.5,26.5,16.7,19.3,127083,146587
1400000US53033032706,"Census Tract 327.06, King County, Washington",1048,0,3,2.9,0,9.4,12.5,13,25.2,15.8,18.3,106045,142363
1400000US53033032800,"Census Tract 328, King County, Washington",1090,1.1,1.6,2.4,19.9,8.5,9.4,5.6,14.5,8,29,118158,156866
,,,,,,,,,,,,,,
,,,,,,,,,,,,,,
1400000US53033990100,,,,,,,,,,,,,,
1400000US53033010102,,,,,,,,,,,,,,
1400000US53033005303,,,,,,,,,,,,,,
