GeoID_Description,GeoID_Name,SitsinState,GeoID,GeoID_Formatted,mhhinc,TimeFrame,GeoVintage,Source,Location
Census Tract,53033000101,WA,53033000101,53033000101,57004,2017-2021,2020,Census,"King (County, 2020)"
Census Tract,53033000102,WA,53033000102,53033000102,71476,2017-2021,2020,Census,"King (County, 2020)"
Census Tract,53033000201,WA,53033000201,53033000201,83570,2017-2021,2020,Census,"King (County, 2020)"
Census Tract,53033000202,WA,53033000202,53033000202,104167,2017-2021,2020,Census,"King (County, 2020)"
Census Tract,53033000300,WA,53033000300,53033000300,108258,2017-2021,2020,Census,"King (County, 2020)"
Census Tract,53033000402,WA,53033000402,53033000402,78956,2017-2021,2020,Census,"King (County, 2020)"
Census Tract,53033000403,WA,53033000403,53033000403,39470,2017-2021,2020,Census,"King (County, 2020)"
Census Tract,53033000404,WA,53033000404,53033000404,39818,2017-2021,2020,Census,"King (County, 2020)"
Census Tract,53033000500,WA,53033000500,53033000500,150446,2017-2021,2020,Census,"King (County, 2020)"
Census Tract,53033000601,WA,53033000601,53033000601,88406,2017-2021,2020,Census,"King (County, 2020)"
Census Tract,53033000602,WA,53033000602,53033000602,98305,2017-2021,2020,Census,"King (County, 2020)"
Census Tract,53033000700,WA,53033000700,53033000700,81200,2017-2021,2020,Census,"King (County, 2020)"
Census Tract,53033000800,WA,53033000800,53033000800,116250,2017-2021,2020,Census,"King (County, 2020)"
Census Tract,53033000900,WA,53033000900,53033000900,122778,2017-2021,2020,Census,"King (County, 2020)"
Census Tract,53033001000,WA,53033001000,53033001000,118098,2017-2021,2020,Census,"King (County, 2020)"
Census Tract,53033001100,WA,53033001100,53033001100,128646,2017-2021,2020,Census,"King (County, 2020)"
Census Tract,53033001201,WA,53033001201,53033001201,43228,2017-2021,2020,Census,"King (County, 2020)"
Census Tract,53033001202,WA,53033001202,53033001202,64274,2017-2021,2020,Census,"King (County, 2020)"
Census Tract,53033001300,WA,53033001300,53033001300,80804,2017-2021,2020,Census,"King (County, 2020)"
Census Tract,53033001400,WA,53033001400,53033001400,109688,2017-2021,2020,Census,"King (County, 2020)"
Census Tract,53033001500,WA,53033001500,53033001500,152917,2017-2021,2020,Census,"King (County, 2020)"
Census Tract,53033001600,WA,53033001600,53033001600,197813,2017-2021,2020,Census,"King (County, 2020)"
Census Tract,53033001701,WA,53033001701,53033001701,94412,2017-2021,2020,Census,"King (County, 2020)"
Census Tract,53033001702,WA,53033001702,53033001702,96300,2017-2021,2020,Census,"King (County, 2020)"
Census Tract,53033001800,WA,53033001800,53033001800,102397,2017-2021,2020,Census,"King (County, 2020)"
Census Tract,53033001900,WA,53033001900,53033001900,124226,2017-2021,2020,Census,"King (County, 2020)"
Census Tract,53033002000,WA,53033002000,53033002000,128393,2017-2021,2020,Census,"King (County, 2020)"
Census Tract,53033002100,WA,53033002100,53033002100,132545,2017-2021,2020,Census,"King (County, 2020)"
Census Tract,53033002200,WA,53033002200,53033002200,146786,2017-2021,2020,Census,"King (County, 2020)"
Census Tract,53033002400,WA,53033002400,53033002400,154779,2017-2021,2020,Census,"King (County, 2020)"
Census Tract,53033002500,WA,53033002500,53033002500,150052,2017-2021,2020,Census,"King (County, 2020)"
Census Tract,53033002600,WA,53033002600,53033002600,165147,2017-2021,2020,Census,"King (County, 2020)"
Census Tract,53033002700,WA,53033002700,53033002700,164813,2017-2021,2020,Census,"King (County, 2020)"
Census Tract,53033002800,WA,53033002800,53033002800,128654,2017-2021,2020,Census,"King (County, 2020)"
Census Tract,53033002900,WA,53033002900,53033002900,136410,2017-2021,2020,Census,"King (County, 2020)"
Census Tract,53033003000,WA,53033003000,53033003000,127688,2017-2021,2020,Census,"King (County, 2020)"
Census Tract,53033003100,WA,53033003100,53033003100,165651,2017-2021,2020,Census,"King (County, 2020)"
Census Tract,53033003201,WA,53033003201,53033003201,106750,2017-2021,2020,Census,"King (County, 2020)"
Census Tract,53033003202,WA,53033003202,53033003202,147272,2017-2021,2020,Census,"King (County, 2020)"
Census Tract,53033003301,WA,53033003301,53033003301,123833,2017-2021,2020,Census,"King (County, 2020)"
Census Tract,53033003302,WA,53033003302,53033003302,128158,2017-2021,2020,Census,"King (County, 2020)"
Census Tract,53033003400,WA,53033003400,53033003400,139360,2017-2021,2020,Census,"King (County, 2020)"
Census Tract,53033003500,WA,53033003500,53033003500,113520,2017-2021,2020,Census,"King (County, 2020)"
Census Tract,53033003601,WA,53033003601,53033003601,96622,2017-2021,2020,Census,"King (County, 2020)"
Census Tract,53033003602,WA,53033003602,53033003602,88958,2017-2021,2020,Census,"King (County, 2020)"
Census Tract,53033003800,WA,53033003800,53033003800,130650,2017-2021,2020,Census,"King (County, 2020)"
Census Tract,53033003900,WA,53033003900,53033003900,161429,2017-2021,2020,Census,"King (County, 2020)"
Census Tract,53033004000,WA,53033004000,53033004000,125707,2017-2021,2020,Census,"King (County, 2020)"
Census Tract,53033004101,WA,53033004101,53033004101,250001,2017-2021,2020,Census,"King (County, 2020)"
Census Tract,53033004102,WA,53033004102,53033004102,161875,2017-2021,2020,Census,"King (County, 2020)"
Census Tract,53033004201,WA,53033004201,53033004201,177644,2017-2021,2020,Census,"King (County, 2020)"
Census Tract,53033004202,WA,53033004202,53033004202,165257,2017-2021,2020,Census,"King (County, 2020)"
Census Tract,53033004301,WA,53033004301,53033004301,110893,2017-2021,2020,Census,"King (County, 2020)"
Census Tract,53033004302,WA,53033004302,53033004302,39507,2017-2021,2020,Census,"King (County, 2020)"
Census Tract,53033004401,WA,53033004401,53033004401,119313,2017-2021,2020,Census,"King (County, 2020)"
Census Tract,53033004402,WA,53033004402,53033004402,61328,2017-2021,2020,Census,"King (County, 2020)"
Census Tract,53033004500,WA,53033004500,53033004500,124327,2017-2021,2020,Census,"King (County, 2020)"
Census Tract,53033004600,WA,53033004600,53033004600,137721,2017-2021,2020,Census,"King (County, 2020)"
Census Tract,53033004701,WA,53033004701,53033004701,86065,2017-2021,2020,Census,"King (County, 2020)"
Census Tract,53033004702,WA,53033004702,53033004702,101897,2017-2021,2020,Census,"King (County, 2020)"
Census Tract,53033004703,WA,53033004703,53033004703,122412,2017-2021,2020,Census,"King (County, 2020)"
Census Tract,53033004800,WA,53033004800,53033004800,128160,2017-2021,2020,Census,"King (County, 2020)"
Census Tract,53033004901,WA,53033004901,53033004901,111374,2017-2021,2020,Census,"King (County, 2020)"
Census Tract,53033004902,WA,53033004902,53033004902,109697,2017-2021,2020,Census,"King (County, 2020)"
Census Tract,53033005000,WA,53033005000,53033005000,109891,2017-2021,2020,Census,"King (County, 2020)"
Census Tract,53033005100,WA,53033005100,53033005100,145278,2017-2021,2020,Census,"King (County, 2020)"
Census Tract,53033005201,WA,53033005201,53033005201,73333,2017-2021,2020,Census,"King (County, 2020)"
Census Tract,53033005202,WA,53033005202,53033005202,46830,2017-2021,2020,Census,"King (County, 2020)"
Census Tract,53033005304,WA,53033005304,53033005304,21042,2017-2021,2020,Census,"King (County, 2020)"
Census Tract,53033005305,WA,53033005305,53033005305,26417,2017-2021,2020,Census,"King (County, 2020)"
Census Tract,53033005306,WA,53033005306,53033005306,37833,2017-2021,2020,Census,"King (County, 2020)"
Census Tract,53033005307,WA,53033005307,53033005307,35684,2017-2021,2020,Census,"King (County, 2020)"
Census Tract,53033005401,WA,53033005401,53033005401,126131,2017-2021,2020,Census,"King (County, 2020)"
Census Tract,53033005402,WA,53033005402,53033005402,105882,2017-2021,2020,Census,"King (County, 2020)"
Census Tract,53033005600,WA,53033005600,53033005600,178297,2017-2021,2020,Census,"King (County, 2020)"
Census Tract,53033005700,WA,53033005700,53033005700,155802,2017-2021,2020,Census,"King (County, 2020)"
Census Tract,53033005801,WA,53033005801,53033005801,124392,2017-2021,2020,Census,"King (County, 2020)"
Census Tract,53033005803,WA,53033005803,53033005803,131385,2017-2021,2020,Census,"King (County, 2020)"
Census Tract,53033005804,WA,53033005804,53033005804,82289,2017-2021,2020,Census,"King (County, 2020)"
Census Tract,53033005901,WA,53033005901,53033005901,140036,2017-2021,2020,Census,"King (County, 2020)"
Census Tract,53033005902,WA,53033005902,53033005902,164828,2017-2021,2020,Census,"King (County, 2020)"
Census Tract,53033006000,WA,53033006000,53033006000,106682,2017-2021,2020,Census,"King (County, 2020)"
Census Tract,53033006100,WA,53033006100,53033006100,128904,2017-2021,2020,Census,"King (County, 2020)"
Census Tract,53033006200,WA,53033006200,53033006200,215781,2017-2021,2020,Census,"King (County, 2020)"
Census Tract,53033006300,WA,53033006300,53033006300,139000,2017-2021,2020,Census,"King (County, 2020)"
Census Tract,53033006400,WA,53033006400,53033006400,167167,2017-2021,2020,Census,"King (County, 2020)"
Census Tract,53033006500,WA,53033006500,53033006500,121546,2017-2021,2020,Census,"King (County, 2020)"
Census Tract,53033006600,WA,53033006600,53033006600,132326,2017-2021,2020,Census,"King (County, 2020)"
Census Tract,53033006701,WA,53033006701,53033006701,153387,2017-2021,2020,Census,"King (County, 2020)"
Census Tract,53033006702,WA,53033006702,53033006702,114222,2017-2021,2020,Census,"King (County, 2020)"
Census Tract,53033006703,WA,53033006703,53033006703,103393,2017-2021,2020,Census,"King (County, 2020)"
Census Tract,53033006800,WA,53033006800,53033006800,148164,2017-2021,2020,Census,"King (County, 2020)"
Census Tract,53033006900,WA,53033006900,53033006900,150139,2017-2021,2020,Census,"King (County, 2020)"
Census Tract,53033007001,WA,53033007001,53033007001,58088,2017-2021,2020,Census,"King (County, 2020)"
Census Tract,53033007002,WA,53033007002,53033007002,69613,2017-2021,2020,Census,"King (County, 2020)"
Census Tract,53033007101,WA,53033007101,53033007101,112258,2017-2021,2020,Census,"King (County, 2020)"
Census Tract,53033007102,WA,53033007102,53033007102,96154,2017-2021,2020,Census,"King (County, 2020)"
Census Tract,53033007201,WA,53033007201,53033007201,109335,2017-2021,2020,Census,"King (County, 2020)"
Census Tract,53033007202,WA,53033007202,53033007202,173264,2017-2021,2020,Census,"King (County, 2020)"
Census Tract,53033007203,WA,53033007203,53033007203,120000,2017-2021,2020,Census,"King (County, 2020)"
Census Tract,53033007301,WA,53033007301,53033007301,91232,2017-2021,2020,Census,"King (County, 2020)"
Census Tract,53033007302,WA,53033007302,53033007302,132978,2017-2021,2020,Census,"King (County, 2020)"
Census Tract,53033007303,WA,53033007303,53033007303,123095,2017-2021,2020,Census,"King (County, 2020)"
Census Tract,53033007403,WA,53033007403,53033007403,85260,2017-2021,2020,Census,"King (County, 2020)"
Census Tract,53033007404,WA,53033007404,53033007404,97794,2017-2021,2020,Census,"King (County, 2020)"
Census Tract,53033007405,WA,53033007405,53033007405,76250,2017-2021,2020,Census,"King (County, 2020)"
Census Tract,53033007406,WA,53033007406,53033007406,56801,2017-2021,2020,Census,"King (County, 2020)"
Census Tract,53033007501,WA,53033007501,53033007501,68798,2017-2021,2020,Census,"King (County, 2020)"
Census Tract,53033007502,WA,53033007502,53033007502,101375,2017-2021,2020,Census,"King (County, 2020)"
Census Tract,53033007503,WA,53033007503,53033007503,64609,2017-2021,2020,Census,"King (County, 2020)"
Census Tract,53033007600,WA,53033007600,53033007600,120103,2017-2021,2020,Census,"King (County, 2020)"
Census Tract,53033007700,WA,53033007700,53033007700,126815,2017-2021,2020,Census,"King (County, 2020)"
Census Tract,53033007800,WA,53033007800,53033007800,169159,2017-2021,2020,Census,"King (County, 2020)"
Census Tract,53033007901,WA,53033007901,53033007901,69510,2017-2021,2020,Census,"King (County, 2020)"
Census Tract,53033007902,WA,53033007902,53033007902,75074,2017-2021,2020,Census,"King (County, 2020)"
Census Tract,53033008002,WA,53033008002,53033008002,102365,2017-2021,2020,Census,"King (County, 2020)"
Census Tract,53033008003,WA,53033008003,53033008003,108111,2017-2021,2020,Census,"King (County, 2020)"
Census Tract,53033008004,WA,53033008004,53033008004,180086,2017-2021,2020,Census,"King (County, 2020)"
Census Tract,53033008101,WA,53033008101,53033008101,87820,2017-2021,2020,Census,"King (County, 2020)"
Census Tract,53033008102,WA,53033008102,53033008102,107250,2017-2021,2020,Census,"King (County, 2020)"
Census Tract,53033008200,WA,53033008200,53033008200,116250,2017-2021,2020,Census,"King (County, 2020)"
Census Tract,53033008300,WA,53033008300,53033008300,102962,2017-2021,2020,Census,"King (County, 2020)"
Census Tract,53033008401,WA,53033008401,53033008401,74622,2017-2021,2020,Census,"King (County, 2020)"
Census Tract,53033008402,WA,53033008402,53033008402,70989,2017-2021,2020,Census,"King (County, 2020)"
Census Tract,53033008500,WA,53033008500,53033008500,72520,2017-2021,2020,Census,"King (County, 2020)"
Census Tract,53033008600,WA,53033008600,53033008600,66607,2017-2021,2020,Census,"King (County, 2020)"
Census Tract,53033008700,WA,53033008700,53033008700,144531,2017-2021,2020,Census,"King (County, 2020)"
Census Tract,53033008800,WA,53033008800,53033008800,143583,2017-2021,2020,Census,"King (County, 2020)"
Census Tract,53033008900,WA,53033008900,53033008900,118149,2017-2021,2020,Census,"King (County, 2020)"
Census Tract,53033009000,WA,53033009000,53033009000,64865,2017-2021,2020,Census,"King (County, 2020)"
Census Tract,53033009100,WA,53033009100,53033009100,41619,2017-2021,2020,Census,"King (County, 2020)"
Census Tract,53033009200,WA,53033009200,53033009200,36875,2017-2021,2020,Census,"King (County, 2020)"
Census Tract,53033009300,WA,53033009300,53033009300,111875,2017-2021,2020,Census,"King (County, 2020)"
Census Tract,53033009400,WA,53033009400,53033009400,80288,2017-2021,2020,Census,"King (County, 2020)"
Census Tract,53033009500,WA,53033009500,53033009500,131412,2017-2021,2020,Census,"King (County, 2020)"
Census Tract,53033009600,WA,53033009600,53033009600,142930,2017-2021,2020,Census,"King (County, 2020)"
Census Tract,53033009701,WA,53033009701,53033009701,113750,2017-2021,2020,Census,"King (County, 2020)"
Census Tract,53033009702,WA,53033009702,53033009702,145461,2017-2021,2020,Census,"King (County, 2020)"
Census Tract,53033009801,WA,53033009801,53033009801,144688,2017-2021,2020,Census,"King (County, 2020)"
Census Tract,53033009802,WA,53033009802,53033009802,113370,2017-2021,2020,Census,"King (County, 2020)"
Census Tract,53033009900,WA,53033009900,53033009900,86663,2017-2021,2020,Census,"King (County, 2020)"
Census Tract,53033010001,WA,53033010001,53033010001,61326,2017-2021,2020,Census,"King (County, 2020)"
Census Tract,53033010002,WA,53033010002,53033010002,81887,2017-2021,2020,Census,"King (County, 2020)"
Census Tract,53033010102,WA,53033010102,53033010102,139407,2017-2021,2020,Census,"King (County, 2020)"
Census Tract,53033010200,WA,53033010200,53033010200,146250,2017-2021,2020,Census,"King (County, 2020)"
Census Tract,53033010301,WA,53033010301,53033010301,106250,2017-2021,2020,Census,"King (County, 2020)"
Census Tract,53033010302,WA,53033010302,53033010302,110538,2017-2021,2020,Census,"King (County, 2020)"
Census Tract,53033010401,WA,53033010401,53033010401,106071,2017-2021,2020,Census,"King (County, 2020)"
Census Tract,53033010402,WA,53033010402,53033010402,100255,2017-2021,2020,Census,"King (County, 2020)"
Census Tract,53033010501,WA,53033010501,53033010501,103409,2017-2021,2020,Census,"King (County, 2020)"
Census Tract,53033010502,WA,53033010502,53033010502,111769,2017-2021,2020,Census,"King (County, 2020)"
Census Tract,53033010601,WA,53033010601,53033010601,140133,2017-2021,2020,Census,"King (County, 2020)"
Census Tract,53033010602,WA,53033010602,53033010602,94470,2017-2021,2020,Census,"King (County, 2020)"
Census Tract,53033010701,WA,53033010701,53033010701,96638,2017-2021,2020,Census,"King (County, 2020)"
Census Tract,53033010702,WA,53033010702,53033010702,69233,2017-2021,2020,Census,"King (County, 2020)"
Census Tract,53033010800,WA,53033010800,53033010800,109375,2017-2021,2020,Census,"King (County, 2020)"
Census Tract,53033010900,WA,53033010900,53033010900,56902,2017-2021,2020,Census,"King (County, 2020)"
Census Tract,53033011001,WA,53033011001,53033011001,47813,2017-2021,2020,Census,"King (County, 2020)"
Census Tract,53033011002,WA,53033011002,53033011002,52418,2017-2021,2020,Census,"King (County, 2020)"
Census Tract,53033011101,WA,53033011101,53033011101,81250,2017-2021,2020,Census,"King (County, 2020)"
Census Tract,53033011102,WA,53033011102,53033011102,113553,2017-2021,2020,Census,"King (County, 2020)"
Census Tract,53033011200,WA,53033011200,53033011200,61935,2017-2021,2020,Census,"King (County, 2020)"
Census Tract,53033011300,WA,53033011300,53033011300,85125,2017-2021,2020,Census,"King (County, 2020)"
Census Tract,53033011401,WA,53033011401,53033011401,96625,2017-2021,2020,Census,"King (County, 2020)"
Census Tract,53033011402,WA,53033011402,53033011402,77656,2017-2021,2020,Census,"King (County, 2020)"
Census Tract,53033011500,WA,53033011500,53033011500,99719,2017-2021,2020,Census,"King (County, 2020)"
Census Tract,53033011601,WA,53033011601,53033011601,146519,2017-2021,2020,Census,"King (County, 2020)"
Census Tract,53033011602,WA,53033011602,53033011602,116842,2017-2021,2020,Census,"King (County, 2020)"
Census Tract,53033011700,WA,53033011700,53033011700,82697,2017-2021,2020,Census,"King (County, 2020)"
Census Tract,53033011801,WA,53033011801,53033011801,95938,2017-2021,2020,Census,"King (County, 2020)"
Census Tract,53033011802,WA,53033011802,53033011802,67143,2017-2021,2020,Census,"King (County, 2020)"
Census Tract,53033011901,WA,53033011901,53033011901,133498,2017-2021,2020,Census,"King (County, 2020)"
Census Tract,53033011902,WA,53033011902,53033011902,115917,2017-2021,2020,Census,"King (County, 2020)"
Census Tract,53033012000,WA,53033012000,53033012000,114159,2017-2021,2020,Census,"King (County, 2020)"
Census Tract,53033012100,WA,53033012100,53033012100,167813,2017-2021,2020,Census,"King (County, 2020)"
Census Tract,53033020100,WA,53033020100,53033020100,100385,2017-2021,2020,Census,"King (County, 2020)"
Census Tract,53033020200,WA,53033020200,53033020200,88269,2017-2021,2020,Census,"King (County, 2020)"
Census Tract,53033020301,WA,53033020301,53033020301,65850,2017-2021,2020,Census,"King (County, 2020)"
Census Tract,53033020302,WA,53033020302,53033020302,82625,2017-2021,2020,Census,"King (County, 2020)"
Census Tract,53033020401,WA,53033020401,53033020401,88589,2017-2021,2020,Census,"King (County, 2020)"
Census Tract,53033020402,WA,53033020402,53033020402,95500,2017-2021,2020,Census,"King (County, 2020)"
Census Tract,53033020500,WA,53033020500,53033020500,105637,2017-2021,2020,Census,"King (County, 2020)"
Census Tract,53033020600,WA,53033020600,53033020600,129571,2017-2021,2020,Census,"King (County, 2020)"
Census Tract,53033020700,WA,53033020700,53033020700,88290,2017-2021,2020,Census,"King (County, 2020)"
Census Tract,53033020800,WA,53033020800,53033020800,136080,2017-2021,2020,Census,"King (County, 2020)"
Census Tract,53033020900,WA,53033020900,53033020900,104375,2017-2021,2020,Census,"King (County, 2020)"
Census Tract,53033021000,WA,53033021000,53033021000,101828,2017-2021,2020,Census,"King (County, 2020)"
Census Tract,53033021100,WA,53033021100,53033021100,107882,2017-2021,2020,Census,"King (County, 2020)"
Census Tract,53033021300,WA,53033021300,53033021300,97105,2017-2021,2020,Census,"King (County, 2020)"
Census Tract,53033021400,WA,53033021400,53033021400,151667,2017-2021,2020,Census,"King (County, 2020)"
Census Tract,53033021500,WA,53033021500,53033021500,160000,2017-2021,2020,Census,"King (County, 2020)"
Census Tract,53033021600,WA,53033021600,53033021600,112277,2017-2021,2020,Census,"King (County, 2020)"
Census Tract,53033021701,WA,53033021701,53033021701,148875,2017-2021,2020,Census,"King (County, 2020)"
Census Tract,53033021702,WA,53033021702,53033021702,74531,2017-2021,2020,Census,"King (County, 2020)"
Census Tract,53033021802,WA,53033021802,53033021802,113472,2017-2021,2020,Census,"King (County, 2020)"
Census Tract,53033021803,WA,53033021803,53033021803,115778,2017-2021,2020,Census,"King (County, 2020)"
Census Tract,53033021804,WA,53033021804,53033021804,101786,2017-2021,2020,Census,"King (County, 2020)"
Census Tract,53033021903,WA,53033021903,53033021903,84471,2017-2021,2020,Census,"King (County, 2020)"
Census Tract,53033021904,WA,53033021904,53033021904,129844,2017-2021,2020,Census,"King (County, 2020)"
Census Tract,53033021905,WA,53033021905,53033021905,104671,2017-2021,2020,Census,"King (County, 2020)"
Census Tract,53033021906,WA,53033021906,53033021906,126023,2017-2021,2020,Census,"King (County, 2020)"
Census Tract,53033022001,WA,53033022001,53033022001,118409,2017-2021,2020,Census,"King (County, 2020)"
Census Tract,53033022003,WA,53033022003,53033022003,121753,2017-2021,2020,Census,"King (County, 2020)"
Census Tract,53033022005,WA,53033022005,53033022005,86783,2017-2021,2020,Census,"King (County, 2020)"
Census Tract,53033022006,WA,53033022006,53033022006,110931,2017-2021,2020,Census,"King (County, 2020)"
Census Tract,53033022101,WA,53033022101,53033022101,160000,2017-2021,2020,Census,"King (County, 2020)"
Census Tract,53033022102,WA,53033022102,53033022102,147452,2017-2021,2020,Census,"King (County, 2020)"
Census Tract,53033022201,WA,53033022201,53033022201,107981,2017-2021,2020,Census,"King (County, 2020)"
Census Tract,53033022203,WA,53033022203,53033022203,136140,2017-2021,2020,Census,"King (County, 2020)"
Census Tract,53033022204,WA,53033022204,53033022204,130762,2017-2021,2020,Census,"King (County, 2020)"
Census Tract,53033022205,WA,53033022205,53033022205,99063,2017-2021,2020,Census,"King (County, 2020)"
Census Tract,53033022300,WA,53033022300,53033022300,164556,2017-2021,2020,Census,"King (County, 2020)"
Census Tract,53033022401,WA,53033022401,53033022401,148321,2017-2021,2020,Census,"King (County, 2020)"
Census Tract,53033022402,WA,53033022402,53033022402,117361,2017-2021,2020,Census,"King (County, 2020)"
Census Tract,53033022501,WA,53033022501,53033022501,154978,2017-2021,2020,Census,"King (County, 2020)"
Census Tract,53033022502,WA,53033022502,53033022502,127649,2017-2021,2020,Census,"King (County, 2020)"
Census Tract,53033022603,WA,53033022603,53033022603,139180,2017-2021,2020,Census,"King (County, 2020)"
Census Tract,53033022604,WA,53033022604,53033022604,155500,2017-2021,2020,Census,"King (County, 2020)"
Census Tract,53033022605,WA,53033022605,53033022605,114683,2017-2021,2020,Census,"King (County, 2020)"
Census Tract,53033022606,WA,53033022606,53033022606,124844,2017-2021,2020,Census,"King (County, 2020)"
Census Tract,53033022701,WA,53033022701,53033022701,161522,2017-2021,2020,Census,"King (County, 2020)"
Census Tract,53033022702,WA,53033022702,53033022702,188102,2017-2021,2020,Census,"King (County, 2020)"
Census Tract,53033022703,WA,53033022703,53033022703,163977,2017-2021,2020,Census,"King (County, 2020)"
Census Tract,53033022802,WA,53033022802,53033022802,156392,2017-2021,2020,Census,"King (County, 2020)"
Census Tract,53033022803,WA,53033022803,53033022803,147738,2017-2021,2020,Census,"King (County, 2020)"
Census Tract,53033022804,WA,53033022804,53033022804,113750,2017-2021,2020,Census,"King (County, 2020)"
Census Tract,53033022805,WA,53033022805,53033022805,130162,2017-2021,2020,Census,"King (County, 2020)"
Census Tract,53033022901,WA,53033022901,53033022901,160586,2017-2021,2020,Census,"King (County, 2020)"
Census Tract,53033022902,WA,53033022902,53033022902,164241,2017-2021,2020,Census,"King (County, 2020)"
Census Tract,53033023000,WA,53033023000,53033023000,164612,2017-2021,2020,Census,"King (County, 2020)"
Census Tract,53033023100,WA,53033023100,53033023100,162708,2017-2021,2020,Census,"King (County, 2020)"
Census Tract,53033023201,WA,53033023201,53033023201,101778,2017-2021,2020,Census,"King (County, 2020)"
Census Tract,53033023202,WA,53033023202,53033023202,69659,2017-2021,2020,Census,"King (County, 2020)"
Census Tract,53033023300,WA,53033023300,53033023300,120625,2017-2021,2020,Census,"King (County, 2020)"
Census Tract,53033023401,WA,53033023401,53033023401,119795,2017-2021,2020,Census,"King (County, 2020)"
Census Tract,53033023403,WA,53033023403,53033023403,148688,2017-2021,2020,Census,"King (County, 2020)"
Census Tract,53033023404,WA,53033023404,53033023404,123438,2017-2021,2020,Census,"King (County, 2020)"
Census Tract,53033023500,WA,53033023500,53033023500,143417,2017-2021,2020,Census,"King (County, 2020)"
Census Tract,53033023601,WA,53033023601,53033023601,131806,2017-2021,2020,Census,"King (County, 2020)"
Census Tract,53033023603,WA,53033023603,53033023603,144539,2017-2021,2020,Census,"King (County, 2020)"
Census Tract,53033023604,WA,53033023604,53033023604,105945,2017-2021,2020,Census,"King (County, 2020)"
Census Tract,53033023701,WA,53033023701,53033023701,182353,2017-2021,2020,Census,"King (County, 2020)"
Census Tract,53033023702,WA,53033023702,53033023702,120427,2017-2021,2020,Census,"King (County, 2020)"
Census Tract,53033023801,WA,53033023801,53033023801,119022,2017-2021,2020,Census,"King (County, 2020)"
Census Tract,53033023805,WA,53033023805,53033023805,136848,2017-2021,2020,Census,"King (County, 2020)"
Census Tract,53033023806,WA,53033023806,53033023806,145488,2017-2021,2020,Census,"King (County, 2020)"
Census Tract,53033023807,WA,53033023807,53033023807,136408,2017-2021,2020,Census,"King (County, 2020)"
Census Tract,53033023808,WA,53033023808,53033023808,129302,2017-2021,2020,Census,"King (County, 2020)"
Census Tract,53033023901,WA,53033023901,53033023901,151964,2017-2021,2020,Census,"King (County, 2020)"
Census Tract,53033023902,WA,53033023902,53033023902,250001,2017-2021,2020,Census,"King (County, 2020)"
Census Tract,53033024001,WA,53033024001,53033024001,172566,2017-2021,2020,Census,"King (County, 2020)"
Census Tract,53033024002,WA,53033024002,53033024002,156146,2017-2021,2020,Census,"King (County, 2020)"
Census Tract,53033024100,WA,53033024100,53033024100,250001,2017-2021,2020,Census,"King (County, 2020)"
Census Tract,53033024200,WA,53033024200,53033024200,208500,2017-2021,2020,Census,"King (County, 2020)"
Census Tract,53033024301,WA,53033024301,53033024301,97813,2017-2021,2020,Census,"King (County, 2020)"
Census Tract,53033024302,WA,53033024302,53033024302,195642,2017-2021,2020,Census,"King (County, 2020)"
Census Tract,53033024400,WA,53033024400,53033024400,102361,2017-2021,2020,Census,"King (County, 2020)"
Census Tract,53033024500,WA,53033024500,53033024500,242857,2017-2021,2020,Census,"King (County, 2020)"
Census Tract,53033024601,WA,53033024601,53033024601,250001,2017-2021,2020,Census,"King (County, 2020)"
Census Tract,53033024602,WA,53033024602,53033024602,250001,2017-2021,2020,Census,"King (County, 2020)"
Census Tract,53033024701,WA,53033024701,53033024701,96103,2017-2021,2020,Census,"King (County, 2020)"
Census Tract,53033024703,WA,53033024703,53033024703,179081,2017-2021,2020,Census,"King (County, 2020)"
Census Tract,53033024704,WA,53033024704,53033024704,163534,2017-2021,2020,Census,"King (County, 2020)"
Census Tract,53033024800,WA,53033024800,53033024800,113333,2017-2021,2020,Census,"King (County, 2020)"
Census Tract,53033024901,WA,53033024901,53033024901,194250,2017-2021,2020,Census,"King (County, 2020)"
Census Tract,53033024902,WA,53033024902,53033024902,183083,2017-2021,2020,Census,"King (County, 2020)"
Census Tract,53033024904,WA,53033024904,53033024904,232696,2017-2021,2020,Census,"King (County, 2020)"
Census Tract,53033024905,WA,53033024905,53033024905,235515,2017-2021,2020,Census,"King (County, 2020)"
Census Tract,53033025001,WA,53033025001,53033025001,143523,2017-2021,2020,Census,"King (County, 2020)"
Census Tract,53033025005,WA,53033025005,53033025005,141985,2017-2021,2020,Census,"King (County, 2020)"
Census Tract,53033025006,WA,53033025006,53033025006,166520,2017-2021,2020,Census,"King (County, 2020)"
Census Tract,53033025007,WA,53033025007,53033025007,145147,2017-2021,2020,Census,"King (County, 2020)"
Census Tract,53033025008,WA,53033025008,53033025008,181928,2017-2021,2020,Census,"King (County, 2020)"
Census Tract,53033025101,WA,53033025101,53033025101,99118,2017-2021,2020,Census,"King (County, 2020)"
Census Tract,53033025103,WA,53033025103,53033025103,115034,2017-2021,2020,Census,"King (County, 2020)"
Census Tract,53033025104,WA,53033025104,53033025104,121087,2017-2021,2020,Census,"King (County, 2020)"
Census Tract,53033025201,WA,53033025201,53033025201,96731,2017-2021,2020,Census,"King (County, 2020)"
Census Tract,53033025202,WA,53033025202,53033025202,100382,2017-2021,2020,Census,"King (County, 2020)"
Census Tract,53033025302,WA,53033025302,53033025302,46879,2017-2021,2020,Census,"King (County, 2020)"
Census Tract,53033025303,WA,53033025303,53033025303,78574,2017-2021,2020,Census,"King (County, 2020)"
Census Tract,53033025304,WA,53033025304,53033025304,112010,2017-2021,2020,Census,"King (County, 2020)"
Census Tract,53033025401,WA,53033025401,53033025401,65802,2017-2021,2020,Census,"King (County, 2020)"
Census Tract,53033025402,WA,53033025402,53033025402,86603,2017-2021,2020,Census,"King (County, 2020)"
Census Tract,53033025500,WA,53033025500,53033025500,70625,2017-2021,2020,Census,"King (County, 2020)"
Census Tract,53033025601,WA,53033025601,53033025601,74840,2017-2021,2020,Census,"King (County, 2020)"
Census Tract,53033025602,WA,53033025602,53033025602,158224,2017-2021,2020,Census,"King (County, 2020)"
Census Tract,53033025702,WA,53033025702,53033025702,110000,2017-2021,2020,Census,"King (County, 2020)"
Census Tract,53033025703,WA,53033025703,53033025703,71985,2017-2021,2020,Census,"King (County, 2020)"
Census Tract,53033025704,WA,53033025704,53033025704,84412,2017-2021,2020,Census,"King (County, 2020)"
Census Tract,53033025803,WA,53033025803,53033025803,77074,2017-2021,2020,Census,"King (County, 2020)"
Census Tract,53033025804,WA,53033025804,53033025804,84739,2017-2021,2020,Census,"King (County, 2020)"
Census Tract,53033025805,WA,53033025805,53033025805,74984,2017-2021,2020,Census,"King (County, 2020)"
Census Tract,53033025806,WA,53033025806,53033025806,93456,2017-2021,2020,Census,"King (County, 2020)"
Census Tract,53033026001,WA,53033026001,53033026001,103769,2017-2021,2020,Census,"King (County, 2020)"
Census Tract,53033026003,WA,53033026003,53033026003,54130,2017-2021,2020,Census,"King (County, 2020)"
Census Tract,53033026004,WA,53033026004,53033026004,109438,2017-2021,2020,Census,"King (County, 2020)"
Census Tract,53033026101,WA,53033026101,53033026101,67292,2017-2021,2020,Census,"King (County, 2020)"
Census Tract,53033026102,WA,53033026102,53033026102,62637,2017-2021,2020,Census,"King (County, 2020)"
Census Tract,53033026200,WA,53033026200,53033026200,71692,2017-2021,2020,Census,"King (County, 2020)"
Census Tract,53033026300,WA,53033026300,53033026300,71488,2017-2021,2020,Census,"King (County, 2020)"
Census Tract,53033026400,WA,53033026400,53033026400,66782,2017-2021,2020,Census,"King (County, 2020)"
Census Tract,53033026500,WA,53033026500,53033026500,58533,2017-2021,2020,Census,"King (County, 2020)"
Census Tract,53033026600,WA,53033026600,53033026600,91346,2017-2021,2020,Census,"King (County, 2020)"
Census Tract,53033026700,WA,53033026700,53033026700,106053,2017-2021,2020,Census,"King (County, 2020)"
Census Tract,53033026801,WA,53033026801,53033026801,65980,2017-2021,2020,Census,"King (County, 2020)"
Census Tract,53033026802,WA,53033026802,53033026802,71827,2017-2021,2020,Census,"King (County, 2020)"
Census Tract,53033027000,WA,53033027000,53033027000,95189,2017-2021,2020,Census,"King (County, 2020)"
Census Tract,53033027100,WA,53033027100,53033027100,47181,2017-2021,2020,Census,"King (County, 2020)"
Census Tract,53033027200,WA,53033027200,53033027200,62917,2017-2021,2020,Census,"King (County, 2020)"
Census Tract,53033027300,WA,53033027300,53033027300,89158,2017-2021,2020,Census,"King (County, 2020)"
Census Tract,53033027400,WA,53033027400,53033027400,79934,2017-2021,2020,Census,"King (County, 2020)"
Census Tract,53033027500,WA,53033027500,53033027500,78649,2017-2021,2020,Census,"King (County, 2020)"
Census Tract,53033027600,WA,53033027600,53033027600,83707,2017-2021,2020,Census,"King (County, 2020)"
Census Tract,53033027701,WA,53033027701,53033027701,82750,2017-2021,2020,Census,"King (County, 2020)"
Census Tract,53033027702,WA,53033027702,53033027702,104130,2017-2021,2020,Census,"King (County, 2020)"
Census Tract,53033027800,WA,53033027800,53033027800,129329,2017-2021,2020,Census,"King (County, 2020)"
Census Tract,53033027901,WA,53033027901,53033027901,107986,2017-2021,2020,Census,"King (County, 2020)"
Census Tract,53033027902,WA,53033027902,53033027902,64052,2017-2021,2020,Census,"King (County, 2020)"
Census Tract,53033028000,WA,53033028000,53033028000,73859,2017-2021,2020,Census,"King (County, 2020)"
Census Tract,53033028100,WA,53033028100,53033028100,62893,2017-2021,2020,Census,"King (County, 2020)"
Census Tract,53033028200,WA,53033028200,53033028200,68828,2017-2021,2020,Census,"King (County, 2020)"
Census Tract,53033028300,WA,53033028300,53033028300,101361,2017-2021,2020,Census,"King (County, 2020)"
Census Tract,53033028402,WA,53033028402,53033028402,69118,2017-2021,2020,Census,"King (County, 2020)"
Census Tract,53033028403,WA,53033028403,53033028403,60058,2017-2021,2020,Census,"King (County, 2020)"
Census Tract,53033028500,WA,53033028500,53033028500,83000,2017-2021,2020,Census,"King (County, 2020)"
Census Tract,53033028600,WA,53033028600,53033028600,112316,2017-2021,2020,Census,"King (County, 2020)"
Census Tract,53033028700,WA,53033028700,53033028700,117476,2017-2021,2020,Census,"King (County, 2020)"
Census Tract,53033028801,WA,53033028801,53033028801,68017,2017-2021,2020,Census,"King (County, 2020)"
Census Tract,53033028802,WA,53033028802,53033028802,66069,2017-2021,2020,Census,"King (County, 2020)"
Census Tract,53033028901,WA,53033028901,53033028901,79561,2017-2021,2020,Census,"King (County, 2020)"
Census Tract,53033028902,WA,53033028902,53033028902,51050,2017-2021,2020,Census,"King (County, 2020)"
Census Tract,53033029001,WA,53033029001,53033029001,81630,2017-2021,2020,Census,"King (County, 2020)"
Census Tract,53033029003,WA,53033029003,53033029003,64224,2017-2021,2020,Census,"King (County, 2020)"
Census Tract,53033029004,WA,53033029004,53033029004,41921,2017-2021,2020,Census,"King (County, 2020)"
Census Tract,53033029101,WA,53033029101,53033029101,87174,2017-2021,2020,Census,"King (County, 2020)"
Census Tract,53033029102,WA,53033029102,53033029102,79250,2017-2021,2020,Census,"King (County, 2020)"
Census Tract,53033029203,WA,53033029203,53033029203,72426,2017-2021,2020,Census,"King (County, 2020)"
Census Tract,53033029205,WA,53033029205,53033029205,73175,2017-2021,2020,Census,"King (County, 2020)"
Census Tract,53033029206,WA,53033029206,53033029206,40409,2017-2021,2020,Census,"King (County, 2020)"
Census Tract,53033029207,WA,53033029207,53033029207,106476,2017-2021,2020,Census,"King (County, 2020)"
Census Tract,53033029208,WA,53033029208,53033029208,65625,2017-2021,2020,Census,"King (County, 2020)"
Census Tract,53033029304,WA,53033029304,53033029304,101083,2017-2021,2020,Census,"King (County, 2020)"
Census Tract,53033029305,WA,53033029305,53033029305,97917,2017-2021,2020,Census,"King (County, 2020)"
Census Tract,53033029306,WA,53033029306,53033029306,111061,2017-2021,2020,Census,"King (County, 2020)"
Census Tract,53033029307,WA,53033029307,53033029307,124662,2017-2021,2020,Census,"King (County, 2020)"
Census Tract,53033029308,WA,53033029308,53033029308,94219,2017-2021,2020,Census,"King (County, 2020)"
Census Tract,53033029309,WA,53033029309,53033029309,80744,2017-2021,2020,Census,"King (County, 2020)"
Census Tract,53033029403,WA,53033029403,53033029403,96528,2017-2021,2020,Census,"King (County, 2020)"
Census Tract,53033029405,WA,53033029405,53033029405,112042,2017-2021,2020,Census,"King (County, 2020)"
Census Tract,53033029406,WA,53033029406,53033029406,112557,2017-2021,2020,Census,"King (County, 2020)"
Census Tract,53033029407,WA,53033029407,53033029407,60167,2017-2021,2020,Census,"King (County, 2020)"
Census Tract,53033029408,WA,53033029408,53033029408,64746,2017-2021,2020,Census,"King (County, 2020)"
Census Tract,53033029504,WA,53033029504,53033029504,72675,2017-2021,2020,Census,"King (County, 2020)"
Census Tract,53033029505,WA,53033029505,53033029505,58912,2017-2021,2020,Census,"King (County, 2020)"
Census Tract,53033029506,WA,53033029506,53033029506,56469,2017-2021,2020,Census,"King (County, 2020)"
Census Tract,53033029507,WA,53033029507,53033029507,103952,2017-2021,2020,Census,"King (County, 2020)"
Census Tract,53033029508,WA,53033029508,53033029508,120294,2017-2021,2020,Census,"King (County, 2020)"
Census Tract,53033029602,WA,53033029602,53033029602,145221,2017-2021,2020,Census,"King (County, 2020)"
Census Tract,53033029603,WA,53033029603,53033029603,109578,2017-2021,2020,Census,"King (County, 2020)"
Census Tract,53033029604,WA,53033029604,53033029604,69423,2017-2021,2020,Census,"King (County, 2020)"
Census Tract,53033029701,WA,53033029701,53033029701,65502,2017-2021,2020,Census,"King (County, 2020)"
Census Tract,53033029702,WA,53033029702,53033029702,69462,2017-2021,2020,Census,"King (County, 2020)"
Census Tract,53033029803,WA,53033029803,53033029803,75391,2017-2021,2020,Census,"King (County, 2020)"
Census Tract,53033029804,WA,53033029804,53033029804,128500,2017-2021,2020,Census,"King (County, 2020)"
Census Tract,53033029805,WA,53033029805,53033029805,102422,2017-2021,2020,Census,"King (County, 2020)"
Census Tract,53033029806,WA,53033029806,53033029806,90287,2017-2021,2020,Census,"King (County, 2020)"
Census Tract,53033029901,WA,53033029901,53033029901,98225,2017-2021,2020,Census,"King (County, 2020)"
Census Tract,53033029902,WA,53033029902,53033029902,138628,2017-2021,2020,Census,"King (County, 2020)"
Census Tract,53033030003,WA,53033030003,53033030003,76708,2017-2021,2020,Census,"King (County, 2020)"
Census Tract,53033030005,WA,53033030005,53033030005,75694,2017-2021,2020,Census,"King (County, 2020)"
Census Tract,53033030006,WA,53033030006,53033030006,55385,2017-2021,2020,Census,"King (County, 2020)"
Census Tract,53033030007,WA,53033030007,53033030007,44358,2017-2021,2020,Census,"King (County, 2020)"
Census Tract,53033030008,WA,53033030008,53033030008,63811,2017-2021,2020,Census,"King (County, 2020)"
Census Tract,53033030101,WA,53033030101,53033030101,71250,2017-2021,2020,Census,"King (County, 2020)"
Census Tract,53033030102,WA,53033030102,53033030102,101382,2017-2021,2020,Census,"King (County, 2020)"
Census Tract,53033030201,WA,53033030201,53033030201,70037,2017-2021,2020,Census,"King (County, 2020)"
Census Tract,53033030203,WA,53033030203,53033030203,70444,2017-2021,2020,Census,"King (County, 2020)"
Census Tract,53033030204,WA,53033030204,53033030204,57258,2017-2021,2020,Census,"King (County, 2020)"
Census Tract,53033030304,WA,53033030304,53033030304,96125,2017-2021,2020,Census,"King (County, 2020)"
Census Tract,53033030305,WA,53033030305,53033030305,72392,2017-2021,2020,Census,"King (County, 2020)"
Census Tract,53033030306,WA,53033030306,53033030306,101101,2017-2021,2020,Census,"King (County, 2020)"
Census Tract,53033030308,WA,53033030308,53033030308,77795,2017-2021,2020,Census,"King (County, 2020)"
Census Tract,53033030309,WA,53033030309,53033030309,74831,2017-2021,2020,Census,"King (County, 2020)"
Census Tract,53033030310,WA,53033030310,53033030310,106952,2017-2021,2020,Census,"King (County, 2020)"
Census Tract,53033030311,WA,53033030311,53033030311,95074,2017-2021,2020,Census,"King (County, 2020)"
Census Tract,53033030312,WA,53033030312,53033030312,83056,2017-2021,2020,Census,"King (County, 2020)"
Census Tract,53033030313,WA,53033030313,53033030313,53865,2017-2021,2020,Census,"King (County, 2020)"
Census Tract,53033030314,WA,53033030314,53033030314,48398,2017-2021,2020,Census,"King (County, 2020)"
Census Tract,53033030403,WA,53033030403,53033030403,104808,2017-2021,2020,Census,"King (County, 2020)"
Census Tract,53033030404,WA,53033030404,53033030404,98036,2017-2021,2020,Census,"King (County, 2020)"
Census Tract,53033030405,WA,53033030405,53033030405,79811,2017-2021,2020,Census,"King (County, 2020)"
Census Tract,53033030406,WA,53033030406,53033030406,73667,2017-2021,2020,Census,"King (County, 2020)"
Census Tract,53033030407,WA,53033030407,53033030407,89338,2017-2021,2020,Census,"King (County, 2020)"
Census Tract,53033030501,WA,53033030501,53033030501,32803,2017-2021,2020,Census,"King (County, 2020)"
Census Tract,53033030503,WA,53033030503,53033030503,63100,2017-2021,2020,Census,"King (County, 2020)"
Census Tract,53033030504,WA,53033030504,53033030504,70777,2017-2021,2020,Census,"King (County, 2020)"
Census Tract,53033030600,WA,53033030600,53033030600,63309,2017-2021,2020,Census,"King (County, 2020)"
Census Tract,53033030700,WA,53033030700,53033030700,52132,2017-2021,2020,Census,"King (County, 2020)"
Census Tract,53033030801,WA,53033030801,53033030801,52529,2017-2021,2020,Census,"King (County, 2020)"
Census Tract,53033030802,WA,53033030802,53033030802,67436,2017-2021,2020,Census,"King (County, 2020)"
Census Tract,53033030901,WA,53033030901,53033030901,86413,2017-2021,2020,Census,"King (County, 2020)"
Census Tract,53033030902,WA,53033030902,53033030902,67554,2017-2021,2020,Census,"King (County, 2020)"
Census Tract,53033031000,WA,53033031000,53033031000,121429,2017-2021,2020,Census,"King (County, 2020)"
Census Tract,53033031101,WA,53033031101,53033031101,72122,2017-2021,2020,Census,"King (County, 2020)"
Census Tract,53033031102,WA,53033031102,53033031102,61215,2017-2021,2020,Census,"King (County, 2020)"
Census Tract,53033031202,WA,53033031202,53033031202,97969,2017-2021,2020,Census,"King (County, 2020)"
Census Tract,53033031204,WA,53033031204,53033031204,106250,2017-2021,2020,Census,"King (County, 2020)"
Census Tract,53033031206,WA,53033031206,53033031206,89015,2017-2021,2020,Census,"King (County, 2020)"
Census Tract,53033031207,WA,53033031207,53033031207,97240,2017-2021,2020,Census,"King (County, 2020)"
Census Tract,53033031208,WA,53033031208,53033031208,76917,2017-2021,2020,Census,"King (County, 2020)"
Census Tract,53033031301,WA,53033031301,53033031301,113750,2017-2021,2020,Census,"King (County, 2020)"
Census Tract,53033031302,WA,53033031302,53033031302,66094,2017-2021,2020,Census,"King (County, 2020)"
Census Tract,53033031400,WA,53033031400,53033031400,104058,2017-2021,2020,Census,"King (County, 2020)"
Census Tract,53033031501,WA,53033031501,53033031501,97886,2017-2021,2020,Census,"King (County, 2020)"
Census Tract,53033031502,WA,53033031502,53033031502,98882,2017-2021,2020,Census,"King (County, 2020)"
Census Tract,53033031601,WA,53033031601,53033031601,111297,2017-2021,2020,Census,"King (County, 2020)"
Census Tract,53033031603,WA,53033031603,53033031603,111750,2017-2021,2020,Census,"King (County, 2020)"
Census Tract,53033031604,WA,53033031604,53033031604,111125,2017-2021,2020,Census,"King (County, 2020)"
Census Tract,53033031605,WA,53033031605,53033031605,135635,2017-2021,2020,Census,"King (County, 2020)"
Census Tract,53033031704,WA,53033031704,53033031704,109263,2017-2021,2020,Census,"King (County, 2020)"
Census Tract,53033031705,WA,53033031705,53033031705,135833,2017-2021,2020,Census,"King (County, 2020)"
Census Tract,53033031707,WA,53033031707,53033031707,164167,2017-2021,2020,Census,"King (County, 2020)"
Census Tract,53033031708,WA,53033031708,53033031708,84945,2017-2021,2020,Census,"King (County, 2020)"
Census Tract,53033031709,WA,53033031709,53033031709,136250,2017-2021,2020,Census,"King (County, 2020)"
Census Tract,53033031710,WA,53033031710,53033031710,89962,2017-2021,2020,Census,"King (County, 2020)"
Census Tract,53033031800,WA,53033031800,53033031800,133538,2017-2021,2020,Census,"King (County, 2020)"
Census Tract,53033031904,WA,53033031904,53033031904,113790,2017-2021,2020,Census,"King (County, 2020)"
Census Tract,53033031906,WA,53033031906,53033031906,112031,2017-2021,2020,Census,"King (County, 2020)"
Census Tract,53033031908,WA,53033031908,53033031908,88616,2017-2021,2020,Census,"King (County, 2020)"
Census Tract,53033031909,WA,53033031909,53033031909,95500,2017-2021,2020,Census,"King (County, 2020)"
Census Tract,53033031910,WA,53033031910,53033031910,94184,2017-2021,2020,Census,"King (County, 2020)"
Census Tract,53033031911,WA,53033031911,53033031911,135179,2017-2021,2020,Census,"King (County, 2020)"
Census Tract,53033031912,WA,53033031912,53033031912,88179,2017-2021,2020,Census,"King (County, 2020)"
Census Tract,53033031913,WA,53033031913,53033031913,159719,2017-2021,2020,Census,"King (County, 2020)"
Census Tract,53033032002,WA,53033032002,53033032002,108322,2017-2021,2020,Census,"King (County, 2020)"
Census Tract,53033032003,WA,53033032003,53033032003,140568,2017-2021,2020,Census,"King (County, 2020)"
Census Tract,53033032005,WA,53033032005,53033032005,110506,2017-2021,2020,Census,"King (County, 2020)"
Census Tract,53033032006,WA,53033032006,53033032006,107459,2017-2021,2020,Census,"King (County, 2020)"
Census Tract,53033032007,WA,53033032007,53033032007,121597,2017-2021,2020,Census,"King (County, 2020)"
Census Tract,53033032008,WA,53033032008,53033032008,128365,2017-2021,2020,Census,"King (County, 2020)"
Census Tract,53033032010,WA,53033032010,53033032010,127266,2017-2021,2020,Census,"King (County, 2020)"
Census Tract,53033032011,WA,53033032011,53033032011,133438,2017-2021,2020,Census,"King (County, 2020)"
Census Tract,53033032102,WA,53033032102,53033032102,143346,2017-2021,2020,Census,"King (County, 2020)"
Census Tract,53033032103,WA,53033032103,53033032103,102306,2017-2021,2020,Census,"King (County, 2020)"
Census Tract,53033032104,WA,53033032104,53033032104,112234,2017-2021,2020,Census,"King (County, 2020)"
Census Tract,53033032207,WA,53033032207,53033032207,182868,2017-2021,2020,Census,"King (County, 2020)"
Census Tract,53033032211,WA,53033032211,53033032211,167458,2017-2021,2020,Census,"King (County, 2020)"
Census Tract,53033032213,WA,53033032213,53033032213,201458,2017-2021,2020,Census,"King (County, 2020)"
Census Tract,53033032215,WA,53033032215,53033032215,246849,2017-2021,2020,Census,"King (County, 2020)"
Census Tract,53033032216,WA,53033032216,53033032216,219432,2017-2021,2020,Census,"King (County, 2020)"
Census Tract,53033032217,WA,53033032217,53033032217,233750,2017-2021,2020,Census,"King (County, 2020)"
Census Tract,53033032218,WA,53033032218,53033032218,156758,2017-2021,2020,Census,"King (County, 2020)"
Census Tract,53033032219,WA,53033032219,53033032219,158971,2017-2021,2020,Census,"King (County, 2020)"
Census Tract,53033032220,WA,53033032220,53033032220,143565,2017-2021,2020,Census,"King (County, 2020)"
Census Tract,53033032221,WA,53033032221,53033032221,180647,2017-2021,2020,Census,"King (County, 2020)"
Census Tract,53033032222,WA,53033032222,53033032222,113750,2017-2021,2020,Census,"King (County, 2020)"
Census Tract,53033032223,WA,53033032223,53033032223,186346,2017-2021,2020,Census,"King (County, 2020)"
Census Tract,53033032224,WA,53033032224,53033032224,206302,2017-2021,2020,Census,"King (County, 2020)"
Census Tract,53033032225,WA,53033032225,53033032225,195982,2017-2021,2020,Census,"King (County, 2020)"
Census Tract,53033032307,WA,53033032307,53033032307,153181,2017-2021,2020,Census,"King (County, 2020)"
Census Tract,53033032311,WA,53033032311,53033032311,164141,2017-2021,2020,Census,"King (County, 2020)"
Census Tract,53033032313,WA,53033032313,53033032313,141094,2017-2021,2020,Census,"King (County, 2020)"
Census Tract,53033032315,WA,53033032315,53033032315,177750,2017-2021,2020,Census,"King (County, 2020)"
Census Tract,53033032316,WA,53033032316,53033032316,188458,2017-2021,2020,Census,"King (County, 2020)"
Census Tract,53033032317,WA,53033032317,53033032317,196607,2017-2021,2020,Census,"King (County, 2020)"
Census Tract,53033032318,WA,53033032318,53033032318,219176,2017-2021,2020,Census,"King (County, 2020)"
Census Tract,53033032319,WA,53033032319,53033032319,99760,2017-2021,2020,Census,"King (County, 2020)"
Census Tract,53033032320,WA,53033032320,53033032320,208681,2017-2021,2020,Census,"King (County, 2020)"
Census Tract,53033032321,WA,53033032321,53033032321,236204,2017-2021,2020,Census,"King (County, 2020)"
Census Tract,53033032322,WA,53033032322,53033032322,198707,2017-2021,2020,Census,"King (County, 2020)"
Census Tract,53033032323,WA,53033032323,53033032323,188075,2017-2021,2020,Census,"King (County, 2020)"
Census Tract,53033032324,WA,53033032324,53033032324,132794,2017-2021,2020,Census,"King (County, 2020)"
Census Tract,53033032325,WA,53033032325,53033032325,125313,2017-2021,2020,Census,"King (County, 2020)"
Census Tract,53033032326,WA,53033032326,53033032326,199293,2017-2021,2020,Census,"King (County, 2020)"
Census Tract,53033032327,WA,53033032327,53033032327,136741,2017-2021,2020,Census,"King (County, 2020)"
Census Tract,53033032328,WA,53033032328,53033032328,197813,2017-2021,2020,Census,"King (County, 2020)"
Census Tract,53033032330,WA,53033032330,53033032330,151347,2017-2021,2020,Census,"King (County, 2020)"
Census Tract,53033032331,WA,53033032331,53033032331,121964,2017-2021,2020,Census,"King (County, 2020)"
Census Tract,53033032332,WA,53033032332,53033032332,206234,2017-2021,2020,Census,"King (County, 2020)"
Census Tract,53033032333,WA,53033032333,53033032333,159844,2017-2021,2020,Census,"King (County, 2020)"
Census Tract,53033032401,WA,53033032401,53033032401,138899,2017-2021,2020,Census,"King (County, 2020)"
Census Tract,53033032402,WA,53033032402,53033032402,145920,2017-2021,2020,Census,"King (County, 2020)"
Census Tract,53033032500,WA,53033032500,53033032500,126830,2017-2021,2020,Census,"King (County, 2020)"
Census Tract,53033032601,WA,53033032601,53033032601,137813,2017-2021,2020,Census,"King (County, 2020)"
Census Tract,53033032603,WA,53033032603,53033032603,174922,2017-2021,2020,Census,"King (County, 2020)"
Census Tract,53033032604,WA,53033032604,53033032604,185192,2017-2021,2020,Census,"King (County, 2020)"
Census Tract,53033032605,WA,53033032605,53033032605,156167,2017-2021,2020,Census,"King (County, 2020)"
Census Tract,53033032703,WA,53033032703,53033032703,102122,2017-2021,2020,Census,"King (County, 2020)"
Census Tract,53033032704,WA,53033032704,53033032704,119181,2017-2021,2020,Census,"King (County, 2020)"
Census Tract,53033032705,WA,53033032705,53033032705,127083,2017-2021,2020,Census,"King (County, 2020)"
Census Tract,53033032706,WA,53033032706,53033032706,106045,2017-2021,2020,Census,"King (County, 2020)"
Census Tract,53033032800,WA,53033032800,53033032800,118158,2017-2021,2020,Census,"King (County, 2020)"