GeoID_Description,GeoID_Name,SitsinState,GeoID,GeoID_Formatted,phh_wocomp,TimeFrame,GeoVintage,Source,Location
Census Tract,53033000101,WA,53033000101,53033000101,2.07,2017-2021,2020,Census,"King (County, 2020)"
Census Tract,53033000102,WA,53033000102,53033000102,3.4,2017-2021,2020,Census,"King (County, 2020)"
Census Tract,53033000201,WA,53033000201,53033000201,0.73,2017-2021,2020,Census,"King (County, 2020)"
Census Tract,53033000202,WA,53033000202,53033000202,0.84,2017-2021,2020,Census,"King (County, 2020)"
Census Tract,53033000300,WA,53033000300,53033000300,0.8,2017-2021,2020,Census,"King (County, 2020)"
Census Tract,53033000402,WA,53033000402,53033000402,4.99,2017-2021,2020,Census,"King (County, 2020)"
Census Tract,53033000403,WA,53033000403,53033000403,9.8,2017-2021,2020,Census,"King (County, 2020)"
Census Tract,53033000404,WA,53033000404,53033000404,7.92,2017-2021,2020,Census,"King (County, 2020)"
Census Tract,53033000500,WA,53033000500,53033000500,0.71,2017-2021,2020,Census,"King (County, 2020)"
Census Tract,53033000601,WA,53033000601,53033000601,5.39,2017-2021,2020,Census,"King (County, 2020)"
Census Tract,53033000602,WA,53033000602,53033000602,3.41,2017-2021,2020,Census,"King (County, 2020)"
Census Tract,53033000700,WA,53033000700,53033000700,6.82,2017-2021,2020,Census,"King (County, 2020)"
Census Tract,53033000800,WA,53033000800,53033000800,4.11,2017-2021,2020,Census,"King (County, 2020)"
Census Tract,53033000900,WA,53033000900,53033000900,2.69,2017-2021,2020,Census,"King (County, 2020)"
Census Tract,53033001000,WA,53033001000,53033001000,0.65,2017-2021,2020,Census,"King (County, 2020)"
Census Tract,53033001100,WA,53033001100,53033001100,2.79,2017-2021,2020,Census,"King (County, 2020)"
Census Tract,53033001201,WA,53033001201,53033001201,10.02,2017-2021,2020,Census,"King (County, 2020)"
Census Tract,53033001202,WA,53033001202,53033001202,4.33,2017-2021,2020,Census,"King (County, 2020)"
Census Tract,53033001300,WA,53033001300,53033001300,5.15,2017-2021,2020,Census,"King (County, 2020)"
Census Tract,53033001400,WA,53033001400,53033001400,2.94,2017-2021,2020,Census,"King (County, 2020)"
Census Tract,53033001500,WA,53033001500,53033001500,3.02,2017-2021,2020,Census,"King (County, 2020)"
Census Tract,53033001600,WA,53033001600,53033001600,2.5,2017-2021,2020,Census,"King (County, 2020)"
Census Tract,53033001701,WA,53033001701,53033001701,3.08,2017-2021,2020,Census,"King (County, 2020)"
Census Tract,53033001702,WA,53033001702,53033001702,1.14,2017-2021,2020,Census,"King (County, 2020)"
Census Tract,53033001800,WA,53033001800,53033001800,2.37,2017-2021,2020,Census,"King (County, 2020)"
Census Tract,53033001900,WA,53033001900,53033001900,1.5,2017-2021,2020,Census,"King (County, 2020)"
Census Tract,53033002000,WA,53033002000,53033002000,1.45,2017-2021,2020,Census,"King (County, 2020)"
Census Tract,53033002100,WA,53033002100,53033002100,0,2017-2021,2020,Census,"King (County, 2020)"
Census Tract,53033002200,WA,53033002200,53033002200,1.2,2017-2021,2020,Census,"King (County, 2020)"
Census Tract,53033002400,WA,53033002400,53033002400,2.05,2017-2021,2020,Census,"King (County, 2020)"
Census Tract,53033002500,WA,53033002500,53033002500,2.85,2017-2021,2020,Census,"King (County, 2020)"
Census Tract,53033002600,WA,53033002600,53033002600,0.85,2017-2021,2020,Census,"King (County, 2020)"
Census Tract,53033002700,WA,53033002700,53033002700,1.22,2017-2021,2020,Census,"King (County, 2020)"
Census Tract,53033002800,WA,53033002800,53033002800,2.07,2017-2021,2020,Census,"King (County, 2020)"
Census Tract,53033002900,WA,53033002900,53033002900,0.91,2017-2021,2020,Census,"King (County, 2020)"
Census Tract,53033003000,WA,53033003000,53033003000,1.33,2017-2021,2020,Census,"King (County, 2020)"
Census Tract,53033003100,WA,53033003100,53033003100,1.85,2017-2021,2020,Census,"King (County, 2020)"
Census Tract,53033003201,WA,53033003201,53033003201,6.5,2017-2021,2020,Census,"King (County, 2020)"
Census Tract,53033003202,WA,53033003202,53033003202,7.98,2017-2021,2020,Census,"King (County, 2020)"
Census Tract,53033003301,WA,53033003301,53033003301,2.12,2017-2021,2020,Census,"King (County, 2020)"
Census Tract,53033003302,WA,53033003302,53033003302,0,2017-2021,2020,Census,"King (County, 2020)"
Census Tract,53033003400,WA,53033003400,53033003400,4.33,2017-2021,2020,Census,"King (County, 2020)"
Census Tract,53033003500,WA,53033003500,53033003500,4.75,2017-2021,2020,Census,"King (County, 2020)"
Census Tract,53033003601,WA,53033003601,53033003601,3.79,2017-2021,2020,Census,"King (County, 2020)"
Census Tract,53033003602,WA,53033003602,53033003602,0.86,2017-2021,2020,Census,"King (County, 2020)"
Census Tract,53033003800,WA,53033003800,53033003800,1.38,2017-2021,2020,Census,"King (County, 2020)"
Census Tract,53033003900,WA,53033003900,53033003900,0.35,2017-2021,2020,Census,"King (County, 2020)"
Census Tract,53033004000,WA,53033004000,53033004000,1.87,2017-2021,2020,Census,"King (County, 2020)"
Census Tract,53033004101,WA,53033004101,53033004101,0,2017-2021,2020,Census,"King (County, 2020)"
Census Tract,53033004102,WA,53033004102,53033004102,2.78,2017-2021,2020,Census,"King (County, 2020)"
Census Tract,53033004201,WA,53033004201,53033004201,1.84,2017-2021,2020,Census,"King (County, 2020)"
Census Tract,53033004202,WA,53033004202,53033004202,0.84,2017-2021,2020,Census,"King (County, 2020)"
Census Tract,53033004301,WA,53033004301,53033004301,2.54,2017-2021,2020,Census,"King (County, 2020)"
Census Tract,53033004302,WA,53033004302,53033004302,2.43,2017-2021,2020,Census,"King (County, 2020)"
Census Tract,53033004401,WA,53033004401,53033004401,0,2017-2021,2020,Census,"King (County, 2020)"
Census Tract,53033004402,WA,53033004402,53033004402,1.15,2017-2021,2020,Census,"King (County, 2020)"
Census Tract,53033004500,WA,53033004500,53033004500,5.97,2017-2021,2020,Census,"King (County, 2020)"
Census Tract,53033004600,WA,53033004600,53033004600,1.39,2017-2021,2020,Census,"King (County, 2020)"
Census Tract,53033004701,WA,53033004701,53033004701,1.63,2017-2021,2020,Census,"King (County, 2020)"
Census Tract,53033004702,WA,53033004702,53033004702,6.05,2017-2021,2020,Census,"King (County, 2020)"
Census Tract,53033004703,WA,53033004703,53033004703,3.69,2017-2021,2020,Census,"King (County, 2020)"
Census Tract,53033004800,WA,53033004800,53033004800,0,2017-2021,2020,Census,"King (County, 2020)"
Census Tract,53033004901,WA,53033004901,53033004901,0.5,2017-2021,2020,Census,"King (County, 2020)"
Census Tract,53033004902,WA,53033004902,53033004902,9.92,2017-2021,2020,Census,"King (County, 2020)"
Census Tract,53033005000,WA,53033005000,53033005000,2.1,2017-2021,2020,Census,"King (County, 2020)"
Census Tract,53033005100,WA,53033005100,53033005100,1.5,2017-2021,2020,Census,"King (County, 2020)"
Census Tract,53033005201,WA,53033005201,53033005201,2.92,2017-2021,2020,Census,"King (County, 2020)"
Census Tract,53033005202,WA,53033005202,53033005202,0,2017-2021,2020,Census,"King (County, 2020)"
Census Tract,53033005304,WA,53033005304,53033005304,11.49,2017-2021,2020,Census,"King (County, 2020)"
Census Tract,53033005305,WA,53033005305,53033005305,0,2017-2021,2020,Census,"King (County, 2020)"
Census Tract,53033005306,WA,53033005306,53033005306,0,2017-2021,2020,Census,"King (County, 2020)"
Census Tract,53033005307,WA,53033005307,53033005307,0,2017-2021,2020,Census,"King (County, 2020)"
Census Tract,53033005401,WA,53033005401,53033005401,2.1,2017-2021,2020,Census,"King (County, 2020)"
Census Tract,53033005402,WA,53033005402,53033005402,0,2017-2021,2020,Census,"King (County, 2020)"
Census Tract,53033005600,WA,53033005600,53033005600,1.84,2017-2021,2020,Census,"King (County, 2020)"
Census Tract,53033005700,WA,53033005700,53033005700,4.48,2017-2021,2020,Census,"King (County, 2020)"
Census Tract,53033005801,WA,53033005801,53033005801,0,2017-2021,2020,Census,"King (County, 2020)"
Census Tract,53033005803,WA,53033005803,53033005803,2.14,2017-2021,2020,Census,"King (County, 2020)"
Census Tract,53033005804,WA,53033005804,53033005804,0.59,2017-2021,2020,Census,"King (County, 2020)"
Census Tract,53033005901,WA,53033005901,53033005901,3.7,2017-2021,2020,Census,"King (County, 2020)"
Census Tract,53033005902,WA,53033005902,53033005902,2.91,2017-2021,2020,Census,"King (County, 2020)"
Census Tract,53033006000,WA,53033006000,53033006000,1.53,2017-2021,2020,Census,"King (County, 2020)"
Census Tract,53033006100,WA,53033006100,53033006100,0,2017-2021,2020,Census,"King (County, 2020)"
Census Tract,53033006200,WA,53033006200,53033006200,3.37,2017-2021,2020,Census,"King (County, 2020)"
Census Tract,53033006300,WA,53033006300,53033006300,1.62,2017-2021,2020,Census,"King (County, 2020)"
Census Tract,53033006400,WA,53033006400,53033006400,1.92,2017-2021,2020,Census,"King (County, 2020)"
Census Tract,53033006500,WA,53033006500,53033006500,0.41,2017-2021,2020,Census,"King (County, 2020)"
Census Tract,53033006600,WA,53033006600,53033006600,0,2017-2021,2020,Census,"King (County, 2020)"
Census Tract,53033006701,WA,53033006701,53033006701,6.02,2017-2021,2020,Census,"King (County, 2020)"
Census Tract,53033006702,WA,53033006702,53033006702,3.18,2017-2021,2020,Census,"King (County, 2020)"
Census Tract,53033006703,WA,53033006703,53033006703,0,2017-2021,2020,Census,"King (County, 2020)"
Census Tract,53033006800,WA,53033006800,53033006800,1.82,2017-2021,2020,Census,"King (County, 2020)"
Census Tract,53033006900,WA,53033006900,53033006900,1.31,2017-2021,2020,Census,"King (County, 2020)"
Census Tract,53033007001,WA,53033007001,53033007001,3,2017-2021,2020,Census,"King (County, 2020)"
Census Tract,53033007002,WA,53033007002,53033007002,0,2017-2021,2020,Census,"King (County, 2020)"
Census Tract,53033007101,WA,53033007101,53033007101,0,2017-2021,2020,Census,"King (County, 2020)"
Census Tract,53033007102,WA,53033007102,53033007102,6.19,2017-2021,2020,Census,"King (County, 2020)"
Census Tract,53033007201,WA,53033007201,53033007201,2.26,2017-2021,2020,Census,"King (County, 2020)"
Census Tract,53033007202,WA,53033007202,53033007202,0,2017-2021,2020,Census,"King (County, 2020)"
Census Tract,53033007203,WA,53033007203,53033007203,0,2017-2021,2020,Census,"King (County, 2020)"
Census Tract,53033007301,WA,53033007301,53033007301,0.73,2017-2021,2020,Census,"King (County, 2020)"
Census Tract,53033007302,WA,53033007302,53033007302,6.5,2017-2021,2020,Census,"King (County, 2020)"
Census Tract,53033007303,WA,53033007303,53033007303,1.36,2017-2021,2020,Census,"King (County, 2020)"
Census Tract,53033007403,WA,53033007403,53033007403,1.31,2017-2021,2020,Census,"King (County, 2020)"
Census Tract,53033007404,WA,53033007404,53033007404,1.56,2017-2021,2020,Census,"King (County, 2020)"
Census Tract,53033007405,WA,53033007405,53033007405,10.54,2017-2021,2020,Census,"King (County, 2020)"
Census Tract,53033007406,WA,53033007406,53033007406,1.2,2017-2021,2020,Census,"King (County, 2020)"
Census Tract,53033007501,WA,53033007501,53033007501,7.84,2017-2021,2020,Census,"King (County, 2020)"
Census Tract,53033007502,WA,53033007502,53033007502,2.73,2017-2021,2020,Census,"King (County, 2020)"
Census Tract,53033007503,WA,53033007503,53033007503,1.38,2017-2021,2020,Census,"King (County, 2020)"
Census Tract,53033007600,WA,53033007600,53033007600,0,2017-2021,2020,Census,"King (County, 2020)"
Census Tract,53033007700,WA,53033007700,53033007700,2.44,2017-2021,2020,Census,"King (County, 2020)"
Census Tract,53033007800,WA,53033007800,53033007800,3.68,2017-2021,2020,Census,"King (County, 2020)"
Census Tract,53033007901,WA,53033007901,53033007901,1.97,2017-2021,2020,Census,"King (County, 2020)"
Census Tract,53033007902,WA,53033007902,53033007902,1.45,2017-2021,2020,Census,"King (County, 2020)"
Census Tract,53033008002,WA,53033008002,53033008002,10.64,2017-2021,2020,Census,"King (County, 2020)"
Census Tract,53033008003,WA,53033008003,53033008003,3.54,2017-2021,2020,Census,"King (County, 2020)"
Census Tract,53033008004,WA,53033008004,53033008004,0,2017-2021,2020,Census,"King (County, 2020)"
Census Tract,53033008101,WA,53033008101,53033008101,5.78,2017-2021,2020,Census,"King (County, 2020)"
Census Tract,53033008102,WA,53033008102,53033008102,12.67,2017-2021,2020,Census,"King (County, 2020)"
Census Tract,53033008200,WA,53033008200,53033008200,1.72,2017-2021,2020,Census,"King (County, 2020)"
Census Tract,53033008300,WA,53033008300,53033008300,8.95,2017-2021,2020,Census,"King (County, 2020)"
Census Tract,53033008401,WA,53033008401,53033008401,5.43,2017-2021,2020,Census,"King (County, 2020)"
Census Tract,53033008402,WA,53033008402,53033008402,0,2017-2021,2020,Census,"King (County, 2020)"
Census Tract,53033008500,WA,53033008500,53033008500,9.01,2017-2021,2020,Census,"King (County, 2020)"
Census Tract,53033008600,WA,53033008600,53033008600,0,2017-2021,2020,Census,"King (County, 2020)"
Census Tract,53033008700,WA,53033008700,53033008700,3.37,2017-2021,2020,Census,"King (County, 2020)"
Census Tract,53033008800,WA,53033008800,53033008800,3.76,2017-2021,2020,Census,"King (County, 2020)"
Census Tract,53033008900,WA,53033008900,53033008900,1.97,2017-2021,2020,Census,"King (County, 2020)"
Census Tract,53033009000,WA,53033009000,53033009000,9.28,2017-2021,2020,Census,"King (County, 2020)"
Census Tract,53033009100,WA,53033009100,53033009100,15.85,2017-2021,2020,Census,"King (County, 2020)"
Census Tract,53033009200,WA,53033009200,53033009200,11,2017-2021,2020,Census,"King (County, 2020)"
Census Tract,53033009300,WA,53033009300,53033009300,2.95,2017-2021,2020,Census,"King (County, 2020)"
Census Tract,53033009400,WA,53033009400,53033009400,5.41,2017-2021,2020,Census,"King (County, 2020)"
Census Tract,53033009500,WA,53033009500,53033009500,0.63,2017-2021,2020,Census,"King (County, 2020)"
Census Tract,53033009600,WA,53033009600,53033009600,6.53,2017-2021,2020,Census,"King (County, 2020)"
Census Tract,53033009701,WA,53033009701,53033009701,1.11,2017-2021,2020,Census,"King (County, 2020)"
Census Tract,53033009702,WA,53033009702,53033009702,0.68,2017-2021,2020,Census,"King (County, 2020)"
Census Tract,53033009801,WA,53033009801,53033009801,2.67,2017-2021,2020,Census,"King (County, 2020)"
Census Tract,53033009802,WA,53033009802,53033009802,2.38,2017-2021,2020,Census,"King (County, 2020)"
Census Tract,53033009900,WA,53033009900,53033009900,0.67,2017-2021,2020,Census,"King (County, 2020)"
Census Tract,53033010001,WA,53033010001,53033010001,8.11,2017-2021,2020,Census,"King (County, 2020)"
Census Tract,53033010002,WA,53033010002,53033010002,6.03,2017-2021,2020,Census,"King (County, 2020)"
Census Tract,53033010102,WA,53033010102,53033010102,3.69,2017-2021,2020,Census,"King (County, 2020)"
Census Tract,53033010200,WA,53033010200,53033010200,3.57,2017-2021,2020,Census,"King (County, 2020)"
Census Tract,53033010301,WA,53033010301,53033010301,2.09,2017-2021,2020,Census,"King (County, 2020)"
Census Tract,53033010302,WA,53033010302,53033010302,3.4,2017-2021,2020,Census,"King (County, 2020)"
Census Tract,53033010401,WA,53033010401,53033010401,4.83,2017-2021,2020,Census,"King (County, 2020)"
Census Tract,53033010402,WA,53033010402,53033010402,3.71,2017-2021,2020,Census,"King (County, 2020)"
Census Tract,53033010501,WA,53033010501,53033010501,6.42,2017-2021,2020,Census,"King (County, 2020)"
Census Tract,53033010502,WA,53033010502,53033010502,1.47,2017-2021,2020,Census,"King (County, 2020)"
Census Tract,53033010601,WA,53033010601,53033010601,3.34,2017-2021,2020,Census,"King (County, 2020)"
Census Tract,53033010602,WA,53033010602,53033010602,0.62,2017-2021,2020,Census,"King (County, 2020)"
Census Tract,53033010701,WA,53033010701,53033010701,2.47,2017-2021,2020,Census,"King (County, 2020)"
Census Tract,53033010702,WA,53033010702,53033010702,1.38,2017-2021,2020,Census,"King (County, 2020)"
Census Tract,53033010800,WA,53033010800,53033010800,1.96,2017-2021,2020,Census,"King (County, 2020)"
Census Tract,53033010900,WA,53033010900,53033010900,6.72,2017-2021,2020,Census,"King (County, 2020)"
Census Tract,53033011001,WA,53033011001,53033011001,13.58,2017-2021,2020,Census,"King (County, 2020)"
Census Tract,53033011002,WA,53033011002,53033011002,1.54,2017-2021,2020,Census,"King (County, 2020)"
Census Tract,53033011101,WA,53033011101,53033011101,6.41,2017-2021,2020,Census,"King (County, 2020)"
Census Tract,53033011102,WA,53033011102,53033011102,4.65,2017-2021,2020,Census,"King (County, 2020)"
Census Tract,53033011200,WA,53033011200,53033011200,6,2017-2021,2020,Census,"King (County, 2020)"
Census Tract,53033011300,WA,53033011300,53033011300,8.4,2017-2021,2020,Census,"King (County, 2020)"
Census Tract,53033011401,WA,53033011401,53033011401,4.07,2017-2021,2020,Census,"King (County, 2020)"
Census Tract,53033011402,WA,53033011402,53033011402,3.02,2017-2021,2020,Census,"King (County, 2020)"
Census Tract,53033011500,WA,53033011500,53033011500,1.31,2017-2021,2020,Census,"King (County, 2020)"
Census Tract,53033011601,WA,53033011601,53033011601,1.38,2017-2021,2020,Census,"King (County, 2020)"
Census Tract,53033011602,WA,53033011602,53033011602,2.5,2017-2021,2020,Census,"King (County, 2020)"
Census Tract,53033011700,WA,53033011700,53033011700,0.94,2017-2021,2020,Census,"King (County, 2020)"
Census Tract,53033011801,WA,53033011801,53033011801,0,2017-2021,2020,Census,"King (County, 2020)"
Census Tract,53033011802,WA,53033011802,53033011802,12.02,2017-2021,2020,Census,"King (County, 2020)"
Census Tract,53033011901,WA,53033011901,53033011901,0,2017-2021,2020,Census,"King (County, 2020)"
Census Tract,53033011902,WA,53033011902,53033011902,5.45,2017-2021,2020,Census,"King (County, 2020)"
Census Tract,53033012000,WA,53033012000,53033012000,1.4,2017-2021,2020,Census,"King (County, 2020)"
Census Tract,53033012100,WA,53033012100,53033012100,0.34,2017-2021,2020,Census,"King (County, 2020)"
Census Tract,53033020100,WA,53033020100,53033020100,0.23,2017-2021,2020,Census,"King (County, 2020)"
Census Tract,53033020200,WA,53033020200,53033020200,6.01,2017-2021,2020,Census,"King (County, 2020)"
Census Tract,53033020301,WA,53033020301,53033020301,4.85,2017-2021,2020,Census,"King (County, 2020)"
Census Tract,53033020302,WA,53033020302,53033020302,0,2017-2021,2020,Census,"King (County, 2020)"
Census Tract,53033020401,WA,53033020401,53033020401,4.23,2017-2021,2020,Census,"King (County, 2020)"
Census Tract,53033020402,WA,53033020402,53033020402,1.41,2017-2021,2020,Census,"King (County, 2020)"
Census Tract,53033020500,WA,53033020500,53033020500,3.09,2017-2021,2020,Census,"King (County, 2020)"
Census Tract,53033020600,WA,53033020600,53033020600,5.19,2017-2021,2020,Census,"King (County, 2020)"
Census Tract,53033020700,WA,53033020700,53033020700,1.75,2017-2021,2020,Census,"King (County, 2020)"
Census Tract,53033020800,WA,53033020800,53033020800,3.82,2017-2021,2020,Census,"King (County, 2020)"
Census Tract,53033020900,WA,53033020900,53033020900,1.59,2017-2021,2020,Census,"King (County, 2020)"
Census Tract,53033021000,WA,53033021000,53033021000,5.22,2017-2021,2020,Census,"King (County, 2020)"
Census Tract,53033021100,WA,53033021100,53033021100,1.74,2017-2021,2020,Census,"King (County, 2020)"
Census Tract,53033021300,WA,53033021300,53033021300,2.55,2017-2021,2020,Census,"King (County, 2020)"
Census Tract,53033021400,WA,53033021400,53033021400,6.25,2017-2021,2020,Census,"King (County, 2020)"
Census Tract,53033021500,WA,53033021500,53033021500,0.94,2017-2021,2020,Census,"King (County, 2020)"
Census Tract,53033021600,WA,53033021600,53033021600,0,2017-2021,2020,Census,"King (County, 2020)"
Census Tract,53033021701,WA,53033021701,53033021701,0,2017-2021,2020,Census,"King (County, 2020)"
Census Tract,53033021702,WA,53033021702,53033021702,11.74,2017-2021,2020,Census,"King (County, 2020)"
Census Tract,53033021802,WA,53033021802,53033021802,1.73,2017-2021,2020,Census,"King (County, 2020)"
Census Tract,53033021803,WA,53033021803,53033021803,1.85,2017-2021,2020,Census,"King (County, 2020)"
Census Tract,53033021804,WA,53033021804,53033021804,4.21,2017-2021,2020,Census,"King (County, 2020)"
Census Tract,53033021903,WA,53033021903,53033021903,8.7,2017-2021,2020,Census,"King (County, 2020)"
Census Tract,53033021904,WA,53033021904,53033021904,1.53,2017-2021,2020,Census,"King (County, 2020)"
Census Tract,53033021905,WA,53033021905,53033021905,4.23,2017-2021,2020,Census,"King (County, 2020)"
Census Tract,53033021906,WA,53033021906,53033021906,3.13,2017-2021,2020,Census,"King (County, 2020)"
Census Tract,53033022001,WA,53033022001,53033022001,8.08,2017-2021,2020,Census,"King (County, 2020)"
Census Tract,53033022003,WA,53033022003,53033022003,1.3,2017-2021,2020,Census,"King (County, 2020)"
Census Tract,53033022005,WA,53033022005,53033022005,1.12,2017-2021,2020,Census,"King (County, 2020)"
Census Tract,53033022006,WA,53033022006,53033022006,0.71,2017-2021,2020,Census,"King (County, 2020)"
Census Tract,53033022101,WA,53033022101,53033022101,3.22,2017-2021,2020,Census,"King (County, 2020)"
Census Tract,53033022102,WA,53033022102,53033022102,0.52,2017-2021,2020,Census,"King (County, 2020)"
Census Tract,53033022201,WA,53033022201,53033022201,0,2017-2021,2020,Census,"King (County, 2020)"
Census Tract,53033022203,WA,53033022203,53033022203,0.05,2017-2021,2020,Census,"King (County, 2020)"
Census Tract,53033022204,WA,53033022204,53033022204,0.99,2017-2021,2020,Census,"King (County, 2020)"
Census Tract,53033022205,WA,53033022205,53033022205,3.23,2017-2021,2020,Census,"King (County, 2020)"
Census Tract,53033022300,WA,53033022300,53033022300,2.35,2017-2021,2020,Census,"King (County, 2020)"
Census Tract,53033022401,WA,53033022401,53033022401,0.89,2017-2021,2020,Census,"King (County, 2020)"
Census Tract,53033022402,WA,53033022402,53033022402,1.51,2017-2021,2020,Census,"King (County, 2020)"
Census Tract,53033022501,WA,53033022501,53033022501,4.24,2017-2021,2020,Census,"King (County, 2020)"
Census Tract,53033022502,WA,53033022502,53033022502,0.93,2017-2021,2020,Census,"King (County, 2020)"
Census Tract,53033022603,WA,53033022603,53033022603,0,2017-2021,2020,Census,"King (County, 2020)"
Census Tract,53033022604,WA,53033022604,53033022604,1.62,2017-2021,2020,Census,"King (County, 2020)"
Census Tract,53033022605,WA,53033022605,53033022605,1.76,2017-2021,2020,Census,"King (County, 2020)"
Census Tract,53033022606,WA,53033022606,53033022606,5.41,2017-2021,2020,Census,"King (County, 2020)"
Census Tract,53033022701,WA,53033022701,53033022701,0.67,2017-2021,2020,Census,"King (County, 2020)"
Census Tract,53033022702,WA,53033022702,53033022702,4.11,2017-2021,2020,Census,"King (County, 2020)"
Census Tract,53033022703,WA,53033022703,53033022703,0.61,2017-2021,2020,Census,"King (County, 2020)"
Census Tract,53033022802,WA,53033022802,53033022802,0,2017-2021,2020,Census,"King (County, 2020)"
Census Tract,53033022803,WA,53033022803,53033022803,3.43,2017-2021,2020,Census,"King (County, 2020)"
Census Tract,53033022804,WA,53033022804,53033022804,0.88,2017-2021,2020,Census,"King (County, 2020)"
Census Tract,53033022805,WA,53033022805,53033022805,0.87,2017-2021,2020,Census,"King (County, 2020)"
Census Tract,53033022901,WA,53033022901,53033022901,0,2017-2021,2020,Census,"King (County, 2020)"
Census Tract,53033022902,WA,53033022902,53033022902,0.83,2017-2021,2020,Census,"King (County, 2020)"
Census Tract,53033023000,WA,53033023000,53033023000,0.63,2017-2021,2020,Census,"King (County, 2020)"
Census Tract,53033023100,WA,53033023100,53033023100,0.61,2017-2021,2020,Census,"King (County, 2020)"
Census Tract,53033023201,WA,53033023201,53033023201,4.16,2017-2021,2020,Census,"King (County, 2020)"
Census Tract,53033023202,WA,53033023202,53033023202,13.34,2017-2021,2020,Census,"King (County, 2020)"
Census Tract,53033023300,WA,53033023300,53033023300,0.54,2017-2021,2020,Census,"King (County, 2020)"
Census Tract,53033023401,WA,53033023401,53033023401,5.94,2017-2021,2020,Census,"King (County, 2020)"
Census Tract,53033023403,WA,53033023403,53033023403,0,2017-2021,2020,Census,"King (County, 2020)"
Census Tract,53033023404,WA,53033023404,53033023404,2.86,2017-2021,2020,Census,"King (County, 2020)"
Census Tract,53033023500,WA,53033023500,53033023500,2.07,2017-2021,2020,Census,"King (County, 2020)"
Census Tract,53033023601,WA,53033023601,53033023601,3.2,2017-2021,2020,Census,"King (County, 2020)"
Census Tract,53033023603,WA,53033023603,53033023603,1,2017-2021,2020,Census,"King (County, 2020)"
Census Tract,53033023604,WA,53033023604,53033023604,4.38,2017-2021,2020,Census,"King (County, 2020)"
Census Tract,53033023701,WA,53033023701,53033023701,1.64,2017-2021,2020,Census,"King (County, 2020)"
Census Tract,53033023702,WA,53033023702,53033023702,0,2017-2021,2020,Census,"King (County, 2020)"
Census Tract,53033023801,WA,53033023801,53033023801,0,2017-2021,2020,Census,"King (County, 2020)"
Census Tract,53033023805,WA,53033023805,53033023805,0,2017-2021,2020,Census,"King (County, 2020)"
Census Tract,53033023806,WA,53033023806,53033023806,4.58,2017-2021,2020,Census,"King (County, 2020)"
Census Tract,53033023807,WA,53033023807,53033023807,3.56,2017-2021,2020,Census,"King (County, 2020)"
Census Tract,53033023808,WA,53033023808,53033023808,0,2017-2021,2020,Census,"King (County, 2020)"
Census Tract,53033023901,WA,53033023901,53033023901,5.15,2017-2021,2020,Census,"King (County, 2020)"
Census Tract,53033023902,WA,53033023902,53033023902,0,2017-2021,2020,Census,"King (County, 2020)"
Census Tract,53033024001,WA,53033024001,53033024001,2.37,2017-2021,2020,Census,"King (County, 2020)"
Census Tract,53033024002,WA,53033024002,53033024002,1.88,2017-2021,2020,Census,"King (County, 2020)"
Census Tract,53033024100,WA,53033024100,53033024100,0.87,2017-2021,2020,Census,"King (County, 2020)"
Census Tract,53033024200,WA,53033024200,53033024200,3.13,2017-2021,2020,Census,"King (County, 2020)"
Census Tract,53033024301,WA,53033024301,53033024301,10.36,2017-2021,2020,Census,"King (County, 2020)"
Census Tract,53033024302,WA,53033024302,53033024302,0,2017-2021,2020,Census,"King (County, 2020)"
Census Tract,53033024400,WA,53033024400,53033024400,1.42,2017-2021,2020,Census,"King (County, 2020)"
Census Tract,53033024500,WA,53033024500,53033024500,0,2017-2021,2020,Census,"King (County, 2020)"
Census Tract,53033024601,WA,53033024601,53033024601,0.61,2017-2021,2020,Census,"King (County, 2020)"
Census Tract,53033024602,WA,53033024602,53033024602,2.36,2017-2021,2020,Census,"King (County, 2020)"
Census Tract,53033024701,WA,53033024701,53033024701,0.52,2017-2021,2020,Census,"King (County, 2020)"
Census Tract,53033024703,WA,53033024703,53033024703,3.35,2017-2021,2020,Census,"King (County, 2020)"
Census Tract,53033024704,WA,53033024704,53033024704,0,2017-2021,2020,Census,"King (County, 2020)"
Census Tract,53033024800,WA,53033024800,53033024800,0,2017-2021,2020,Census,"King (County, 2020)"
Census Tract,53033024901,WA,53033024901,53033024901,0.43,2017-2021,2020,Census,"King (County, 2020)"
Census Tract,53033024902,WA,53033024902,53033024902,0,2017-2021,2020,Census,"King (County, 2020)"
Census Tract,53033024904,WA,53033024904,53033024904,0,2017-2021,2020,Census,"King (County, 2020)"
Census Tract,53033024905,WA,53033024905,53033024905,0,2017-2021,2020,Census,"King (County, 2020)"
Census Tract,53033025001,WA,53033025001,53033025001,2.37,2017-2021,2020,Census,"King (County, 2020)"
Census Tract,53033025005,WA,53033025005,53033025005,1.23,2017-2021,2020,Census,"King (County, 2020)"
Census Tract,53033025006,WA,53033025006,53033025006,0.54,2017-2021,2020,Census,"King (County, 2020)"
Census Tract,53033025007,WA,53033025007,53033025007,1.75,2017-2021,2020,Census,"King (County, 2020)"
Census Tract,53033025008,WA,53033025008,53033025008,2.22,2017-2021,2020,Census,"King (County, 2020)"
Census Tract,53033025101,WA,53033025101,53033025101,3.94,2017-2021,2020,Census,"King (County, 2020)"
Census Tract,53033025103,WA,53033025103,53033025103,2.55,2017-2021,2020,Census,"King (County, 2020)"
Census Tract,53033025104,WA,53033025104,53033025104,2.74,2017-2021,2020,Census,"King (County, 2020)"
Census Tract,53033025201,WA,53033025201,53033025201,1.71,2017-2021,2020,Census,"King (County, 2020)"
Census Tract,53033025202,WA,53033025202,53033025202,5.68,2017-2021,2020,Census,"King (County, 2020)"
Census Tract,53033025302,WA,53033025302,53033025302,12.13,2017-2021,2020,Census,"King (County, 2020)"
Census Tract,53033025303,WA,53033025303,53033025303,0.7,2017-2021,2020,Census,"King (County, 2020)"
Census Tract,53033025304,WA,53033025304,53033025304,1.49,2017-2021,2020,Census,"King (County, 2020)"
Census Tract,53033025401,WA,53033025401,53033025401,3.12,2017-2021,2020,Census,"King (County, 2020)"
Census Tract,53033025402,WA,53033025402,53033025402,6.71,2017-2021,2020,Census,"King (County, 2020)"
Census Tract,53033025500,WA,53033025500,53033025500,5.8,2017-2021,2020,Census,"King (County, 2020)"
Census Tract,53033025601,WA,53033025601,53033025601,0.86,2017-2021,2020,Census,"King (County, 2020)"
Census Tract,53033025602,WA,53033025602,53033025602,0.97,2017-2021,2020,Census,"King (County, 2020)"
Census Tract,53033025702,WA,53033025702,53033025702,2.65,2017-2021,2020,Census,"King (County, 2020)"
Census Tract,53033025703,WA,53033025703,53033025703,6.89,2017-2021,2020,Census,"King (County, 2020)"
Census Tract,53033025704,WA,53033025704,53033025704,4.83,2017-2021,2020,Census,"King (County, 2020)"
Census Tract,53033025803,WA,53033025803,53033025803,5.54,2017-2021,2020,Census,"King (County, 2020)"
Census Tract,53033025804,WA,53033025804,53033025804,9.84,2017-2021,2020,Census,"King (County, 2020)"
Census Tract,53033025805,WA,53033025805,53033025805,3.35,2017-2021,2020,Census,"King (County, 2020)"
Census Tract,53033025806,WA,53033025806,53033025806,1.63,2017-2021,2020,Census,"King (County, 2020)"
Census Tract,53033026001,WA,53033026001,53033026001,6.66,2017-2021,2020,Census,"King (County, 2020)"
Census Tract,53033026003,WA,53033026003,53033026003,1.13,2017-2021,2020,Census,"King (County, 2020)"
Census Tract,53033026004,WA,53033026004,53033026004,5.97,2017-2021,2020,Census,"King (County, 2020)"
Census Tract,53033026101,WA,53033026101,53033026101,3.51,2017-2021,2020,Census,"King (County, 2020)"
Census Tract,53033026102,WA,53033026102,53033026102,4.58,2017-2021,2020,Census,"King (County, 2020)"
Census Tract,53033026200,WA,53033026200,53033026200,5.51,2017-2021,2020,Census,"King (County, 2020)"
Census Tract,53033026300,WA,53033026300,53033026300,2.76,2017-2021,2020,Census,"King (County, 2020)"
Census Tract,53033026400,WA,53033026400,53033026400,3.51,2017-2021,2020,Census,"King (County, 2020)"
Census Tract,53033026500,WA,53033026500,53033026500,9.56,2017-2021,2020,Census,"King (County, 2020)"
Census Tract,53033026600,WA,53033026600,53033026600,3.33,2017-2021,2020,Census,"King (County, 2020)"
Census Tract,53033026700,WA,53033026700,53033026700,6.72,2017-2021,2020,Census,"King (County, 2020)"
Census Tract,53033026801,WA,53033026801,53033026801,6.43,2017-2021,2020,Census,"King (County, 2020)"
Census Tract,53033026802,WA,53033026802,53033026802,2.55,2017-2021,2020,Census,"King (County, 2020)"
Census Tract,53033027000,WA,53033027000,53033027000,2.98,2017-2021,2020,Census,"King (County, 2020)"
Census Tract,53033027100,WA,53033027100,53033027100,9.39,2017-2021,2020,Census,"King (County, 2020)"
Census Tract,53033027200,WA,53033027200,53033027200,4.07,2017-2021,2020,Census,"King (County, 2020)"
Census Tract,53033027300,WA,53033027300,53033027300,0,2017-2021,2020,Census,"King (County, 2020)"
Census Tract,53033027400,WA,53033027400,53033027400,9.16,2017-2021,2020,Census,"King (County, 2020)"
Census Tract,53033027500,WA,53033027500,53033027500,5.85,2017-2021,2020,Census,"King (County, 2020)"
Census Tract,53033027600,WA,53033027600,53033027600,1.87,2017-2021,2020,Census,"King (County, 2020)"
Census Tract,53033027701,WA,53033027701,53033027701,2.43,2017-2021,2020,Census,"King (County, 2020)"
Census Tract,53033027702,WA,53033027702,53033027702,2.59,2017-2021,2020,Census,"King (County, 2020)"
Census Tract,53033027800,WA,53033027800,53033027800,2.38,2017-2021,2020,Census,"King (County, 2020)"
Census Tract,53033027901,WA,53033027901,53033027901,2.33,2017-2021,2020,Census,"King (County, 2020)"
Census Tract,53033027902,WA,53033027902,53033027902,3.98,2017-2021,2020,Census,"King (County, 2020)"
Census Tract,53033028000,WA,53033028000,53033028000,7.6,2017-2021,2020,Census,"King (County, 2020)"
Census Tract,53033028100,WA,53033028100,53033028100,5.74,2017-2021,2020,Census,"King (County, 2020)"
Census Tract,53033028200,WA,53033028200,53033028200,4.98,2017-2021,2020,Census,"King (County, 2020)"
Census Tract,53033028300,WA,53033028300,53033028300,1.27,2017-2021,2020,Census,"King (County, 2020)"
Census Tract,53033028402,WA,53033028402,53033028402,0.74,2017-2021,2020,Census,"King (County, 2020)"
Census Tract,53033028403,WA,53033028403,53033028403,12.86,2017-2021,2020,Census,"King (County, 2020)"
Census Tract,53033028500,WA,53033028500,53033028500,9.46,2017-2021,2020,Census,"King (County, 2020)"
Census Tract,53033028600,WA,53033028600,53033028600,4.41,2017-2021,2020,Census,"King (County, 2020)"
Census Tract,53033028700,WA,53033028700,53033028700,2.14,2017-2021,2020,Census,"King (County, 2020)"
Census Tract,53033028801,WA,53033028801,53033028801,9.62,2017-2021,2020,Census,"King (County, 2020)"
Census Tract,53033028802,WA,53033028802,53033028802,6.03,2017-2021,2020,Census,"King (County, 2020)"
Census Tract,53033028901,WA,53033028901,53033028901,5.3,2017-2021,2020,Census,"King (County, 2020)"
Census Tract,53033028902,WA,53033028902,53033028902,3.66,2017-2021,2020,Census,"King (County, 2020)"
Census Tract,53033029001,WA,53033029001,53033029001,3.5,2017-2021,2020,Census,"King (County, 2020)"
Census Tract,53033029003,WA,53033029003,53033029003,2.32,2017-2021,2020,Census,"King (County, 2020)"
Census Tract,53033029004,WA,53033029004,53033029004,4.54,2017-2021,2020,Census,"King (County, 2020)"
Census Tract,53033029101,WA,53033029101,53033029101,2.09,2017-2021,2020,Census,"King (County, 2020)"
Census Tract,53033029102,WA,53033029102,53033029102,2,2017-2021,2020,Census,"King (County, 2020)"
Census Tract,53033029203,WA,53033029203,53033029203,16.62,2017-2021,2020,Census,"King (County, 2020)"
Census Tract,53033029205,WA,53033029205,53033029205,8.09,2017-2021,2020,Census,"King (County, 2020)"
Census Tract,53033029206,WA,53033029206,53033029206,11.81,2017-2021,2020,Census,"King (County, 2020)"
Census Tract,53033029207,WA,53033029207,53033029207,1.65,2017-2021,2020,Census,"King (County, 2020)"
Census Tract,53033029208,WA,53033029208,53033029208,0.36,2017-2021,2020,Census,"King (County, 2020)"
Census Tract,53033029304,WA,53033029304,53033029304,0.64,2017-2021,2020,Census,"King (County, 2020)"
Census Tract,53033029305,WA,53033029305,53033029305,1.19,2017-2021,2020,Census,"King (County, 2020)"
Census Tract,53033029306,WA,53033029306,53033029306,2.72,2017-2021,2020,Census,"King (County, 2020)"
Census Tract,53033029307,WA,53033029307,53033029307,0.84,2017-2021,2020,Census,"King (County, 2020)"
Census Tract,53033029308,WA,53033029308,53033029308,6.69,2017-2021,2020,Census,"King (County, 2020)"
Census Tract,53033029309,WA,53033029309,53033029309,2.02,2017-2021,2020,Census,"King (County, 2020)"
Census Tract,53033029403,WA,53033029403,53033029403,1.05,2017-2021,2020,Census,"King (County, 2020)"
Census Tract,53033029405,WA,53033029405,53033029405,0.44,2017-2021,2020,Census,"King (County, 2020)"
Census Tract,53033029406,WA,53033029406,53033029406,0.26,2017-2021,2020,Census,"King (County, 2020)"
Census Tract,53033029407,WA,53033029407,53033029407,0.79,2017-2021,2020,Census,"King (County, 2020)"
Census Tract,53033029408,WA,53033029408,53033029408,8.36,2017-2021,2020,Census,"King (County, 2020)"
Census Tract,53033029504,WA,53033029504,53033029504,3.77,2017-2021,2020,Census,"King (County, 2020)"
Census Tract,53033029505,WA,53033029505,53033029505,0,2017-2021,2020,Census,"King (County, 2020)"
Census Tract,53033029506,WA,53033029506,53033029506,5.33,2017-2021,2020,Census,"King (County, 2020)"
Census Tract,53033029507,WA,53033029507,53033029507,2.44,2017-2021,2020,Census,"King (County, 2020)"
Census Tract,53033029508,WA,53033029508,53033029508,0,2017-2021,2020,Census,"King (County, 2020)"
Census Tract,53033029602,WA,53033029602,53033029602,4.07,2017-2021,2020,Census,"King (County, 2020)"
Census Tract,53033029603,WA,53033029603,53033029603,0,2017-2021,2020,Census,"King (County, 2020)"
Census Tract,53033029604,WA,53033029604,53033029604,0,2017-2021,2020,Census,"King (County, 2020)"
Census Tract,53033029701,WA,53033029701,53033029701,8.49,2017-2021,2020,Census,"King (County, 2020)"
Census Tract,53033029702,WA,53033029702,53033029702,6.28,2017-2021,2020,Census,"King (County, 2020)"
Census Tract,53033029803,WA,53033029803,53033029803,3.46,2017-2021,2020,Census,"King (County, 2020)"
Census Tract,53033029804,WA,53033029804,53033029804,0,2017-2021,2020,Census,"King (County, 2020)"
Census Tract,53033029805,WA,53033029805,53033029805,1.25,2017-2021,2020,Census,"King (County, 2020)"
Census Tract,53033029806,WA,53033029806,53033029806,1.85,2017-2021,2020,Census,"King (County, 2020)"
Census Tract,53033029901,WA,53033029901,53033029901,1.09,2017-2021,2020,Census,"King (County, 2020)"
Census Tract,53033029902,WA,53033029902,53033029902,1.58,2017-2021,2020,Census,"King (County, 2020)"
Census Tract,53033030003,WA,53033030003,53033030003,3.9,2017-2021,2020,Census,"King (County, 2020)"
Census Tract,53033030005,WA,53033030005,53033030005,0.53,2017-2021,2020,Census,"King (County, 2020)"
Census Tract,53033030006,WA,53033030006,53033030006,8.13,2017-2021,2020,Census,"King (County, 2020)"
Census Tract,53033030007,WA,53033030007,53033030007,1.47,2017-2021,2020,Census,"King (County, 2020)"
Census Tract,53033030008,WA,53033030008,53033030008,3.65,2017-2021,2020,Census,"King (County, 2020)"
Census Tract,53033030101,WA,53033030101,53033030101,3.85,2017-2021,2020,Census,"King (County, 2020)"
Census Tract,53033030102,WA,53033030102,53033030102,7.46,2017-2021,2020,Census,"King (County, 2020)"
Census Tract,53033030201,WA,53033030201,53033030201,2.67,2017-2021,2020,Census,"King (County, 2020)"
Census Tract,53033030203,WA,53033030203,53033030203,0,2017-2021,2020,Census,"King (County, 2020)"
Census Tract,53033030204,WA,53033030204,53033030204,6.34,2017-2021,2020,Census,"King (County, 2020)"
Census Tract,53033030304,WA,53033030304,53033030304,2.16,2017-2021,2020,Census,"King (County, 2020)"
Census Tract,53033030305,WA,53033030305,53033030305,0.83,2017-2021,2020,Census,"King (County, 2020)"
Census Tract,53033030306,WA,53033030306,53033030306,2.98,2017-2021,2020,Census,"King (County, 2020)"
Census Tract,53033030308,WA,53033030308,53033030308,0.85,2017-2021,2020,Census,"King (County, 2020)"
Census Tract,53033030309,WA,53033030309,53033030309,3.94,2017-2021,2020,Census,"King (County, 2020)"
Census Tract,53033030310,WA,53033030310,53033030310,5.15,2017-2021,2020,Census,"King (County, 2020)"
Census Tract,53033030311,WA,53033030311,53033030311,2.85,2017-2021,2020,Census,"King (County, 2020)"
Census Tract,53033030312,WA,53033030312,53033030312,0.68,2017-2021,2020,Census,"King (County, 2020)"
Census Tract,53033030313,WA,53033030313,53033030313,8.31,2017-2021,2020,Census,"King (County, 2020)"
Census Tract,53033030314,WA,53033030314,53033030314,4.17,2017-2021,2020,Census,"King (County, 2020)"
Census Tract,53033030403,WA,53033030403,53033030403,4.81,2017-2021,2020,Census,"King (County, 2020)"
Census Tract,53033030404,WA,53033030404,53033030404,0.97,2017-2021,2020,Census,"King (County, 2020)"
Census Tract,53033030405,WA,53033030405,53033030405,10.79,2017-2021,2020,Census,"King (County, 2020)"
Census Tract,53033030406,WA,53033030406,53033030406,12.82,2017-2021,2020,Census,"King (County, 2020)"
Census Tract,53033030407,WA,53033030407,53033030407,0,2017-2021,2020,Census,"King (County, 2020)"
Census Tract,53033030501,WA,53033030501,53033030501,13.86,2017-2021,2020,Census,"King (County, 2020)"
Census Tract,53033030503,WA,53033030503,53033030503,10.48,2017-2021,2020,Census,"King (County, 2020)"
Census Tract,53033030504,WA,53033030504,53033030504,6.63,2017-2021,2020,Census,"King (County, 2020)"
Census Tract,53033030600,WA,53033030600,53033030600,4.48,2017-2021,2020,Census,"King (County, 2020)"
Census Tract,53033030700,WA,53033030700,53033030700,5.79,2017-2021,2020,Census,"King (County, 2020)"
Census Tract,53033030801,WA,53033030801,53033030801,6.4,2017-2021,2020,Census,"King (County, 2020)"
Census Tract,53033030802,WA,53033030802,53033030802,6.39,2017-2021,2020,Census,"King (County, 2020)"
Census Tract,53033030901,WA,53033030901,53033030901,1.62,2017-2021,2020,Census,"King (County, 2020)"
Census Tract,53033030902,WA,53033030902,53033030902,6.45,2017-2021,2020,Census,"King (County, 2020)"
Census Tract,53033031000,WA,53033031000,53033031000,4.03,2017-2021,2020,Census,"King (County, 2020)"
Census Tract,53033031101,WA,53033031101,53033031101,3.79,2017-2021,2020,Census,"King (County, 2020)"
Census Tract,53033031102,WA,53033031102,53033031102,4.51,2017-2021,2020,Census,"King (County, 2020)"
Census Tract,53033031202,WA,53033031202,53033031202,2.28,2017-2021,2020,Census,"King (County, 2020)"
Census Tract,53033031204,WA,53033031204,53033031204,2.28,2017-2021,2020,Census,"King (County, 2020)"
Census Tract,53033031206,WA,53033031206,53033031206,4.76,2017-2021,2020,Census,"King (County, 2020)"
Census Tract,53033031207,WA,53033031207,53033031207,1.22,2017-2021,2020,Census,"King (County, 2020)"
Census Tract,53033031208,WA,53033031208,53033031208,0.83,2017-2021,2020,Census,"King (County, 2020)"
Census Tract,53033031301,WA,53033031301,53033031301,8,2017-2021,2020,Census,"King (County, 2020)"
Census Tract,53033031302,WA,53033031302,53033031302,7.03,2017-2021,2020,Census,"King (County, 2020)"
Census Tract,53033031400,WA,53033031400,53033031400,3.67,2017-2021,2020,Census,"King (County, 2020)"
Census Tract,53033031501,WA,53033031501,53033031501,2.91,2017-2021,2020,Census,"King (County, 2020)"
Census Tract,53033031502,WA,53033031502,53033031502,5.34,2017-2021,2020,Census,"King (County, 2020)"
Census Tract,53033031601,WA,53033031601,53033031601,0.99,2017-2021,2020,Census,"King (County, 2020)"
Census Tract,53033031603,WA,53033031603,53033031603,5.06,2017-2021,2020,Census,"King (County, 2020)"
Census Tract,53033031604,WA,53033031604,53033031604,1.49,2017-2021,2020,Census,"King (County, 2020)"
Census Tract,53033031605,WA,53033031605,53033031605,1.42,2017-2021,2020,Census,"King (County, 2020)"
Census Tract,53033031704,WA,53033031704,53033031704,2.77,2017-2021,2020,Census,"King (County, 2020)"
Census Tract,53033031705,WA,53033031705,53033031705,0.59,2017-2021,2020,Census,"King (County, 2020)"
Census Tract,53033031707,WA,53033031707,53033031707,0.9,2017-2021,2020,Census,"King (County, 2020)"
Census Tract,53033031708,WA,53033031708,53033031708,4.9,2017-2021,2020,Census,"King (County, 2020)"
Census Tract,53033031709,WA,53033031709,53033031709,2.47,2017-2021,2020,Census,"King (County, 2020)"
Census Tract,53033031710,WA,53033031710,53033031710,11.7,2017-2021,2020,Census,"King (County, 2020)"
Census Tract,53033031800,WA,53033031800,53033031800,1.44,2017-2021,2020,Census,"King (County, 2020)"
Census Tract,53033031904,WA,53033031904,53033031904,2.82,2017-2021,2020,Census,"King (County, 2020)"
Census Tract,53033031906,WA,53033031906,53033031906,1.23,2017-2021,2020,Census,"King (County, 2020)"
Census Tract,53033031908,WA,53033031908,53033031908,2.99,2017-2021,2020,Census,"King (County, 2020)"
Census Tract,53033031909,WA,53033031909,53033031909,0.4,2017-2021,2020,Census,"King (County, 2020)"
Census Tract,53033031910,WA,53033031910,53033031910,1.49,2017-2021,2020,Census,"King (County, 2020)"
Census Tract,53033031911,WA,53033031911,53033031911,0,2017-2021,2020,Census,"King (County, 2020)"
Census Tract,53033031912,WA,53033031912,53033031912,4.58,2017-2021,2020,Census,"King (County, 2020)"
Census Tract,53033031913,WA,53033031913,53033031913,5.58,2017-2021,2020,Census,"King (County, 2020)"
Census Tract,53033032002,WA,53033032002,53033032002,1.88,2017-2021,2020,Census,"King (County, 2020)"
Census Tract,53033032003,WA,53033032003,53033032003,0.69,2017-2021,2020,Census,"King (County, 2020)"
Census Tract,53033032005,WA,53033032005,53033032005,3.32,2017-2021,2020,Census,"King (County, 2020)"
Census Tract,53033032006,WA,53033032006,53033032006,0.71,2017-2021,2020,Census,"King (County, 2020)"
Census Tract,53033032007,WA,53033032007,53033032007,3.93,2017-2021,2020,Census,"King (County, 2020)"
Census Tract,53033032008,WA,53033032008,53033032008,0.69,2017-2021,2020,Census,"King (County, 2020)"
Census Tract,53033032010,WA,53033032010,53033032010,6.24,2017-2021,2020,Census,"King (County, 2020)"
Census Tract,53033032011,WA,53033032011,53033032011,0.6,2017-2021,2020,Census,"King (County, 2020)"
Census Tract,53033032102,WA,53033032102,53033032102,0.7,2017-2021,2020,Census,"King (County, 2020)"
Census Tract,53033032103,WA,53033032103,53033032103,0.66,2017-2021,2020,Census,"King (County, 2020)"
Census Tract,53033032104,WA,53033032104,53033032104,1.97,2017-2021,2020,Census,"King (County, 2020)"
Census Tract,53033032207,WA,53033032207,53033032207,0,2017-2021,2020,Census,"King (County, 2020)"
Census Tract,53033032211,WA,53033032211,53033032211,0,2017-2021,2020,Census,"King (County, 2020)"
Census Tract,53033032213,WA,53033032213,53033032213,0.44,2017-2021,2020,Census,"King (County, 2020)"
Census Tract,53033032215,WA,53033032215,53033032215,1.52,2017-2021,2020,Census,"King (County, 2020)"
Census Tract,53033032216,WA,53033032216,53033032216,0,2017-2021,2020,Census,"King (County, 2020)"
Census Tract,53033032217,WA,53033032217,53033032217,0,2017-2021,2020,Census,"King (County, 2020)"
Census Tract,53033032218,WA,53033032218,53033032218,1.19,2017-2021,2020,Census,"King (County, 2020)"
Census Tract,53033032219,WA,53033032219,53033032219,2.24,2017-2021,2020,Census,"King (County, 2020)"
Census Tract,53033032220,WA,53033032220,53033032220,1.18,2017-2021,2020,Census,"King (County, 2020)"
Census Tract,53033032221,WA,53033032221,53033032221,0,2017-2021,2020,Census,"King (County, 2020)"
Census Tract,53033032222,WA,53033032222,53033032222,0.92,2017-2021,2020,Census,"King (County, 2020)"
Census Tract,53033032223,WA,53033032223,53033032223,0,2017-2021,2020,Census,"King (County, 2020)"
Census Tract,53033032224,WA,53033032224,53033032224,0,2017-2021,2020,Census,"King (County, 2020)"
Census Tract,53033032225,WA,53033032225,53033032225,2.13,2017-2021,2020,Census,"King (County, 2020)"
Census Tract,53033032307,WA,53033032307,53033032307,1.22,2017-2021,2020,Census,"King (County, 2020)"
Census Tract,53033032311,WA,53033032311,53033032311,0.67,2017-2021,2020,Census,"King (County, 2020)"
Census Tract,53033032313,WA,53033032313,53033032313,1.86,2017-2021,2020,Census,"King (County, 2020)"
Census Tract,53033032315,WA,53033032315,53033032315,0,2017-2021,2020,Census,"King (County, 2020)"
Census Tract,53033032316,WA,53033032316,53033032316,0.52,2017-2021,2020,Census,"King (County, 2020)"
Census Tract,53033032317,WA,53033032317,53033032317,0.83,2017-2021,2020,Census,"King (County, 2020)"
Census Tract,53033032318,WA,53033032318,53033032318,0.69,2017-2021,2020,Census,"King (County, 2020)"
Census Tract,53033032319,WA,53033032319,53033032319,7.02,2017-2021,2020,Census,"King (County, 2020)"
Census Tract,53033032320,WA,53033032320,53033032320,0.67,2017-2021,2020,Census,"King (County, 2020)"
Census Tract,53033032321,WA,53033032321,53033032321,0,2017-2021,2020,Census,"King (County, 2020)"
Census Tract,53033032322,WA,53033032322,53033032322,0,2017-2021,2020,Census,"King (County, 2020)"
Census Tract,53033032323,WA,53033032323,53033032323,1.32,2017-2021,2020,Census,"King (County, 2020)"
Census Tract,53033032324,WA,53033032324,53033032324,1.69,2017-2021,2020,Census,"King (County, 2020)"
Census Tract,53033032325,WA,53033032325,53033032325,2.01,2017-2021,2020,Census,"King (County, 2020)"
Census Tract,53033032326,WA,53033032326,53033032326,1.6,2017-2021,2020,Census,"King (County, 2020)"
Census Tract,53033032327,WA,53033032327,53033032327,2.3,2017-2021,2020,Census,"King (County, 2020)"
Census Tract,53033032328,WA,53033032328,53033032328,0,2017-2021,2020,Census,"King (County, 2020)"
Census Tract,53033032330,WA,53033032330,53033032330,6.02,2017-2021,2020,Census,"King (County, 2020)"
Census Tract,53033032331,WA,53033032331,53033032331,0.57,2017-2021,2020,Census,"King (County, 2020)"
Census Tract,53033032332,WA,53033032332,53033032332,0,2017-2021,2020,Census,"King (County, 2020)"
Census Tract,53033032333,WA,53033032333,53033032333,0,2017-2021,2020,Census,"King (County, 2020)"
Census Tract,53033032401,WA,53033032401,53033032401,0,2017-2021,2020,Census,"King (County, 2020)"
Census Tract,53033032402,WA,53033032402,53033032402,2.49,2017-2021,2020,Census,"King (County, 2020)"
Census Tract,53033032500,WA,53033032500,53033032500,4.24,2017-2021,2020,Census,"King (County, 2020)"
Census Tract,53033032601,WA,53033032601,53033032601,1.59,2017-2021,2020,Census,"King (County, 2020)"
Census Tract,53033032603,WA,53033032603,53033032603,3.58,2017-2021,2020,Census,"King (County, 2020)"
Census Tract,53033032604,WA,53033032604,53033032604,0,2017-2021,2020,Census,"King (County, 2020)"
Census Tract,53033032605,WA,53033032605,53033032605,0,2017-2021,2020,Census,"King (County, 2020)"
Census Tract,53033032703,WA,53033032703,53033032703,0.63,2017-2021,2020,Census,"King (County, 2020)"
Census Tract,53033032704,WA,53033032704,53033032704,1.65,2017-2021,2020,Census,"King (County, 2020)"
Census Tract,53033032705,WA,53033032705,53033032705,0,2017-2021,2020,Census,"King (County, 2020)"
Census Tract,53033032706,WA,53033032706,53033032706,0,2017-2021,2020,Census,"King (County, 2020)"
Census Tract,53033032800,WA,53033032800,53033032800,2.39,2017-2021,2020,Census,"King (County, 2020)"