GeoID_Description,GeoID_Name,SitsinState,GeoID,GeoID_Formatted,phh_wointernet,TimeFrame,GeoVintage,Source,Location
Census Tract,53033000101,WA,53033000101,53033000101,6.8,2017-2021,2020,Census,"King (County, 2020)"
Census Tract,53033000102,WA,53033000102,53033000102,10.39,2017-2021,2020,Census,"King (County, 2020)"
Census Tract,53033000201,WA,53033000201,53033000201,9.5,2017-2021,2020,Census,"King (County, 2020)"
Census Tract,53033000202,WA,53033000202,53033000202,4.13,2017-2021,2020,Census,"King (County, 2020)"
Census Tract,53033000300,WA,53033000300,53033000300,3.02,2017-2021,2020,Census,"King (County, 2020)"
Census Tract,53033000402,WA,53033000402,53033000402,5.18,2017-2021,2020,Census,"King (County, 2020)"
Census Tract,53033000403,WA,53033000403,53033000403,14.82,2017-2021,2020,Census,"King (County, 2020)"
Census Tract,53033000404,WA,53033000404,53033000404,10.22,2017-2021,2020,Census,"King (County, 2020)"
Census Tract,53033000500,WA,53033000500,53033000500,3.25,2017-2021,2020,Census,"King (County, 2020)"
Census Tract,53033000601,WA,53033000601,53033000601,10.67,2017-2021,2020,Census,"King (County, 2020)"
Census Tract,53033000602,WA,53033000602,53033000602,5.28,2017-2021,2020,Census,"King (County, 2020)"
Census Tract,53033000700,WA,53033000700,53033000700,10.92,2017-2021,2020,Census,"King (County, 2020)"
Census Tract,53033000800,WA,53033000800,53033000800,3.06,2017-2021,2020,Census,"King (County, 2020)"
Census Tract,53033000900,WA,53033000900,53033000900,0.56,2017-2021,2020,Census,"King (County, 2020)"
Census Tract,53033001000,WA,53033001000,53033001000,0,2017-2021,2020,Census,"King (County, 2020)"
Census Tract,53033001100,WA,53033001100,53033001100,5.11,2017-2021,2020,Census,"King (County, 2020)"
Census Tract,53033001201,WA,53033001201,53033001201,13.08,2017-2021,2020,Census,"King (County, 2020)"
Census Tract,53033001202,WA,53033001202,53033001202,4.61,2017-2021,2020,Census,"King (County, 2020)"
Census Tract,53033001300,WA,53033001300,53033001300,8.76,2017-2021,2020,Census,"King (County, 2020)"
Census Tract,53033001400,WA,53033001400,53033001400,3.69,2017-2021,2020,Census,"King (County, 2020)"
Census Tract,53033001500,WA,53033001500,53033001500,3.74,2017-2021,2020,Census,"King (County, 2020)"
Census Tract,53033001600,WA,53033001600,53033001600,3.53,2017-2021,2020,Census,"King (County, 2020)"
Census Tract,53033001701,WA,53033001701,53033001701,3.64,2017-2021,2020,Census,"King (County, 2020)"
Census Tract,53033001702,WA,53033001702,53033001702,2.46,2017-2021,2020,Census,"King (County, 2020)"
Census Tract,53033001800,WA,53033001800,53033001800,2.37,2017-2021,2020,Census,"King (County, 2020)"
Census Tract,53033001900,WA,53033001900,53033001900,1.33,2017-2021,2020,Census,"King (County, 2020)"
Census Tract,53033002000,WA,53033002000,53033002000,1.65,2017-2021,2020,Census,"King (County, 2020)"
Census Tract,53033002100,WA,53033002100,53033002100,1.42,2017-2021,2020,Census,"King (County, 2020)"
Census Tract,53033002200,WA,53033002200,53033002200,1.2,2017-2021,2020,Census,"King (County, 2020)"
Census Tract,53033002400,WA,53033002400,53033002400,1.69,2017-2021,2020,Census,"King (County, 2020)"
Census Tract,53033002500,WA,53033002500,53033002500,3.54,2017-2021,2020,Census,"King (County, 2020)"
Census Tract,53033002600,WA,53033002600,53033002600,5.02,2017-2021,2020,Census,"King (County, 2020)"
Census Tract,53033002700,WA,53033002700,53033002700,2.86,2017-2021,2020,Census,"King (County, 2020)"
Census Tract,53033002800,WA,53033002800,53033002800,7.86,2017-2021,2020,Census,"King (County, 2020)"
Census Tract,53033002900,WA,53033002900,53033002900,2.39,2017-2021,2020,Census,"King (County, 2020)"
Census Tract,53033003000,WA,53033003000,53033003000,1.33,2017-2021,2020,Census,"King (County, 2020)"
Census Tract,53033003100,WA,53033003100,53033003100,2.82,2017-2021,2020,Census,"King (County, 2020)"
Census Tract,53033003201,WA,53033003201,53033003201,7.01,2017-2021,2020,Census,"King (County, 2020)"
Census Tract,53033003202,WA,53033003202,53033003202,7.98,2017-2021,2020,Census,"King (County, 2020)"
Census Tract,53033003301,WA,53033003301,53033003301,2.83,2017-2021,2020,Census,"King (County, 2020)"
Census Tract,53033003302,WA,53033003302,53033003302,0,2017-2021,2020,Census,"King (County, 2020)"
Census Tract,53033003400,WA,53033003400,53033003400,4.53,2017-2021,2020,Census,"King (County, 2020)"
Census Tract,53033003500,WA,53033003500,53033003500,4.75,2017-2021,2020,Census,"King (County, 2020)"
Census Tract,53033003601,WA,53033003601,53033003601,4.77,2017-2021,2020,Census,"King (County, 2020)"
Census Tract,53033003602,WA,53033003602,53033003602,0.86,2017-2021,2020,Census,"King (County, 2020)"
Census Tract,53033003800,WA,53033003800,53033003800,1.38,2017-2021,2020,Census,"King (County, 2020)"
Census Tract,53033003900,WA,53033003900,53033003900,1.23,2017-2021,2020,Census,"King (County, 2020)"
Census Tract,53033004000,WA,53033004000,53033004000,3.17,2017-2021,2020,Census,"King (County, 2020)"
Census Tract,53033004101,WA,53033004101,53033004101,0,2017-2021,2020,Census,"King (County, 2020)"
Census Tract,53033004102,WA,53033004102,53033004102,2.78,2017-2021,2020,Census,"King (County, 2020)"
Census Tract,53033004201,WA,53033004201,53033004201,1.84,2017-2021,2020,Census,"King (County, 2020)"
Census Tract,53033004202,WA,53033004202,53033004202,0.84,2017-2021,2020,Census,"King (County, 2020)"
Census Tract,53033004301,WA,53033004301,53033004301,2.09,2017-2021,2020,Census,"King (County, 2020)"
Census Tract,53033004302,WA,53033004302,53033004302,5.95,2017-2021,2020,Census,"King (County, 2020)"
Census Tract,53033004401,WA,53033004401,53033004401,4.41,2017-2021,2020,Census,"King (County, 2020)"
Census Tract,53033004402,WA,53033004402,53033004402,3.69,2017-2021,2020,Census,"King (County, 2020)"
Census Tract,53033004500,WA,53033004500,53033004500,4.68,2017-2021,2020,Census,"King (County, 2020)"
Census Tract,53033004600,WA,53033004600,53033004600,2.35,2017-2021,2020,Census,"King (County, 2020)"
Census Tract,53033004701,WA,53033004701,53033004701,0,2017-2021,2020,Census,"King (County, 2020)"
Census Tract,53033004702,WA,53033004702,53033004702,6.05,2017-2021,2020,Census,"King (County, 2020)"
Census Tract,53033004703,WA,53033004703,53033004703,1.23,2017-2021,2020,Census,"King (County, 2020)"
Census Tract,53033004800,WA,53033004800,53033004800,0,2017-2021,2020,Census,"King (County, 2020)"
Census Tract,53033004901,WA,53033004901,53033004901,0.5,2017-2021,2020,Census,"King (County, 2020)"
Census Tract,53033004902,WA,53033004902,53033004902,9.44,2017-2021,2020,Census,"King (County, 2020)"
Census Tract,53033005000,WA,53033005000,53033005000,2.15,2017-2021,2020,Census,"King (County, 2020)"
Census Tract,53033005100,WA,53033005100,53033005100,2.43,2017-2021,2020,Census,"King (County, 2020)"
Census Tract,53033005201,WA,53033005201,53033005201,5.16,2017-2021,2020,Census,"King (County, 2020)"
Census Tract,53033005202,WA,53033005202,53033005202,3.65,2017-2021,2020,Census,"King (County, 2020)"
Census Tract,53033005304,WA,53033005304,53033005304,14.19,2017-2021,2020,Census,"King (County, 2020)"
Census Tract,53033005305,WA,53033005305,53033005305,5.1,2017-2021,2020,Census,"King (County, 2020)"
Census Tract,53033005306,WA,53033005306,53033005306,0.98,2017-2021,2020,Census,"King (County, 2020)"
Census Tract,53033005307,WA,53033005307,53033005307,0,2017-2021,2020,Census,"King (County, 2020)"
Census Tract,53033005401,WA,53033005401,53033005401,2.8,2017-2021,2020,Census,"King (County, 2020)"
Census Tract,53033005402,WA,53033005402,53033005402,1.69,2017-2021,2020,Census,"King (County, 2020)"
Census Tract,53033005600,WA,53033005600,53033005600,2.2,2017-2021,2020,Census,"King (County, 2020)"
Census Tract,53033005700,WA,53033005700,53033005700,4.48,2017-2021,2020,Census,"King (County, 2020)"
Census Tract,53033005801,WA,53033005801,53033005801,1.52,2017-2021,2020,Census,"King (County, 2020)"
Census Tract,53033005803,WA,53033005803,53033005803,2.94,2017-2021,2020,Census,"King (County, 2020)"
Census Tract,53033005804,WA,53033005804,53033005804,0.59,2017-2021,2020,Census,"King (County, 2020)"
Census Tract,53033005901,WA,53033005901,53033005901,3.7,2017-2021,2020,Census,"King (County, 2020)"
Census Tract,53033005902,WA,53033005902,53033005902,5.36,2017-2021,2020,Census,"King (County, 2020)"
Census Tract,53033006000,WA,53033006000,53033006000,1.04,2017-2021,2020,Census,"King (County, 2020)"
Census Tract,53033006100,WA,53033006100,53033006100,0.59,2017-2021,2020,Census,"King (County, 2020)"
Census Tract,53033006200,WA,53033006200,53033006200,3.86,2017-2021,2020,Census,"King (County, 2020)"
Census Tract,53033006300,WA,53033006300,53033006300,1.17,2017-2021,2020,Census,"King (County, 2020)"
Census Tract,53033006400,WA,53033006400,53033006400,1.3,2017-2021,2020,Census,"King (County, 2020)"
Census Tract,53033006500,WA,53033006500,53033006500,1.01,2017-2021,2020,Census,"King (County, 2020)"
Census Tract,53033006600,WA,53033006600,53033006600,0.64,2017-2021,2020,Census,"King (County, 2020)"
Census Tract,53033006701,WA,53033006701,53033006701,6.02,2017-2021,2020,Census,"King (County, 2020)"
Census Tract,53033006702,WA,53033006702,53033006702,1.57,2017-2021,2020,Census,"King (County, 2020)"
Census Tract,53033006703,WA,53033006703,53033006703,0,2017-2021,2020,Census,"King (County, 2020)"
Census Tract,53033006800,WA,53033006800,53033006800,2.21,2017-2021,2020,Census,"King (County, 2020)"
Census Tract,53033006900,WA,53033006900,53033006900,1.31,2017-2021,2020,Census,"King (County, 2020)"
Census Tract,53033007001,WA,53033007001,53033007001,3.21,2017-2021,2020,Census,"King (County, 2020)"
Census Tract,53033007002,WA,53033007002,53033007002,0,2017-2021,2020,Census,"King (County, 2020)"
Census Tract,53033007101,WA,53033007101,53033007101,1.72,2017-2021,2020,Census,"King (County, 2020)"
Census Tract,53033007102,WA,53033007102,53033007102,7.5,2017-2021,2020,Census,"King (County, 2020)"
Census Tract,53033007201,WA,53033007201,53033007201,4.33,2017-2021,2020,Census,"King (County, 2020)"
Census Tract,53033007202,WA,53033007202,53033007202,4.5,2017-2021,2020,Census,"King (County, 2020)"
Census Tract,53033007203,WA,53033007203,53033007203,0,2017-2021,2020,Census,"King (County, 2020)"
Census Tract,53033007301,WA,53033007301,53033007301,5.32,2017-2021,2020,Census,"King (County, 2020)"
Census Tract,53033007302,WA,53033007302,53033007302,6.89,2017-2021,2020,Census,"King (County, 2020)"
Census Tract,53033007303,WA,53033007303,53033007303,0.7,2017-2021,2020,Census,"King (County, 2020)"
Census Tract,53033007403,WA,53033007403,53033007403,1.36,2017-2021,2020,Census,"King (County, 2020)"
Census Tract,53033007404,WA,53033007404,53033007404,1.56,2017-2021,2020,Census,"King (County, 2020)"
Census Tract,53033007405,WA,53033007405,53033007405,14.97,2017-2021,2020,Census,"King (County, 2020)"
Census Tract,53033007406,WA,53033007406,53033007406,5.49,2017-2021,2020,Census,"King (County, 2020)"
Census Tract,53033007501,WA,53033007501,53033007501,6.22,2017-2021,2020,Census,"King (County, 2020)"
Census Tract,53033007502,WA,53033007502,53033007502,9.96,2017-2021,2020,Census,"King (County, 2020)"
Census Tract,53033007503,WA,53033007503,53033007503,9.51,2017-2021,2020,Census,"King (County, 2020)"
Census Tract,53033007600,WA,53033007600,53033007600,1.4,2017-2021,2020,Census,"King (County, 2020)"
Census Tract,53033007700,WA,53033007700,53033007700,2.44,2017-2021,2020,Census,"King (County, 2020)"
Census Tract,53033007800,WA,53033007800,53033007800,2.42,2017-2021,2020,Census,"King (County, 2020)"
Census Tract,53033007901,WA,53033007901,53033007901,3.54,2017-2021,2020,Census,"King (County, 2020)"
Census Tract,53033007902,WA,53033007902,53033007902,1.45,2017-2021,2020,Census,"King (County, 2020)"
Census Tract,53033008002,WA,53033008002,53033008002,12.35,2017-2021,2020,Census,"King (County, 2020)"
Census Tract,53033008003,WA,53033008003,53033008003,1.06,2017-2021,2020,Census,"King (County, 2020)"
Census Tract,53033008004,WA,53033008004,53033008004,0.97,2017-2021,2020,Census,"King (County, 2020)"
Census Tract,53033008101,WA,53033008101,53033008101,10.15,2017-2021,2020,Census,"King (County, 2020)"
Census Tract,53033008102,WA,53033008102,53033008102,8.56,2017-2021,2020,Census,"King (County, 2020)"
Census Tract,53033008200,WA,53033008200,53033008200,4.06,2017-2021,2020,Census,"King (County, 2020)"
Census Tract,53033008300,WA,53033008300,53033008300,9.49,2017-2021,2020,Census,"King (County, 2020)"
Census Tract,53033008401,WA,53033008401,53033008401,5.11,2017-2021,2020,Census,"King (County, 2020)"
Census Tract,53033008402,WA,53033008402,53033008402,3,2017-2021,2020,Census,"King (County, 2020)"
Census Tract,53033008500,WA,53033008500,53033008500,10.52,2017-2021,2020,Census,"King (County, 2020)"
Census Tract,53033008600,WA,53033008600,53033008600,5.42,2017-2021,2020,Census,"King (County, 2020)"
Census Tract,53033008700,WA,53033008700,53033008700,5.38,2017-2021,2020,Census,"King (County, 2020)"
Census Tract,53033008800,WA,53033008800,53033008800,3.76,2017-2021,2020,Census,"King (County, 2020)"
Census Tract,53033008900,WA,53033008900,53033008900,3.97,2017-2021,2020,Census,"King (County, 2020)"
Census Tract,53033009000,WA,53033009000,53033009000,9.28,2017-2021,2020,Census,"King (County, 2020)"
Census Tract,53033009100,WA,53033009100,53033009100,18.39,2017-2021,2020,Census,"King (County, 2020)"
Census Tract,53033009200,WA,53033009200,53033009200,17.77,2017-2021,2020,Census,"King (County, 2020)"
Census Tract,53033009300,WA,53033009300,53033009300,6.16,2017-2021,2020,Census,"King (County, 2020)"
Census Tract,53033009400,WA,53033009400,53033009400,10.54,2017-2021,2020,Census,"King (County, 2020)"
Census Tract,53033009500,WA,53033009500,53033009500,0.97,2017-2021,2020,Census,"King (County, 2020)"
Census Tract,53033009600,WA,53033009600,53033009600,6.57,2017-2021,2020,Census,"King (County, 2020)"
Census Tract,53033009701,WA,53033009701,53033009701,1.9,2017-2021,2020,Census,"King (County, 2020)"
Census Tract,53033009702,WA,53033009702,53033009702,0.68,2017-2021,2020,Census,"King (County, 2020)"
Census Tract,53033009801,WA,53033009801,53033009801,6.84,2017-2021,2020,Census,"King (County, 2020)"
Census Tract,53033009802,WA,53033009802,53033009802,2.38,2017-2021,2020,Census,"King (County, 2020)"
Census Tract,53033009900,WA,53033009900,53033009900,3.89,2017-2021,2020,Census,"King (County, 2020)"
Census Tract,53033010001,WA,53033010001,53033010001,11.74,2017-2021,2020,Census,"King (County, 2020)"
Census Tract,53033010002,WA,53033010002,53033010002,7.39,2017-2021,2020,Census,"King (County, 2020)"
Census Tract,53033010102,WA,53033010102,53033010102,3.69,2017-2021,2020,Census,"King (County, 2020)"
Census Tract,53033010200,WA,53033010200,53033010200,4.7,2017-2021,2020,Census,"King (County, 2020)"
Census Tract,53033010301,WA,53033010301,53033010301,6.6,2017-2021,2020,Census,"King (County, 2020)"
Census Tract,53033010302,WA,53033010302,53033010302,8.01,2017-2021,2020,Census,"King (County, 2020)"
Census Tract,53033010401,WA,53033010401,53033010401,7.78,2017-2021,2020,Census,"King (County, 2020)"
Census Tract,53033010402,WA,53033010402,53033010402,5.78,2017-2021,2020,Census,"King (County, 2020)"
Census Tract,53033010501,WA,53033010501,53033010501,6.85,2017-2021,2020,Census,"King (County, 2020)"
Census Tract,53033010502,WA,53033010502,53033010502,2.03,2017-2021,2020,Census,"King (County, 2020)"
Census Tract,53033010601,WA,53033010601,53033010601,3.34,2017-2021,2020,Census,"King (County, 2020)"
Census Tract,53033010602,WA,53033010602,53033010602,0.62,2017-2021,2020,Census,"King (County, 2020)"
Census Tract,53033010701,WA,53033010701,53033010701,6.5,2017-2021,2020,Census,"King (County, 2020)"
Census Tract,53033010702,WA,53033010702,53033010702,5.12,2017-2021,2020,Census,"King (County, 2020)"
Census Tract,53033010800,WA,53033010800,53033010800,2.77,2017-2021,2020,Census,"King (County, 2020)"
Census Tract,53033010900,WA,53033010900,53033010900,9.44,2017-2021,2020,Census,"King (County, 2020)"
Census Tract,53033011001,WA,53033011001,53033011001,17.8,2017-2021,2020,Census,"King (County, 2020)"
Census Tract,53033011002,WA,53033011002,53033011002,8.72,2017-2021,2020,Census,"King (County, 2020)"
Census Tract,53033011101,WA,53033011101,53033011101,6.69,2017-2021,2020,Census,"King (County, 2020)"
Census Tract,53033011102,WA,53033011102,53033011102,9.41,2017-2021,2020,Census,"King (County, 2020)"
Census Tract,53033011200,WA,53033011200,53033011200,9.72,2017-2021,2020,Census,"King (County, 2020)"
Census Tract,53033011300,WA,53033011300,53033011300,13.7,2017-2021,2020,Census,"King (County, 2020)"
Census Tract,53033011401,WA,53033011401,53033011401,4.67,2017-2021,2020,Census,"King (County, 2020)"
Census Tract,53033011402,WA,53033011402,53033011402,4.54,2017-2021,2020,Census,"King (County, 2020)"
Census Tract,53033011500,WA,53033011500,53033011500,2.22,2017-2021,2020,Census,"King (County, 2020)"
Census Tract,53033011601,WA,53033011601,53033011601,3.99,2017-2021,2020,Census,"King (County, 2020)"
Census Tract,53033011602,WA,53033011602,53033011602,2.5,2017-2021,2020,Census,"King (County, 2020)"
Census Tract,53033011700,WA,53033011700,53033011700,5.52,2017-2021,2020,Census,"King (County, 2020)"
Census Tract,53033011801,WA,53033011801,53033011801,3.87,2017-2021,2020,Census,"King (County, 2020)"
Census Tract,53033011802,WA,53033011802,53033011802,11.65,2017-2021,2020,Census,"King (County, 2020)"
Census Tract,53033011901,WA,53033011901,53033011901,4.26,2017-2021,2020,Census,"King (County, 2020)"
Census Tract,53033011902,WA,53033011902,53033011902,3.25,2017-2021,2020,Census,"King (County, 2020)"
Census Tract,53033012000,WA,53033012000,53033012000,1.8,2017-2021,2020,Census,"King (County, 2020)"
Census Tract,53033012100,WA,53033012100,53033012100,0.34,2017-2021,2020,Census,"King (County, 2020)"
Census Tract,53033020100,WA,53033020100,53033020100,2.81,2017-2021,2020,Census,"King (County, 2020)"
Census Tract,53033020200,WA,53033020200,53033020200,9.38,2017-2021,2020,Census,"King (County, 2020)"
Census Tract,53033020301,WA,53033020301,53033020301,4.85,2017-2021,2020,Census,"King (County, 2020)"
Census Tract,53033020302,WA,53033020302,53033020302,3.96,2017-2021,2020,Census,"King (County, 2020)"
Census Tract,53033020401,WA,53033020401,53033020401,5.73,2017-2021,2020,Census,"King (County, 2020)"
Census Tract,53033020402,WA,53033020402,53033020402,3.95,2017-2021,2020,Census,"King (County, 2020)"
Census Tract,53033020500,WA,53033020500,53033020500,5.22,2017-2021,2020,Census,"King (County, 2020)"
Census Tract,53033020600,WA,53033020600,53033020600,5.19,2017-2021,2020,Census,"King (County, 2020)"
Census Tract,53033020700,WA,53033020700,53033020700,1.69,2017-2021,2020,Census,"King (County, 2020)"
Census Tract,53033020800,WA,53033020800,53033020800,10.57,2017-2021,2020,Census,"King (County, 2020)"
Census Tract,53033020900,WA,53033020900,53033020900,5.05,2017-2021,2020,Census,"King (County, 2020)"
Census Tract,53033021000,WA,53033021000,53033021000,5.18,2017-2021,2020,Census,"King (County, 2020)"
Census Tract,53033021100,WA,53033021100,53033021100,8.57,2017-2021,2020,Census,"King (County, 2020)"
Census Tract,53033021300,WA,53033021300,53033021300,4.93,2017-2021,2020,Census,"King (County, 2020)"
Census Tract,53033021400,WA,53033021400,53033021400,6.77,2017-2021,2020,Census,"King (County, 2020)"
Census Tract,53033021500,WA,53033021500,53033021500,1.82,2017-2021,2020,Census,"King (County, 2020)"
Census Tract,53033021600,WA,53033021600,53033021600,0,2017-2021,2020,Census,"King (County, 2020)"
Census Tract,53033021701,WA,53033021701,53033021701,1.1,2017-2021,2020,Census,"King (County, 2020)"
Census Tract,53033021702,WA,53033021702,53033021702,11.3,2017-2021,2020,Census,"King (County, 2020)"
Census Tract,53033021802,WA,53033021802,53033021802,1.13,2017-2021,2020,Census,"King (County, 2020)"
Census Tract,53033021803,WA,53033021803,53033021803,2.62,2017-2021,2020,Census,"King (County, 2020)"
Census Tract,53033021804,WA,53033021804,53033021804,8.98,2017-2021,2020,Census,"King (County, 2020)"
Census Tract,53033021903,WA,53033021903,53033021903,7.47,2017-2021,2020,Census,"King (County, 2020)"
Census Tract,53033021904,WA,53033021904,53033021904,2.38,2017-2021,2020,Census,"King (County, 2020)"
Census Tract,53033021905,WA,53033021905,53033021905,5.27,2017-2021,2020,Census,"King (County, 2020)"
Census Tract,53033021906,WA,53033021906,53033021906,2.97,2017-2021,2020,Census,"King (County, 2020)"
Census Tract,53033022001,WA,53033022001,53033022001,6.79,2017-2021,2020,Census,"King (County, 2020)"
Census Tract,53033022003,WA,53033022003,53033022003,2.09,2017-2021,2020,Census,"King (County, 2020)"
Census Tract,53033022005,WA,53033022005,53033022005,0.59,2017-2021,2020,Census,"King (County, 2020)"
Census Tract,53033022006,WA,53033022006,53033022006,2.06,2017-2021,2020,Census,"King (County, 2020)"
Census Tract,53033022101,WA,53033022101,53033022101,3.47,2017-2021,2020,Census,"King (County, 2020)"
Census Tract,53033022102,WA,53033022102,53033022102,1.77,2017-2021,2020,Census,"King (County, 2020)"
Census Tract,53033022201,WA,53033022201,53033022201,3.34,2017-2021,2020,Census,"King (County, 2020)"
Census Tract,53033022203,WA,53033022203,53033022203,0,2017-2021,2020,Census,"King (County, 2020)"
Census Tract,53033022204,WA,53033022204,53033022204,0.99,2017-2021,2020,Census,"King (County, 2020)"
Census Tract,53033022205,WA,53033022205,53033022205,4.85,2017-2021,2020,Census,"King (County, 2020)"
Census Tract,53033022300,WA,53033022300,53033022300,2.35,2017-2021,2020,Census,"King (County, 2020)"
Census Tract,53033022401,WA,53033022401,53033022401,0.89,2017-2021,2020,Census,"King (County, 2020)"
Census Tract,53033022402,WA,53033022402,53033022402,2.05,2017-2021,2020,Census,"King (County, 2020)"
Census Tract,53033022501,WA,53033022501,53033022501,2.23,2017-2021,2020,Census,"King (County, 2020)"
Census Tract,53033022502,WA,53033022502,53033022502,3.6,2017-2021,2020,Census,"King (County, 2020)"
Census Tract,53033022603,WA,53033022603,53033022603,3.11,2017-2021,2020,Census,"King (County, 2020)"
Census Tract,53033022604,WA,53033022604,53033022604,2.9,2017-2021,2020,Census,"King (County, 2020)"
Census Tract,53033022605,WA,53033022605,53033022605,0.57,2017-2021,2020,Census,"King (County, 2020)"
Census Tract,53033022606,WA,53033022606,53033022606,5.41,2017-2021,2020,Census,"King (County, 2020)"
Census Tract,53033022701,WA,53033022701,53033022701,1.24,2017-2021,2020,Census,"King (County, 2020)"
Census Tract,53033022702,WA,53033022702,53033022702,5.74,2017-2021,2020,Census,"King (County, 2020)"
Census Tract,53033022703,WA,53033022703,53033022703,1.32,2017-2021,2020,Census,"King (County, 2020)"
Census Tract,53033022802,WA,53033022802,53033022802,1.04,2017-2021,2020,Census,"King (County, 2020)"
Census Tract,53033022803,WA,53033022803,53033022803,1.84,2017-2021,2020,Census,"King (County, 2020)"
Census Tract,53033022804,WA,53033022804,53033022804,0.93,2017-2021,2020,Census,"King (County, 2020)"
Census Tract,53033022805,WA,53033022805,53033022805,5.93,2017-2021,2020,Census,"King (County, 2020)"
Census Tract,53033022901,WA,53033022901,53033022901,0,2017-2021,2020,Census,"King (County, 2020)"
Census Tract,53033022902,WA,53033022902,53033022902,3.81,2017-2021,2020,Census,"King (County, 2020)"
Census Tract,53033023000,WA,53033023000,53033023000,3.6,2017-2021,2020,Census,"King (County, 2020)"
Census Tract,53033023100,WA,53033023100,53033023100,1.22,2017-2021,2020,Census,"King (County, 2020)"
Census Tract,53033023201,WA,53033023201,53033023201,11.74,2017-2021,2020,Census,"King (County, 2020)"
Census Tract,53033023202,WA,53033023202,53033023202,16.99,2017-2021,2020,Census,"King (County, 2020)"
Census Tract,53033023300,WA,53033023300,53033023300,4.22,2017-2021,2020,Census,"King (County, 2020)"
Census Tract,53033023401,WA,53033023401,53033023401,4.18,2017-2021,2020,Census,"King (County, 2020)"
Census Tract,53033023403,WA,53033023403,53033023403,0,2017-2021,2020,Census,"King (County, 2020)"
Census Tract,53033023404,WA,53033023404,53033023404,2.86,2017-2021,2020,Census,"King (County, 2020)"
Census Tract,53033023500,WA,53033023500,53033023500,3.21,2017-2021,2020,Census,"King (County, 2020)"
Census Tract,53033023601,WA,53033023601,53033023601,2.95,2017-2021,2020,Census,"King (County, 2020)"
Census Tract,53033023603,WA,53033023603,53033023603,2.11,2017-2021,2020,Census,"King (County, 2020)"
Census Tract,53033023604,WA,53033023604,53033023604,1.95,2017-2021,2020,Census,"King (County, 2020)"
Census Tract,53033023701,WA,53033023701,53033023701,0.94,2017-2021,2020,Census,"King (County, 2020)"
Census Tract,53033023702,WA,53033023702,53033023702,0,2017-2021,2020,Census,"King (County, 2020)"
Census Tract,53033023801,WA,53033023801,53033023801,1.52,2017-2021,2020,Census,"King (County, 2020)"
Census Tract,53033023805,WA,53033023805,53033023805,1.2,2017-2021,2020,Census,"King (County, 2020)"
Census Tract,53033023806,WA,53033023806,53033023806,1.79,2017-2021,2020,Census,"King (County, 2020)"
Census Tract,53033023807,WA,53033023807,53033023807,3.56,2017-2021,2020,Census,"King (County, 2020)"
Census Tract,53033023808,WA,53033023808,53033023808,0,2017-2021,2020,Census,"King (County, 2020)"
Census Tract,53033023901,WA,53033023901,53033023901,4.48,2017-2021,2020,Census,"King (County, 2020)"
Census Tract,53033023902,WA,53033023902,53033023902,0,2017-2021,2020,Census,"King (County, 2020)"
Census Tract,53033024001,WA,53033024001,53033024001,3.7,2017-2021,2020,Census,"King (County, 2020)"
Census Tract,53033024002,WA,53033024002,53033024002,0.75,2017-2021,2020,Census,"King (County, 2020)"
Census Tract,53033024100,WA,53033024100,53033024100,0.81,2017-2021,2020,Census,"King (County, 2020)"
Census Tract,53033024200,WA,53033024200,53033024200,3.13,2017-2021,2020,Census,"King (County, 2020)"
Census Tract,53033024301,WA,53033024301,53033024301,10.08,2017-2021,2020,Census,"King (County, 2020)"
Census Tract,53033024302,WA,53033024302,53033024302,2.46,2017-2021,2020,Census,"King (County, 2020)"
Census Tract,53033024400,WA,53033024400,53033024400,0.75,2017-2021,2020,Census,"King (County, 2020)"
Census Tract,53033024500,WA,53033024500,53033024500,0.47,2017-2021,2020,Census,"King (County, 2020)"
Census Tract,53033024601,WA,53033024601,53033024601,0.49,2017-2021,2020,Census,"King (County, 2020)"
Census Tract,53033024602,WA,53033024602,53033024602,2.44,2017-2021,2020,Census,"King (County, 2020)"
Census Tract,53033024701,WA,53033024701,53033024701,0,2017-2021,2020,Census,"King (County, 2020)"
Census Tract,53033024703,WA,53033024703,53033024703,2.02,2017-2021,2020,Census,"King (County, 2020)"
Census Tract,53033024704,WA,53033024704,53033024704,0,2017-2021,2020,Census,"King (County, 2020)"
Census Tract,53033024800,WA,53033024800,53033024800,1.35,2017-2021,2020,Census,"King (County, 2020)"
Census Tract,53033024901,WA,53033024901,53033024901,0.85,2017-2021,2020,Census,"King (County, 2020)"
Census Tract,53033024902,WA,53033024902,53033024902,0.75,2017-2021,2020,Census,"King (County, 2020)"
Census Tract,53033024904,WA,53033024904,53033024904,0,2017-2021,2020,Census,"King (County, 2020)"
Census Tract,53033024905,WA,53033024905,53033024905,0,2017-2021,2020,Census,"King (County, 2020)"
Census Tract,53033025001,WA,53033025001,53033025001,2.64,2017-2021,2020,Census,"King (County, 2020)"
Census Tract,53033025005,WA,53033025005,53033025005,2.95,2017-2021,2020,Census,"King (County, 2020)"
Census Tract,53033025006,WA,53033025006,53033025006,0.54,2017-2021,2020,Census,"King (County, 2020)"
Census Tract,53033025007,WA,53033025007,53033025007,0.94,2017-2021,2020,Census,"King (County, 2020)"
Census Tract,53033025008,WA,53033025008,53033025008,2.22,2017-2021,2020,Census,"King (County, 2020)"
Census Tract,53033025101,WA,53033025101,53033025101,3.26,2017-2021,2020,Census,"King (County, 2020)"
Census Tract,53033025103,WA,53033025103,53033025103,2.55,2017-2021,2020,Census,"King (County, 2020)"
Census Tract,53033025104,WA,53033025104,53033025104,2.74,2017-2021,2020,Census,"King (County, 2020)"
Census Tract,53033025201,WA,53033025201,53033025201,2.59,2017-2021,2020,Census,"King (County, 2020)"
Census Tract,53033025202,WA,53033025202,53033025202,10.11,2017-2021,2020,Census,"King (County, 2020)"
Census Tract,53033025302,WA,53033025302,53033025302,11.04,2017-2021,2020,Census,"King (County, 2020)"
Census Tract,53033025303,WA,53033025303,53033025303,0.14,2017-2021,2020,Census,"King (County, 2020)"
Census Tract,53033025304,WA,53033025304,53033025304,2.2,2017-2021,2020,Census,"King (County, 2020)"
Census Tract,53033025401,WA,53033025401,53033025401,12.09,2017-2021,2020,Census,"King (County, 2020)"
Census Tract,53033025402,WA,53033025402,53033025402,6.71,2017-2021,2020,Census,"King (County, 2020)"
Census Tract,53033025500,WA,53033025500,53033025500,8.29,2017-2021,2020,Census,"King (County, 2020)"
Census Tract,53033025601,WA,53033025601,53033025601,1.28,2017-2021,2020,Census,"King (County, 2020)"
Census Tract,53033025602,WA,53033025602,53033025602,1.84,2017-2021,2020,Census,"King (County, 2020)"
Census Tract,53033025702,WA,53033025702,53033025702,4.11,2017-2021,2020,Census,"King (County, 2020)"
Census Tract,53033025703,WA,53033025703,53033025703,4.77,2017-2021,2020,Census,"King (County, 2020)"
Census Tract,53033025704,WA,53033025704,53033025704,5.73,2017-2021,2020,Census,"King (County, 2020)"
Census Tract,53033025803,WA,53033025803,53033025803,5.66,2017-2021,2020,Census,"King (County, 2020)"
Census Tract,53033025804,WA,53033025804,53033025804,11.48,2017-2021,2020,Census,"King (County, 2020)"
Census Tract,53033025805,WA,53033025805,53033025805,4.82,2017-2021,2020,Census,"King (County, 2020)"
Census Tract,53033025806,WA,53033025806,53033025806,6.4,2017-2021,2020,Census,"King (County, 2020)"
Census Tract,53033026001,WA,53033026001,53033026001,7.17,2017-2021,2020,Census,"King (County, 2020)"
Census Tract,53033026003,WA,53033026003,53033026003,3.86,2017-2021,2020,Census,"King (County, 2020)"
Census Tract,53033026004,WA,53033026004,53033026004,5.97,2017-2021,2020,Census,"King (County, 2020)"
Census Tract,53033026101,WA,53033026101,53033026101,8.91,2017-2021,2020,Census,"King (County, 2020)"
Census Tract,53033026102,WA,53033026102,53033026102,7.89,2017-2021,2020,Census,"King (County, 2020)"
Census Tract,53033026200,WA,53033026200,53033026200,8.94,2017-2021,2020,Census,"King (County, 2020)"
Census Tract,53033026300,WA,53033026300,53033026300,7.92,2017-2021,2020,Census,"King (County, 2020)"
Census Tract,53033026400,WA,53033026400,53033026400,6.4,2017-2021,2020,Census,"King (County, 2020)"
Census Tract,53033026500,WA,53033026500,53033026500,13.15,2017-2021,2020,Census,"King (County, 2020)"
Census Tract,53033026600,WA,53033026600,53033026600,2,2017-2021,2020,Census,"King (County, 2020)"
Census Tract,53033026700,WA,53033026700,53033026700,3.13,2017-2021,2020,Census,"King (County, 2020)"
Census Tract,53033026801,WA,53033026801,53033026801,5.78,2017-2021,2020,Census,"King (County, 2020)"
Census Tract,53033026802,WA,53033026802,53033026802,2.45,2017-2021,2020,Census,"King (County, 2020)"
Census Tract,53033027000,WA,53033027000,53033027000,2.98,2017-2021,2020,Census,"King (County, 2020)"
Census Tract,53033027100,WA,53033027100,53033027100,15.72,2017-2021,2020,Census,"King (County, 2020)"
Census Tract,53033027200,WA,53033027200,53033027200,9.36,2017-2021,2020,Census,"King (County, 2020)"
Census Tract,53033027300,WA,53033027300,53033027300,0,2017-2021,2020,Census,"King (County, 2020)"
Census Tract,53033027400,WA,53033027400,53033027400,11.53,2017-2021,2020,Census,"King (County, 2020)"
Census Tract,53033027500,WA,53033027500,53033027500,6.34,2017-2021,2020,Census,"King (County, 2020)"
Census Tract,53033027600,WA,53033027600,53033027600,5.01,2017-2021,2020,Census,"King (County, 2020)"
Census Tract,53033027701,WA,53033027701,53033027701,10.39,2017-2021,2020,Census,"King (County, 2020)"
Census Tract,53033027702,WA,53033027702,53033027702,5.93,2017-2021,2020,Census,"King (County, 2020)"
Census Tract,53033027800,WA,53033027800,53033027800,2.67,2017-2021,2020,Census,"King (County, 2020)"
Census Tract,53033027901,WA,53033027901,53033027901,1.43,2017-2021,2020,Census,"King (County, 2020)"
Census Tract,53033027902,WA,53033027902,53033027902,3.98,2017-2021,2020,Census,"King (County, 2020)"
Census Tract,53033028000,WA,53033028000,53033028000,7.6,2017-2021,2020,Census,"King (County, 2020)"
Census Tract,53033028100,WA,53033028100,53033028100,11.48,2017-2021,2020,Census,"King (County, 2020)"
Census Tract,53033028200,WA,53033028200,53033028200,5.98,2017-2021,2020,Census,"King (County, 2020)"
Census Tract,53033028300,WA,53033028300,53033028300,5.85,2017-2021,2020,Census,"King (County, 2020)"
Census Tract,53033028402,WA,53033028402,53033028402,9.53,2017-2021,2020,Census,"King (County, 2020)"
Census Tract,53033028403,WA,53033028403,53033028403,14.12,2017-2021,2020,Census,"King (County, 2020)"
Census Tract,53033028500,WA,53033028500,53033028500,7.33,2017-2021,2020,Census,"King (County, 2020)"
Census Tract,53033028600,WA,53033028600,53033028600,6.53,2017-2021,2020,Census,"King (County, 2020)"
Census Tract,53033028700,WA,53033028700,53033028700,3.3,2017-2021,2020,Census,"King (County, 2020)"
Census Tract,53033028801,WA,53033028801,53033028801,14.68,2017-2021,2020,Census,"King (County, 2020)"
Census Tract,53033028802,WA,53033028802,53033028802,5.54,2017-2021,2020,Census,"King (County, 2020)"
Census Tract,53033028901,WA,53033028901,53033028901,5.37,2017-2021,2020,Census,"King (County, 2020)"
Census Tract,53033028902,WA,53033028902,53033028902,5.49,2017-2021,2020,Census,"King (County, 2020)"
Census Tract,53033029001,WA,53033029001,53033029001,3.83,2017-2021,2020,Census,"King (County, 2020)"
Census Tract,53033029003,WA,53033029003,53033029003,1.16,2017-2021,2020,Census,"King (County, 2020)"
Census Tract,53033029004,WA,53033029004,53033029004,8.21,2017-2021,2020,Census,"King (County, 2020)"
Census Tract,53033029101,WA,53033029101,53033029101,5.16,2017-2021,2020,Census,"King (County, 2020)"
Census Tract,53033029102,WA,53033029102,53033029102,6.41,2017-2021,2020,Census,"King (County, 2020)"
Census Tract,53033029203,WA,53033029203,53033029203,14.2,2017-2021,2020,Census,"King (County, 2020)"
Census Tract,53033029205,WA,53033029205,53033029205,8.09,2017-2021,2020,Census,"King (County, 2020)"
Census Tract,53033029206,WA,53033029206,53033029206,13.21,2017-2021,2020,Census,"King (County, 2020)"
Census Tract,53033029207,WA,53033029207,53033029207,0,2017-2021,2020,Census,"King (County, 2020)"
Census Tract,53033029208,WA,53033029208,53033029208,0,2017-2021,2020,Census,"King (County, 2020)"
Census Tract,53033029304,WA,53033029304,53033029304,1.83,2017-2021,2020,Census,"King (County, 2020)"
Census Tract,53033029305,WA,53033029305,53033029305,2.38,2017-2021,2020,Census,"King (County, 2020)"
Census Tract,53033029306,WA,53033029306,53033029306,4.82,2017-2021,2020,Census,"King (County, 2020)"
Census Tract,53033029307,WA,53033029307,53033029307,1.3,2017-2021,2020,Census,"King (County, 2020)"
Census Tract,53033029308,WA,53033029308,53033029308,9.25,2017-2021,2020,Census,"King (County, 2020)"
Census Tract,53033029309,WA,53033029309,53033029309,4.6,2017-2021,2020,Census,"King (County, 2020)"
Census Tract,53033029403,WA,53033029403,53033029403,1.14,2017-2021,2020,Census,"King (County, 2020)"
Census Tract,53033029405,WA,53033029405,53033029405,3.62,2017-2021,2020,Census,"King (County, 2020)"
Census Tract,53033029406,WA,53033029406,53033029406,2.27,2017-2021,2020,Census,"King (County, 2020)"
Census Tract,53033029407,WA,53033029407,53033029407,3.17,2017-2021,2020,Census,"King (County, 2020)"
Census Tract,53033029408,WA,53033029408,53033029408,6.54,2017-2021,2020,Census,"King (County, 2020)"
Census Tract,53033029504,WA,53033029504,53033029504,5.09,2017-2021,2020,Census,"King (County, 2020)"
Census Tract,53033029505,WA,53033029505,53033029505,1.05,2017-2021,2020,Census,"King (County, 2020)"
Census Tract,53033029506,WA,53033029506,53033029506,4.45,2017-2021,2020,Census,"King (County, 2020)"
Census Tract,53033029507,WA,53033029507,53033029507,2.44,2017-2021,2020,Census,"King (County, 2020)"
Census Tract,53033029508,WA,53033029508,53033029508,0,2017-2021,2020,Census,"King (County, 2020)"
Census Tract,53033029602,WA,53033029602,53033029602,4.4,2017-2021,2020,Census,"King (County, 2020)"
Census Tract,53033029603,WA,53033029603,53033029603,0,2017-2021,2020,Census,"King (County, 2020)"
Census Tract,53033029604,WA,53033029604,53033029604,1.35,2017-2021,2020,Census,"King (County, 2020)"
Census Tract,53033029701,WA,53033029701,53033029701,11.11,2017-2021,2020,Census,"King (County, 2020)"
Census Tract,53033029702,WA,53033029702,53033029702,8.66,2017-2021,2020,Census,"King (County, 2020)"
Census Tract,53033029803,WA,53033029803,53033029803,7.26,2017-2021,2020,Census,"King (County, 2020)"
Census Tract,53033029804,WA,53033029804,53033029804,0,2017-2021,2020,Census,"King (County, 2020)"
Census Tract,53033029805,WA,53033029805,53033029805,2.5,2017-2021,2020,Census,"King (County, 2020)"
Census Tract,53033029806,WA,53033029806,53033029806,3.86,2017-2021,2020,Census,"King (County, 2020)"
Census Tract,53033029901,WA,53033029901,53033029901,0.48,2017-2021,2020,Census,"King (County, 2020)"
Census Tract,53033029902,WA,53033029902,53033029902,1.92,2017-2021,2020,Census,"King (County, 2020)"
Census Tract,53033030003,WA,53033030003,53033030003,5.19,2017-2021,2020,Census,"King (County, 2020)"
Census Tract,53033030005,WA,53033030005,53033030005,6.67,2017-2021,2020,Census,"King (County, 2020)"
Census Tract,53033030006,WA,53033030006,53033030006,8.19,2017-2021,2020,Census,"King (County, 2020)"
Census Tract,53033030007,WA,53033030007,53033030007,3.92,2017-2021,2020,Census,"King (County, 2020)"
Census Tract,53033030008,WA,53033030008,53033030008,7.46,2017-2021,2020,Census,"King (County, 2020)"
Census Tract,53033030101,WA,53033030101,53033030101,10.11,2017-2021,2020,Census,"King (County, 2020)"
Census Tract,53033030102,WA,53033030102,53033030102,7.46,2017-2021,2020,Census,"King (County, 2020)"
Census Tract,53033030201,WA,53033030201,53033030201,4.67,2017-2021,2020,Census,"King (County, 2020)"
Census Tract,53033030203,WA,53033030203,53033030203,4.53,2017-2021,2020,Census,"King (County, 2020)"
Census Tract,53033030204,WA,53033030204,53033030204,18.73,2017-2021,2020,Census,"King (County, 2020)"
Census Tract,53033030304,WA,53033030304,53033030304,1.04,2017-2021,2020,Census,"King (County, 2020)"
Census Tract,53033030305,WA,53033030305,53033030305,6.62,2017-2021,2020,Census,"King (County, 2020)"
Census Tract,53033030306,WA,53033030306,53033030306,4.85,2017-2021,2020,Census,"King (County, 2020)"
Census Tract,53033030308,WA,53033030308,53033030308,4.78,2017-2021,2020,Census,"King (County, 2020)"
Census Tract,53033030309,WA,53033030309,53033030309,3.94,2017-2021,2020,Census,"King (County, 2020)"
Census Tract,53033030310,WA,53033030310,53033030310,3.28,2017-2021,2020,Census,"King (County, 2020)"
Census Tract,53033030311,WA,53033030311,53033030311,5.38,2017-2021,2020,Census,"King (County, 2020)"
Census Tract,53033030312,WA,53033030312,53033030312,7.32,2017-2021,2020,Census,"King (County, 2020)"
Census Tract,53033030313,WA,53033030313,53033030313,9.88,2017-2021,2020,Census,"King (County, 2020)"
Census Tract,53033030314,WA,53033030314,53033030314,8.06,2017-2021,2020,Census,"King (County, 2020)"
Census Tract,53033030403,WA,53033030403,53033030403,5.1,2017-2021,2020,Census,"King (County, 2020)"
Census Tract,53033030404,WA,53033030404,53033030404,2.2,2017-2021,2020,Census,"King (County, 2020)"
Census Tract,53033030405,WA,53033030405,53033030405,22.71,2017-2021,2020,Census,"King (County, 2020)"
Census Tract,53033030406,WA,53033030406,53033030406,10.92,2017-2021,2020,Census,"King (County, 2020)"
Census Tract,53033030407,WA,53033030407,53033030407,16.01,2017-2021,2020,Census,"King (County, 2020)"
Census Tract,53033030501,WA,53033030501,53033030501,14.47,2017-2021,2020,Census,"King (County, 2020)"
Census Tract,53033030503,WA,53033030503,53033030503,12.56,2017-2021,2020,Census,"King (County, 2020)"
Census Tract,53033030504,WA,53033030504,53033030504,9.81,2017-2021,2020,Census,"King (County, 2020)"
Census Tract,53033030600,WA,53033030600,53033030600,4.22,2017-2021,2020,Census,"King (County, 2020)"
Census Tract,53033030700,WA,53033030700,53033030700,9.69,2017-2021,2020,Census,"King (County, 2020)"
Census Tract,53033030801,WA,53033030801,53033030801,7.22,2017-2021,2020,Census,"King (County, 2020)"
Census Tract,53033030802,WA,53033030802,53033030802,12.93,2017-2021,2020,Census,"King (County, 2020)"
Census Tract,53033030901,WA,53033030901,53033030901,9.26,2017-2021,2020,Census,"King (County, 2020)"
Census Tract,53033030902,WA,53033030902,53033030902,8.31,2017-2021,2020,Census,"King (County, 2020)"
Census Tract,53033031000,WA,53033031000,53033031000,2.82,2017-2021,2020,Census,"King (County, 2020)"
Census Tract,53033031101,WA,53033031101,53033031101,6.13,2017-2021,2020,Census,"King (County, 2020)"
Census Tract,53033031102,WA,53033031102,53033031102,9.61,2017-2021,2020,Census,"King (County, 2020)"
Census Tract,53033031202,WA,53033031202,53033031202,5.72,2017-2021,2020,Census,"King (County, 2020)"
Census Tract,53033031204,WA,53033031204,53033031204,2.28,2017-2021,2020,Census,"King (County, 2020)"
Census Tract,53033031206,WA,53033031206,53033031206,4.76,2017-2021,2020,Census,"King (County, 2020)"
Census Tract,53033031207,WA,53033031207,53033031207,1.22,2017-2021,2020,Census,"King (County, 2020)"
Census Tract,53033031208,WA,53033031208,53033031208,3.48,2017-2021,2020,Census,"King (County, 2020)"
Census Tract,53033031301,WA,53033031301,53033031301,7.88,2017-2021,2020,Census,"King (County, 2020)"
Census Tract,53033031302,WA,53033031302,53033031302,7.49,2017-2021,2020,Census,"King (County, 2020)"
Census Tract,53033031400,WA,53033031400,53033031400,2.7,2017-2021,2020,Census,"King (County, 2020)"
Census Tract,53033031501,WA,53033031501,53033031501,5.41,2017-2021,2020,Census,"King (County, 2020)"
Census Tract,53033031502,WA,53033031502,53033031502,5.09,2017-2021,2020,Census,"King (County, 2020)"
Census Tract,53033031601,WA,53033031601,53033031601,3.28,2017-2021,2020,Census,"King (County, 2020)"
Census Tract,53033031603,WA,53033031603,53033031603,6.84,2017-2021,2020,Census,"King (County, 2020)"
Census Tract,53033031604,WA,53033031604,53033031604,1.33,2017-2021,2020,Census,"King (County, 2020)"
Census Tract,53033031605,WA,53033031605,53033031605,0.65,2017-2021,2020,Census,"King (County, 2020)"
Census Tract,53033031704,WA,53033031704,53033031704,4.08,2017-2021,2020,Census,"King (County, 2020)"
Census Tract,53033031705,WA,53033031705,53033031705,0.59,2017-2021,2020,Census,"King (County, 2020)"
Census Tract,53033031707,WA,53033031707,53033031707,2.1,2017-2021,2020,Census,"King (County, 2020)"
Census Tract,53033031708,WA,53033031708,53033031708,2.61,2017-2021,2020,Census,"King (County, 2020)"
Census Tract,53033031709,WA,53033031709,53033031709,1.24,2017-2021,2020,Census,"King (County, 2020)"
Census Tract,53033031710,WA,53033031710,53033031710,10.17,2017-2021,2020,Census,"King (County, 2020)"
Census Tract,53033031800,WA,53033031800,53033031800,1.86,2017-2021,2020,Census,"King (County, 2020)"
Census Tract,53033031904,WA,53033031904,53033031904,2.82,2017-2021,2020,Census,"King (County, 2020)"
Census Tract,53033031906,WA,53033031906,53033031906,1.23,2017-2021,2020,Census,"King (County, 2020)"
Census Tract,53033031908,WA,53033031908,53033031908,2.76,2017-2021,2020,Census,"King (County, 2020)"
Census Tract,53033031909,WA,53033031909,53033031909,0.8,2017-2021,2020,Census,"King (County, 2020)"
Census Tract,53033031910,WA,53033031910,53033031910,2.42,2017-2021,2020,Census,"King (County, 2020)"
Census Tract,53033031911,WA,53033031911,53033031911,0,2017-2021,2020,Census,"King (County, 2020)"
Census Tract,53033031912,WA,53033031912,53033031912,7.53,2017-2021,2020,Census,"King (County, 2020)"
Census Tract,53033031913,WA,53033031913,53033031913,3.31,2017-2021,2020,Census,"King (County, 2020)"
Census Tract,53033032002,WA,53033032002,53033032002,4.3,2017-2021,2020,Census,"King (County, 2020)"
Census Tract,53033032003,WA,53033032003,53033032003,1.88,2017-2021,2020,Census,"King (County, 2020)"
Census Tract,53033032005,WA,53033032005,53033032005,5.57,2017-2021,2020,Census,"King (County, 2020)"
Census Tract,53033032006,WA,53033032006,53033032006,2.24,2017-2021,2020,Census,"King (County, 2020)"
Census Tract,53033032007,WA,53033032007,53033032007,4.59,2017-2021,2020,Census,"King (County, 2020)"
Census Tract,53033032008,WA,53033032008,53033032008,1.13,2017-2021,2020,Census,"King (County, 2020)"
Census Tract,53033032010,WA,53033032010,53033032010,6.24,2017-2021,2020,Census,"King (County, 2020)"
Census Tract,53033032011,WA,53033032011,53033032011,0,2017-2021,2020,Census,"King (County, 2020)"
Census Tract,53033032102,WA,53033032102,53033032102,2.81,2017-2021,2020,Census,"King (County, 2020)"
Census Tract,53033032103,WA,53033032103,53033032103,2.26,2017-2021,2020,Census,"King (County, 2020)"
Census Tract,53033032104,WA,53033032104,53033032104,3.21,2017-2021,2020,Census,"King (County, 2020)"
Census Tract,53033032207,WA,53033032207,53033032207,1.03,2017-2021,2020,Census,"King (County, 2020)"
Census Tract,53033032211,WA,53033032211,53033032211,0,2017-2021,2020,Census,"King (County, 2020)"
Census Tract,53033032213,WA,53033032213,53033032213,0.44,2017-2021,2020,Census,"King (County, 2020)"
Census Tract,53033032215,WA,53033032215,53033032215,0,2017-2021,2020,Census,"King (County, 2020)"
Census Tract,53033032216,WA,53033032216,53033032216,0,2017-2021,2020,Census,"King (County, 2020)"
Census Tract,53033032217,WA,53033032217,53033032217,1.02,2017-2021,2020,Census,"King (County, 2020)"
Census Tract,53033032218,WA,53033032218,53033032218,2.42,2017-2021,2020,Census,"King (County, 2020)"
Census Tract,53033032219,WA,53033032219,53033032219,2.91,2017-2021,2020,Census,"King (County, 2020)"
Census Tract,53033032220,WA,53033032220,53033032220,1.18,2017-2021,2020,Census,"King (County, 2020)"
Census Tract,53033032221,WA,53033032221,53033032221,0,2017-2021,2020,Census,"King (County, 2020)"
Census Tract,53033032222,WA,53033032222,53033032222,0.92,2017-2021,2020,Census,"King (County, 2020)"
Census Tract,53033032223,WA,53033032223,53033032223,1.45,2017-2021,2020,Census,"King (County, 2020)"
Census Tract,53033032224,WA,53033032224,53033032224,0,2017-2021,2020,Census,"King (County, 2020)"
Census Tract,53033032225,WA,53033032225,53033032225,2.13,2017-2021,2020,Census,"King (County, 2020)"
Census Tract,53033032307,WA,53033032307,53033032307,1.72,2017-2021,2020,Census,"King (County, 2020)"
Census Tract,53033032311,WA,53033032311,53033032311,0.67,2017-2021,2020,Census,"King (County, 2020)"
Census Tract,53033032313,WA,53033032313,53033032313,3.53,2017-2021,2020,Census,"King (County, 2020)"
Census Tract,53033032315,WA,53033032315,53033032315,0.65,2017-2021,2020,Census,"King (County, 2020)"
Census Tract,53033032316,WA,53033032316,53033032316,0,2017-2021,2020,Census,"King (County, 2020)"
Census Tract,53033032317,WA,53033032317,53033032317,0.83,2017-2021,2020,Census,"King (County, 2020)"
Census Tract,53033032318,WA,53033032318,53033032318,0,2017-2021,2020,Census,"King (County, 2020)"
Census Tract,53033032319,WA,53033032319,53033032319,10.15,2017-2021,2020,Census,"King (County, 2020)"
Census Tract,53033032320,WA,53033032320,53033032320,0.91,2017-2021,2020,Census,"King (County, 2020)"
Census Tract,53033032321,WA,53033032321,53033032321,0,2017-2021,2020,Census,"King (County, 2020)"
Census Tract,53033032322,WA,53033032322,53033032322,0,2017-2021,2020,Census,"King (County, 2020)"
Census Tract,53033032323,WA,53033032323,53033032323,1.15,2017-2021,2020,Census,"King (County, 2020)"
Census Tract,53033032324,WA,53033032324,53033032324,1.69,2017-2021,2020,Census,"King (County, 2020)"
Census Tract,53033032325,WA,53033032325,53033032325,0,2017-2021,2020,Census,"King (County, 2020)"
Census Tract,53033032326,WA,53033032326,53033032326,5.6,2017-2021,2020,Census,"King (County, 2020)"
Census Tract,53033032327,WA,53033032327,53033032327,2.53,2017-2021,2020,Census,"King (County, 2020)"
Census Tract,53033032328,WA,53033032328,53033032328,0.46,2017-2021,2020,Census,"King (County, 2020)"
Census Tract,53033032330,WA,53033032330,53033032330,7.73,2017-2021,2020,Census,"King (County, 2020)"
Census Tract,53033032331,WA,53033032331,53033032331,0.57,2017-2021,2020,Census,"King (County, 2020)"
Census Tract,53033032332,WA,53033032332,53033032332,1.35,2017-2021,2020,Census,"King (County, 2020)"
Census Tract,53033032333,WA,53033032333,53033032333,2.72,2017-2021,2020,Census,"King (County, 2020)"
Census Tract,53033032401,WA,53033032401,53033032401,1.12,2017-2021,2020,Census,"King (County, 2020)"
Census Tract,53033032402,WA,53033032402,53033032402,2.97,2017-2021,2020,Census,"King (County, 2020)"
Census Tract,53033032500,WA,53033032500,53033032500,6.61,2017-2021,2020,Census,"King (County, 2020)"
Census Tract,53033032601,WA,53033032601,53033032601,0.74,2017-2021,2020,Census,"King (County, 2020)"
Census Tract,53033032603,WA,53033032603,53033032603,0,2017-2021,2020,Census,"King (County, 2020)"
Census Tract,53033032604,WA,53033032604,53033032604,0,2017-2021,2020,Census,"King (County, 2020)"
Census Tract,53033032605,WA,53033032605,53033032605,0,2017-2021,2020,Census,"King (County, 2020)"
Census Tract,53033032703,WA,53033032703,53033032703,3.52,2017-2021,2020,Census,"King (County, 2020)"
Census Tract,53033032704,WA,53033032704,53033032704,4.03,2017-2021,2020,Census,"King (County, 2020)"
Census Tract,53033032705,WA,53033032705,53033032705,0,2017-2021,2020,Census,"King (County, 2020)"
Census Tract,53033032706,WA,53033032706,53033032706,0,2017-2021,2020,Census,"King (County, 2020)"
Census Tract,53033032800,WA,53033032800,53033032800,5.6,2017-2021,2020,Census,"King (County, 2020)"
Census Tract,53053060200,WA,53053060200,53053060200,3.24,2017-2021,2020,Census,"Pierce (County, 2020)"
Census Tract,53053060300,WA,53053060300,53053060300,7.54,2017-2021,2020,Census,"Pierce (County, 2020)"
Census Tract,53053060400,WA,53053060400,53053060400,5.13,2017-2021,2020,Census,"Pierce (County, 2020)"
Census Tract,53053060500,WA,53053060500,53053060500,1.55,2017-2021,2020,Census,"Pierce (County, 2020)"
Census Tract,53053060600,WA,53053060600,53053060600,3.95,2017-2021,2020,Census,"Pierce (County, 2020)"
Census Tract,53053060700,WA,53053060700,53053060700,6.68,2017-2021,2020,Census,"Pierce (County, 2020)"
Census Tract,53053060800,WA,53053060800,53053060800,5.55,2017-2021,2020,Census,"Pierce (County, 2020)"
Census Tract,53053060903,WA,53053060903,53053060903,7.26,2017-2021,2020,Census,"Pierce (County, 2020)"
Census Tract,53053060904,WA,53053060904,53053060904,5.84,2017-2021,2020,Census,"Pierce (County, 2020)"
Census Tract,53053060906,WA,53053060906,53053060906,11.96,2017-2021,2020,Census,"Pierce (County, 2020)"
Census Tract,53053060907,WA,53053060907,53053060907,10.9,2017-2021,2020,Census,"Pierce (County, 2020)"
Census Tract,53053060908,WA,53053060908,53053060908,3.79,2017-2021,2020,Census,"Pierce (County, 2020)"
Census Tract,53053061001,WA,53053061001,53053061001,6.89,2017-2021,2020,Census,"Pierce (County, 2020)"
Census Tract,53053061002,WA,53053061002,53053061002,15.61,2017-2021,2020,Census,"Pierce (County, 2020)"
Census Tract,53053061100,WA,53053061100,53053061100,8.38,2017-2021,2020,Census,"Pierce (County, 2020)"
Census Tract,53053061200,WA,53053061200,53053061200,12.15,2017-2021,2020,Census,"Pierce (County, 2020)"
Census Tract,53053061300,WA,53053061300,53053061300,6.33,2017-2021,2020,Census,"Pierce (County, 2020)"
Census Tract,53053061400,WA,53053061400,53053061400,16.91,2017-2021,2020,Census,"Pierce (County, 2020)"
Census Tract,53053061501,WA,53053061501,53053061501,17.19,2017-2021,2020,Census,"Pierce (County, 2020)"
Census Tract,53053061502,WA,53053061502,53053061502,5.82,2017-2021,2020,Census,"Pierce (County, 2020)"
Census Tract,53053061601,WA,53053061601,53053061601,16.13,2017-2021,2020,Census,"Pierce (County, 2020)"
Census Tract,53053061602,WA,53053061602,53053061602,7,2017-2021,2020,Census,"Pierce (County, 2020)"
Census Tract,53053061700,WA,53053061700,53053061700,10.67,2017-2021,2020,Census,"Pierce (County, 2020)"
Census Tract,53053061800,WA,53053061800,53053061800,15.37,2017-2021,2020,Census,"Pierce (County, 2020)"
Census Tract,53053061900,WA,53053061900,53053061900,11.14,2017-2021,2020,Census,"Pierce (County, 2020)"
Census Tract,53053062000,WA,53053062000,53053062000,8.78,2017-2021,2020,Census,"Pierce (County, 2020)"
Census Tract,53053062300,WA,53053062300,53053062300,5.53,2017-2021,2020,Census,"Pierce (County, 2020)"
Census Tract,53053062400,WA,53053062400,53053062400,11.43,2017-2021,2020,Census,"Pierce (County, 2020)"
Census Tract,53053062501,WA,53053062501,53053062501,4.56,2017-2021,2020,Census,"Pierce (County, 2020)"
Census Tract,53053062502,WA,53053062502,53053062502,1.65,2017-2021,2020,Census,"Pierce (County, 2020)"
Census Tract,53053062600,WA,53053062600,53053062600,11.58,2017-2021,2020,Census,"Pierce (County, 2020)"
Census Tract,53053062801,WA,53053062801,53053062801,7.97,2017-2021,2020,Census,"Pierce (County, 2020)"
Census Tract,53053062802,WA,53053062802,53053062802,6.8,2017-2021,2020,Census,"Pierce (County, 2020)"
Census Tract,53053062901,WA,53053062901,53053062901,5.31,2017-2021,2020,Census,"Pierce (County, 2020)"
Census Tract,53053062902,WA,53053062902,53053062902,3.85,2017-2021,2020,Census,"Pierce (County, 2020)"
Census Tract,53053063000,WA,53053063000,53053063000,0.6,2017-2021,2020,Census,"Pierce (County, 2020)"
Census Tract,53053063100,WA,53053063100,53053063100,5.21,2017-2021,2020,Census,"Pierce (County, 2020)"
Census Tract,53053063200,WA,53053063200,53053063200,4.15,2017-2021,2020,Census,"Pierce (County, 2020)"
Census Tract,53053063301,WA,53053063301,53053063301,4.7,2017-2021,2020,Census,"Pierce (County, 2020)"
Census Tract,53053063302,WA,53053063302,53053063302,4.19,2017-2021,2020,Census,"Pierce (County, 2020)"
Census Tract,53053063401,WA,53053063401,53053063401,15.27,2017-2021,2020,Census,"Pierce (County, 2020)"
Census Tract,53053063402,WA,53053063402,53053063402,1.23,2017-2021,2020,Census,"Pierce (County, 2020)"
Census Tract,53053063501,WA,53053063501,53053063501,9.61,2017-2021,2020,Census,"Pierce (County, 2020)"
Census Tract,53053063502,WA,53053063502,53053063502,9.21,2017-2021,2020,Census,"Pierce (County, 2020)"
Census Tract,53053070100,WA,53053070100,53053070100,4.73,2017-2021,2020,Census,"Pierce (County, 2020)"
Census Tract,53053070204,WA,53053070204,53053070204,4.55,2017-2021,2020,Census,"Pierce (County, 2020)"
Census Tract,53053070205,WA,53053070205,53053070205,3.41,2017-2021,2020,Census,"Pierce (County, 2020)"
Census Tract,53053070206,WA,53053070206,53053070206,7.43,2017-2021,2020,Census,"Pierce (County, 2020)"
Census Tract,53053070207,WA,53053070207,53053070207,14.63,2017-2021,2020,Census,"Pierce (County, 2020)"
Census Tract,53053070208,WA,53053070208,53053070208,0,2017-2021,2020,Census,"Pierce (County, 2020)"
Census Tract,53053070209,WA,53053070209,53053070209,2.57,2017-2021,2020,Census,"Pierce (County, 2020)"
Census Tract,53053070307,WA,53053070307,53053070307,10.94,2017-2021,2020,Census,"Pierce (County, 2020)"
Census Tract,53053070308,WA,53053070308,53053070308,4.81,2017-2021,2020,Census,"Pierce (County, 2020)"
Census Tract,53053070309,WA,53053070309,53053070309,5.84,2017-2021,2020,Census,"Pierce (County, 2020)"
Census Tract,53053070310,WA,53053070310,53053070310,1.75,2017-2021,2020,Census,"Pierce (County, 2020)"
Census Tract,53053070311,WA,53053070311,53053070311,2.63,2017-2021,2020,Census,"Pierce (County, 2020)"
Census Tract,53053070312,WA,53053070312,53053070312,3.49,2017-2021,2020,Census,"Pierce (County, 2020)"
Census Tract,53053070313,WA,53053070313,53053070313,4.28,2017-2021,2020,Census,"Pierce (County, 2020)"
Census Tract,53053070314,WA,53053070314,53053070314,1.47,2017-2021,2020,Census,"Pierce (County, 2020)"
Census Tract,53053070315,WA,53053070315,53053070315,1.8,2017-2021,2020,Census,"Pierce (County, 2020)"
Census Tract,53053070316,WA,53053070316,53053070316,4.42,2017-2021,2020,Census,"Pierce (County, 2020)"
Census Tract,53053070401,WA,53053070401,53053070401,5.02,2017-2021,2020,Census,"Pierce (County, 2020)"
Census Tract,53053070403,WA,53053070403,53053070403,3.52,2017-2021,2020,Census,"Pierce (County, 2020)"
Census Tract,53053070404,WA,53053070404,53053070404,2.87,2017-2021,2020,Census,"Pierce (County, 2020)"
Census Tract,53053070703,WA,53053070703,53053070703,7.74,2017-2021,2020,Census,"Pierce (County, 2020)"
Census Tract,53053071100,WA,53053071100,53053071100,11.69,2017-2021,2020,Census,"Pierce (County, 2020)"
Census Tract,53053071205,WA,53053071205,53053071205,4.73,2017-2021,2020,Census,"Pierce (County, 2020)"
Census Tract,53053071206,WA,53053071206,53053071206,4.32,2017-2021,2020,Census,"Pierce (County, 2020)"
Census Tract,53053071207,WA,53053071207,53053071207,13.35,2017-2021,2020,Census,"Pierce (County, 2020)"
Census Tract,53053071209,WA,53053071209,53053071209,1,2017-2021,2020,Census,"Pierce (County, 2020)"
Census Tract,53053071210,WA,53053071210,53053071210,3.27,2017-2021,2020,Census,"Pierce (County, 2020)"
Census Tract,53053071211,WA,53053071211,53053071211,5.7,2017-2021,2020,Census,"Pierce (County, 2020)"
Census Tract,53053071212,WA,53053071212,53053071212,0,2017-2021,2020,Census,"Pierce (County, 2020)"
Census Tract,53053071304,WA,53053071304,53053071304,5.02,2017-2021,2020,Census,"Pierce (County, 2020)"
Census Tract,53053071305,WA,53053071305,53053071305,4.1,2017-2021,2020,Census,"Pierce (County, 2020)"
Census Tract,53053071306,WA,53053071306,53053071306,3.05,2017-2021,2020,Census,"Pierce (County, 2020)"
Census Tract,53053071307,WA,53053071307,53053071307,0.54,2017-2021,2020,Census,"Pierce (County, 2020)"
Census Tract,53053071309,WA,53053071309,53053071309,3.47,2017-2021,2020,Census,"Pierce (County, 2020)"
Census Tract,53053071310,WA,53053071310,53053071310,1.11,2017-2021,2020,Census,"Pierce (County, 2020)"
Census Tract,53053071403,WA,53053071403,53053071403,4.11,2017-2021,2020,Census,"Pierce (County, 2020)"
Census Tract,53053071408,WA,53053071408,53053071408,7.56,2017-2021,2020,Census,"Pierce (County, 2020)"
Census Tract,53053071409,WA,53053071409,53053071409,7.27,2017-2021,2020,Census,"Pierce (County, 2020)"
Census Tract,53053071411,WA,53053071411,53053071411,6.54,2017-2021,2020,Census,"Pierce (County, 2020)"
Census Tract,53053071412,WA,53053071412,53053071412,0.93,2017-2021,2020,Census,"Pierce (County, 2020)"
Census Tract,53053071413,WA,53053071413,53053071413,0,2017-2021,2020,Census,"Pierce (County, 2020)"
Census Tract,53053071414,WA,53053071414,53053071414,0,2017-2021,2020,Census,"Pierce (County, 2020)"
Census Tract,53053071415,WA,53053071415,53053071415,4.28,2017-2021,2020,Census,"Pierce (County, 2020)"
Census Tract,53053071416,WA,53053071416,53053071416,11.53,2017-2021,2020,Census,"Pierce (County, 2020)"
Census Tract,53053071417,WA,53053071417,53053071417,2.46,2017-2021,2020,Census,"Pierce (County, 2020)"
Census Tract,53053071503,WA,53053071503,53053071503,9.36,2017-2021,2020,Census,"Pierce (County, 2020)"
Census Tract,53053071504,WA,53053071504,53053071504,6.73,2017-2021,2020,Census,"Pierce (County, 2020)"
Census Tract,53053071505,WA,53053071505,53053071505,6.22,2017-2021,2020,Census,"Pierce (County, 2020)"
Census Tract,53053071506,WA,53053071506,53053071506,2.62,2017-2021,2020,Census,"Pierce (County, 2020)"
Census Tract,53053071601,WA,53053071601,53053071601,11.75,2017-2021,2020,Census,"Pierce (County, 2020)"
Census Tract,53053071603,WA,53053071603,53053071603,11.51,2017-2021,2020,Census,"Pierce (County, 2020)"
Census Tract,53053071604,WA,53053071604,53053071604,4.37,2017-2021,2020,Census,"Pierce (County, 2020)"
Census Tract,53053071703,WA,53053071703,53053071703,10.38,2017-2021,2020,Census,"Pierce (County, 2020)"
Census Tract,53053071704,WA,53053071704,53053071704,5.12,2017-2021,2020,Census,"Pierce (County, 2020)"
Census Tract,53053071705,WA,53053071705,53053071705,7.6,2017-2021,2020,Census,"Pierce (County, 2020)"
Census Tract,53053071706,WA,53053071706,53053071706,5.42,2017-2021,2020,Census,"Pierce (County, 2020)"
Census Tract,53053071707,WA,53053071707,53053071707,8.85,2017-2021,2020,Census,"Pierce (County, 2020)"
Census Tract,53053071803,WA,53053071803,53053071803,7.61,2017-2021,2020,Census,"Pierce (County, 2020)"
Census Tract,53053071805,WA,53053071805,53053071805,9.59,2017-2021,2020,Census,"Pierce (County, 2020)"
Census Tract,53053071806,WA,53053071806,53053071806,13.95,2017-2021,2020,Census,"Pierce (County, 2020)"
Census Tract,53053071807,WA,53053071807,53053071807,7.51,2017-2021,2020,Census,"Pierce (County, 2020)"
Census Tract,53053071808,WA,53053071808,53053071808,11.35,2017-2021,2020,Census,"Pierce (County, 2020)"
Census Tract,53053071901,WA,53053071901,53053071901,14.84,2017-2021,2020,Census,"Pierce (County, 2020)"
Census Tract,53053071902,WA,53053071902,53053071902,12.86,2017-2021,2020,Census,"Pierce (County, 2020)"
Census Tract,53053072000,WA,53053072000,53053072000,7.66,2017-2021,2020,Census,"Pierce (County, 2020)"
Census Tract,53053072105,WA,53053072105,53053072105,3.7,2017-2021,2020,Census,"Pierce (County, 2020)"
Census Tract,53053072106,WA,53053072106,53053072106,10.12,2017-2021,2020,Census,"Pierce (County, 2020)"
Census Tract,53053072107,WA,53053072107,53053072107,5.09,2017-2021,2020,Census,"Pierce (County, 2020)"
Census Tract,53053072108,WA,53053072108,53053072108,3.59,2017-2021,2020,Census,"Pierce (County, 2020)"
Census Tract,53053072109,WA,53053072109,53053072109,4.77,2017-2021,2020,Census,"Pierce (County, 2020)"
Census Tract,53053072111,WA,53053072111,53053072111,2.19,2017-2021,2020,Census,"Pierce (County, 2020)"
Census Tract,53053072112,WA,53053072112,53053072112,6.28,2017-2021,2020,Census,"Pierce (County, 2020)"
Census Tract,53053072305,WA,53053072305,53053072305,6.92,2017-2021,2020,Census,"Pierce (County, 2020)"
Census Tract,53053072307,WA,53053072307,53053072307,3.73,2017-2021,2020,Census,"Pierce (County, 2020)"
Census Tract,53053072309,WA,53053072309,53053072309,1.89,2017-2021,2020,Census,"Pierce (County, 2020)"
Census Tract,53053072310,WA,53053072310,53053072310,6.28,2017-2021,2020,Census,"Pierce (County, 2020)"
Census Tract,53053072311,WA,53053072311,53053072311,6.84,2017-2021,2020,Census,"Pierce (County, 2020)"
Census Tract,53053072312,WA,53053072312,53053072312,7.31,2017-2021,2020,Census,"Pierce (County, 2020)"
Census Tract,53053072313,WA,53053072313,53053072313,3.35,2017-2021,2020,Census,"Pierce (County, 2020)"
Census Tract,53053072314,WA,53053072314,53053072314,5.29,2017-2021,2020,Census,"Pierce (County, 2020)"
Census Tract,53053072315,WA,53053072315,53053072315,0,2017-2021,2020,Census,"Pierce (County, 2020)"
Census Tract,53053072405,WA,53053072405,53053072405,0.92,2017-2021,2020,Census,"Pierce (County, 2020)"
Census Tract,53053072406,WA,53053072406,53053072406,1.19,2017-2021,2020,Census,"Pierce (County, 2020)"
Census Tract,53053072407,WA,53053072407,53053072407,5.34,2017-2021,2020,Census,"Pierce (County, 2020)"
Census Tract,53053072408,WA,53053072408,53053072408,1.15,2017-2021,2020,Census,"Pierce (County, 2020)"
Census Tract,53053072409,WA,53053072409,53053072409,1.03,2017-2021,2020,Census,"Pierce (County, 2020)"
Census Tract,53053072410,WA,53053072410,53053072410,4.23,2017-2021,2020,Census,"Pierce (County, 2020)"
Census Tract,53053072503,WA,53053072503,53053072503,6.1,2017-2021,2020,Census,"Pierce (County, 2020)"
Census Tract,53053072504,WA,53053072504,53053072504,2.49,2017-2021,2020,Census,"Pierce (County, 2020)"
Census Tract,53053072506,WA,53053072506,53053072506,2.57,2017-2021,2020,Census,"Pierce (County, 2020)"
Census Tract,53053072507,WA,53053072507,53053072507,3.89,2017-2021,2020,Census,"Pierce (County, 2020)"
Census Tract,53053072508,WA,53053072508,53053072508,2.84,2017-2021,2020,Census,"Pierce (County, 2020)"
Census Tract,53053072509,WA,53053072509,53053072509,0,2017-2021,2020,Census,"Pierce (County, 2020)"
Census Tract,53053072601,WA,53053072601,53053072601,0.83,2017-2021,2020,Census,"Pierce (County, 2020)"
Census Tract,53053072602,WA,53053072602,53053072602,6.28,2017-2021,2020,Census,"Pierce (County, 2020)"
Census Tract,53053072603,WA,53053072603,53053072603,4.12,2017-2021,2020,Census,"Pierce (County, 2020)"
Census Tract,53053072801,WA,53053072801,53053072801,0,2017-2021,2020,Census,"Pierce (County, 2020)"
Census Tract,53053072802,WA,53053072802,53053072802,2.58,2017-2021,2020,Census,"Pierce (County, 2020)"
Census Tract,53053072901,WA,53053072901,53053072901,0.98,2017-2021,2020,Census,"Pierce (County, 2020)"
Census Tract,53053072903,WA,53053072903,53053072903,0,2017-2021,2020,Census,"Pierce (County, 2020)"
Census Tract,53053072907,WA,53053072907,53053072907,4.84,2017-2021,2020,Census,"Pierce (County, 2020)"
Census Tract,53053072908,WA,53053072908,53053072908,5.41,2017-2021,2020,Census,"Pierce (County, 2020)"
Census Tract,53053073001,WA,53053073001,53053073001,14.7,2017-2021,2020,Census,"Pierce (County, 2020)"
Census Tract,53053073005,WA,53053073005,53053073005,12.99,2017-2021,2020,Census,"Pierce (County, 2020)"
Census Tract,53053073006,WA,53053073006,53053073006,9.41,2017-2021,2020,Census,"Pierce (County, 2020)"
Census Tract,53053073110,WA,53053073110,53053073110,3.29,2017-2021,2020,Census,"Pierce (County, 2020)"
Census Tract,53053073111,WA,53053073111,53053073111,2.48,2017-2021,2020,Census,"Pierce (County, 2020)"
Census Tract,53053073114,WA,53053073114,53053073114,11.89,2017-2021,2020,Census,"Pierce (County, 2020)"
Census Tract,53053073115,WA,53053073115,53053073115,6.22,2017-2021,2020,Census,"Pierce (County, 2020)"
Census Tract,53053073116,WA,53053073116,53053073116,4.07,2017-2021,2020,Census,"Pierce (County, 2020)"
Census Tract,53053073117,WA,53053073117,53053073117,12.01,2017-2021,2020,Census,"Pierce (County, 2020)"
Census Tract,53053073118,WA,53053073118,53053073118,1.12,2017-2021,2020,Census,"Pierce (County, 2020)"
Census Tract,53053073119,WA,53053073119,53053073119,2.96,2017-2021,2020,Census,"Pierce (County, 2020)"
Census Tract,53053073120,WA,53053073120,53053073120,3.18,2017-2021,2020,Census,"Pierce (County, 2020)"
Census Tract,53053073121,WA,53053073121,53053073121,1.93,2017-2021,2020,Census,"Pierce (County, 2020)"
Census Tract,53053073122,WA,53053073122,53053073122,1.82,2017-2021,2020,Census,"Pierce (County, 2020)"
Census Tract,53053073123,WA,53053073123,53053073123,3.43,2017-2021,2020,Census,"Pierce (County, 2020)"
Census Tract,53053073124,WA,53053073124,53053073124,1.6,2017-2021,2020,Census,"Pierce (County, 2020)"
Census Tract,53053073126,WA,53053073126,53053073126,0,2017-2021,2020,Census,"Pierce (County, 2020)"
Census Tract,53053073127,WA,53053073127,53053073127,8.36,2017-2021,2020,Census,"Pierce (County, 2020)"
Census Tract,53053073128,WA,53053073128,53053073128,5.56,2017-2021,2020,Census,"Pierce (County, 2020)"
Census Tract,53053073129,WA,53053073129,53053073129,1.3,2017-2021,2020,Census,"Pierce (County, 2020)"
Census Tract,53053073130,WA,53053073130,53053073130,15.66,2017-2021,2020,Census,"Pierce (County, 2020)"
Census Tract,53053073131,WA,53053073131,53053073131,3.33,2017-2021,2020,Census,"Pierce (County, 2020)"
Census Tract,53053073132,WA,53053073132,53053073132,5.38,2017-2021,2020,Census,"Pierce (County, 2020)"
Census Tract,53053073133,WA,53053073133,53053073133,3.23,2017-2021,2020,Census,"Pierce (County, 2020)"
Census Tract,53053073200,WA,53053073200,53053073200,6.55,2017-2021,2020,Census,"Pierce (County, 2020)"
Census Tract,53053073301,WA,53053073301,53053073301,6.89,2017-2021,2020,Census,"Pierce (County, 2020)"
Census Tract,53053073302,WA,53053073302,53053073302,3.88,2017-2021,2020,Census,"Pierce (County, 2020)"
Census Tract,53053073404,WA,53053073404,53053073404,14.12,2017-2021,2020,Census,"Pierce (County, 2020)"
Census Tract,53053073405,WA,53053073405,53053073405,10.31,2017-2021,2020,Census,"Pierce (County, 2020)"
Census Tract,53053073406,WA,53053073406,53053073406,4.63,2017-2021,2020,Census,"Pierce (County, 2020)"
Census Tract,53053073407,WA,53053073407,53053073407,11.43,2017-2021,2020,Census,"Pierce (County, 2020)"
Census Tract,53053073408,WA,53053073408,53053073408,6.17,2017-2021,2020,Census,"Pierce (County, 2020)"
Census Tract,53053073501,WA,53053073501,53053073501,1.68,2017-2021,2020,Census,"Pierce (County, 2020)"
Census Tract,53053073502,WA,53053073502,53053073502,3.34,2017-2021,2020,Census,"Pierce (County, 2020)"
Census Tract,53053940001,WA,53053940001,53053940001,0.94,2017-2021,2020,Census,"Pierce (County, 2020)"
Census Tract,53053940002,WA,53053940002,53053940002,7.61,2017-2021,2020,Census,"Pierce (County, 2020)"
Census Tract,53053940004,WA,53053940004,53053940004,6.94,2017-2021,2020,Census,"Pierce (County, 2020)"
Census Tract,53053940005,WA,53053940005,53053940005,4.02,2017-2021,2020,Census,"Pierce (County, 2020)"
Census Tract,53053940006,WA,53053940006,53053940006,15.08,2017-2021,2020,Census,"Pierce (County, 2020)"
Census Tract,53053940007,WA,53053940007,53053940007,11.27,2017-2021,2020,Census,"Pierce (County, 2020)"
Census Tract,53053940008,WA,53053940008,53053940008,3.96,2017-2021,2020,Census,"Pierce (County, 2020)"
Census Tract,53053940009,WA,53053940009,53053940009,3.59,2017-2021,2020,Census,"Pierce (County, 2020)"
Census Tract,53053940010,WA,53053940010,53053940010,9.75,2017-2021,2020,Census,"Pierce (County, 2020)"
Census Tract,53053940011,WA,53053940011,53053940011,1.54,2017-2021,2020,Census,"Pierce (County, 2020)"
Census Tract,53053940012,WA,53053940012,53053940012,5.84,2017-2021,2020,Census,"Pierce (County, 2020)"
Census Tract,53053940013,WA,53053940013,53053940013,3.09,2017-2021,2020,Census,"Pierce (County, 2020)"