GEO_ID,GEO_NAME,TOTAL_POP_18_TO_24,POP_18_TO_24_LESS_THAN_HS_GRAD,POP_18_TO_24_HS_GRAD,POP_18_TO_24_SOME_COLLEGE_OR_ASSOC_DEG,POP_18_TO_24_BACH_DEG,TOTAL_POP_25_AND_OVER,POP_25_AND_OVER_LESS_THAN_9_GRADE,POP_25_AND_OVER_LESS_THAN_9_TO_12_NO_DIP,POP_25_AND_OVER_HS_GRAD,POP_25_AND_OVER_SOME_COLLEGE,POP_25_AND_OVER_ASSOC_DEG,POP_25_AND_OVER_BACH_DEG, POP_25_AND_OVER_GRAD_OR_PROF_DEG,POP_25_AND_OVER_HS_GRAD_OR_HIGHER,POP_25_AND_OVER_BACH_DEG_OR_HIGHER,TOTAL_POP_25_TO_34,POP_25_TO_34_HS_GRAD_OR_HIGHER,POP_25_TO_34_BACH_OR_HIGHER,TOTAL_POP_35_TO_44,POP_35_TO_44_HS_OR_HIGHER,POP_35_TO_44_BACH_OR_HIGHER,TOTAL_POP_45_TO_64,POP_45_TO_64_HS_OR_HIGHER,POP_45_TO_64_BACH_OR_HIGHER,TOTAL_POP_65_AND_OVER,POP_65_AND_OVER_HS_OR_HIGHER,POP_65_AND_OVER_BACH_OR_HIGHER,ALL_LESS_THAN_HS_GRAD,ALL_HS_GRAD,ALL_HS_HIGHER,ALL_BACH_HIGHER
53053060200,"Census Tract 602, Pierce County, Washington",217,47,59,61,50,1673,217,141,152,497,118,290,258,1315,548,638,449,186,427,310,71,413,361,211,195,195,80,405,211,2800,1146
53053060300,"Census Tract 603, Pierce County, Washington",133,27,61,39,6,3896,24,33,787,758,418,1124,752,3839,1876,675,663,411,543,533,342,1399,1388,598,1279,1255,525,84,848,7784,3758
53053060400,"Census Tract 604, Pierce County, Washington",131,45,71,15,0,3210,8,56,458,619,347,924,798,3146,1722,267,267,88,632,624,394,1474,1442,855,837,813,385,109,529,6378,3444
53053060500,"Census Tract 605, Pierce County, Washington",516,9,129,291,87,2772,0,36,242,538,217,804,935,2736,1739,287,287,131,589,573,333,1211,1199,838,685,677,437,45,371,5979,3565
53053060600,"Census Tract 606, Pierce County, Washington",617,35,131,365,86,4226,0,0,720,789,302,1229,1186,4226,2415,1291,1291,710,967,967,497,1201,1201,828,767,767,380,35,851,9034,4916
53053060700,"Census Tract 607, Pierce County, Washington",1415,51,357,948,59,3959,70,36,477,680,204,1707,785,3853,2492,1357,1342,1057,957,936,620,1084,1014,652,561,561,163,157,834,9070,5043
53053060800,"Census Tract 608, Pierce County, Washington",234,38,19,98,79,4046,12,17,361,1025,383,1126,1122,4017,2248,726,726,517,901,872,619,1417,1417,777,1002,1002,335,67,380,8230,4575
53053060903,"Census Tract 609.03, Pierce County, Washington",173,10,46,82,35,2551,131,65,559,602,268,517,409,2355,926,476,448,151,355,355,157,792,767,295,928,785,323,206,605,4873,1887
53053060904,"Census Tract 609.04, Pierce County, Washington",280,0,66,170,44,3774,58,312,740,1261,364,663,376,3404,1039,905,823,448,830,785,259,1442,1284,215,597,512,117,370,806,7088,2122
53053060906,"Census Tract 609.06, Pierce County, Washington",147,59,37,38,13,1483,39,95,376,367,131,337,138,1349,475,221,186,52,246,228,75,539,510,191,477,425,157,193,413,2786,963
53053060907,"Census Tract 609.07, Pierce County, Washington",352,0,91,159,102,2824,24,37,649,679,484,656,295,2763,951,750,734,170,311,311,104,625,610,184,1138,1108,493,61,740,5878,2004
53053060908,"Census Tract 609.08, Pierce County, Washington",170,45,0,112,13,2532,16,238,545,400,274,617,442,2278,1059,256,212,189,559,395,110,1011,998,344,706,673,416,299,545,4681,2131
53053061001,"Census Tract 610.01, Pierce County, Washington",217,9,146,62,0,3258,5,98,570,600,253,1047,685,3155,1732,658,631,290,451,445,321,1152,1105,661,997,974,460,112,716,6518,3464
53053061002,"Census Tract 610.02, Pierce County, Washington",426,90,104,142,90,3577,85,125,1129,838,427,564,409,3367,973,822,799,304,553,545,54,1120,959,356,1082,1064,259,300,1233,7070,2036
53053061100,"Census Tract 611, Pierce County, Washington",613,19,150,192,252,4857,10,110,1415,1034,771,973,544,4737,1517,1245,1229,453,841,823,317,1765,1712,413,1006,973,334,139,1565,10068,3286
53053061200,"Census Tract 612, Pierce County, Washington",242,53,8,127,54,3999,135,270,967,1166,342,573,546,3594,1119,831,729,345,773,713,293,1642,1480,302,753,672,179,458,975,7377,2292
53053061300,"Census Tract 613, Pierce County, Washington",341,56,178,107,0,3519,108,67,926,689,450,884,395,3344,1279,920,872,362,1043,1020,449,1112,1078,382,444,374,86,231,1104,6973,2558
53053061400,"Census Tract 614, Pierce County, Washington",390,118,137,132,3,2793,161,240,597,871,233,537,154,2392,691,900,740,288,648,562,115,886,805,221,359,285,67,519,734,5056,1385
53053061501,"Census Tract 615.01, Pierce County, Washington",267,9,53,128,77,1992,85,66,363,342,189,665,282,1841,947,783,771,536,189,173,49,746,669,292,274,228,70,160,416,3940,1971
53053061502,"Census Tract 615.02, Pierce County, Washington",96,9,9,32,46,2696,15,14,344,393,159,1011,760,2667,1771,905,898,559,403,393,232,601,592,333,787,784,647,38,353,5421,3588
53053061601,"Census Tract 616.01, Pierce County, Washington",141,21,29,29,62,1720,32,115,478,503,97,312,183,1573,495,640,599,177,274,249,130,401,375,87,405,350,101,168,507,3266,1052
53053061602,"Census Tract 616.02, Pierce County, Washington",171,6,62,91,12,768,20,52,103,194,75,96,228,696,324,347,315,227,132,111,31,239,220,61,50,50,5,78,165,1557,660
53053061700,"Census Tract 617, Pierce County, Washington",911,79,245,458,129,3429,276,310,719,794,517,455,358,2843,813,620,587,211,998,693,264,1370,1225,256,441,338,82,665,964,6518,1755
53053061800,"Census Tract 618, Pierce County, Washington",240,35,125,69,11,2081,54,88,877,338,251,317,156,1939,473,518,459,202,459,414,117,722,707,90,382,359,64,177,1002,4083,957
53053061900,"Census Tract 619, Pierce County, Washington",67,14,20,18,15,1526,54,86,435,372,205,246,128,1386,374,352,327,101,335,277,38,435,404,121,404,378,114,154,455,2825,763
53053062000,"Census Tract 620, Pierce County, Washington",606,91,127,247,141,3024,222,234,804,814,257,360,333,2568,693,682,583,197,745,659,137,1178,966,248,419,360,111,547,931,5651,1527
53053062300,"Census Tract 623, Pierce County, Washington",441,56,146,204,35,4322,223,297,1439,1069,427,477,390,3802,867,1093,1005,291,843,732,189,1603,1382,195,783,683,192,576,1585,7989,1769
53053062400,"Census Tract 624, Pierce County, Washington",432,42,104,222,64,4181,58,295,1371,903,337,720,497,3828,1217,962,805,143,1179,1179,543,1134,1056,251,906,788,280,395,1475,8046,2498
53053062501,"Census Tract 625.01, Pierce County, Washington",217,39,63,15,100,3419,50,245,1403,915,284,237,285,3124,522,1147,1091,163,509,428,121,1108,1077,163,655,528,75,334,1466,6426,1144
53053062502,"Census Tract 625.02, Pierce County, Washington",246,26,61,108,51,2500,78,34,699,670,540,339,140,2388,479,483,483,100,833,833,111,792,698,123,392,374,145,138,760,4996,1009
53053062600,"Census Tract 626, Pierce County, Washington",601,127,223,218,33,2743,265,343,527,781,246,394,187,2135,581,820,714,283,627,452,111,842,656,134,454,313,53,735,750,4744,1195
53053062801,"Census Tract 628.01, Pierce County, Washington",922,44,479,367,32,4844,119,370,2041,1207,548,511,48,4355,559,1599,1541,215,1086,1035,82,1717,1355,153,442,424,109,533,2520,9588,1150
53053062802,"Census Tract 628.02, Pierce County, Washington",538,58,133,331,16,2652,177,179,712,716,248,466,154,2296,620,849,733,258,415,394,77,954,810,238,434,359,47,414,845,5072,1256
53053062901,"Census Tract 629.01, Pierce County, Washington",554,0,196,358,0,2540,45,212,634,582,400,546,121,2283,667,865,865,417,721,593,144,673,557,76,281,268,30,257,830,5120,1334
53053062902,"Census Tract 629.02, Pierce County, Washington",453,40,203,127,83,2953,136,306,861,792,490,266,102,2511,368,746,650,76,496,427,102,1175,1055,106,536,379,84,482,1064,5435,819
53053063000,"Census Tract 630, Pierce County, Washington",583,26,57,458,42,2207,251,232,405,527,252,465,75,1724,540,583,528,214,666,362,111,654,560,115,304,274,100,509,462,4005,1122
53053063100,"Census Tract 631, Pierce County, Washington",415,94,180,134,7,3179,164,203,1164,566,479,456,147,2812,603,522,493,154,577,488,115,1344,1248,234,736,583,100,461,1344,5945,1213
53053063200,"Census Tract 632, Pierce County, Washington",335,32,87,188,28,3440,89,382,1179,766,252,532,240,2969,772,780,750,203,947,704,193,1209,1025,270,504,490,106,503,1266,6241,1572
53053063301,"Census Tract 633.01, Pierce County, Washington",487,250,148,83,6,2488,268,234,790,674,84,349,89,1986,438,277,243,29,699,513,124,922,721,91,590,509,194,752,938,4209,882
53053063302,"Census Tract 633.02, Pierce County, Washington",321,0,254,43,24,3019,387,151,901,945,354,229,52,2481,281,906,840,105,770,681,119,1096,884,57,247,76,0,538,1155,5283,586
53053063401,"Census Tract 634.01, Pierce County, Washington",202,52,113,37,0,3238,280,434,1067,676,329,382,70,2524,452,786,767,210,729,569,123,1297,888,93,426,300,26,766,1180,5198,904
53053063402,"Census Tract 634.02, Pierce County, Washington",396,140,170,86,0,2555,139,233,967,499,272,401,44,2183,445,451,372,28,726,623,105,1003,876,281,375,312,31,512,1137,4622,890
53053063501,"Census Tract 635.01, Pierce County, Washington",294,96,69,85,44,3148,186,273,664,884,319,662,160,2689,822,748,635,242,705,603,286,1136,999,241,559,452,53,555,733,5576,1688
53053063502,"Census Tract 635.02, Pierce County, Washington",627,155,191,201,80,3126,336,260,1036,561,204,565,164,2530,729,825,751,227,593,529,238,1135,816,192,573,434,72,751,1227,5532,1538
53053070100,"Census Tract 701, Pierce County, Washington",247,25,66,38,118,2739,72,179,713,884,242,393,256,2488,649,566,507,84,464,464,165,1064,906,176,645,611,224,276,779,5198,1416
53053070204,"Census Tract 702.04, Pierce County, Washington",305,92,132,81,0,2461,18,179,883,682,374,279,46,2264,325,514,475,46,498,456,3,993,932,260,456,401,16,289,1015,4741,650
53053070205,"Census Tract 702.05, Pierce County, Washington",203,21,49,97,36,2305,42,186,887,664,171,225,130,2077,355,341,334,70,549,531,87,1039,894,154,376,318,44,249,936,4336,746
53053070206,"Census Tract 702.06, Pierce County, Washington",380,71,251,32,26,3171,103,166,1062,703,354,572,211,2902,783,480,433,131,608,566,151,1443,1316,343,640,587,158,340,1313,6113,1592
53053070207,"Census Tract 702.07, Pierce County, Washington",332,82,132,118,0,4164,90,206,1143,1149,294,1104,178,3868,1282,729,651,244,770,740,377,1746,1574,454,919,903,207,378,1275,7986,2564
53053070208,"Census Tract 702.08, Pierce County, Washington",154,30,60,32,32,4015,0,174,639,961,346,1260,635,3841,1895,828,828,434,1434,1407,692,912,765,276,841,841,493,204,699,7806,3822
53053070209,"Census Tract 702.09, Pierce County, Washington",375,58,225,56,36,2440,47,128,826,588,295,310,246,2265,556,529,529,231,433,386,78,1234,1106,154,244,244,93,233,1051,4847,1148
53053070307,"Census Tract 703.07, Pierce County, Washington",434,72,146,198,18,3811,21,71,722,1033,451,878,635,3719,1513,292,292,68,1060,1060,510,1564,1551,661,895,816,274,164,868,7800,3044
53053070308,"Census Tract 703.08, Pierce County, Washington",264,62,96,98,8,2857,13,139,983,697,327,478,220,2705,698,961,940,247,466,443,162,986,925,204,444,397,85,214,1079,5612,1404
53053070309,"Census Tract 703.09, Pierce County, Washington",397,137,159,73,28,4323,0,148,1142,1090,641,937,365,4175,1302,701,658,138,1051,1030,445,1755,1755,485,816,732,234,285,1301,8610,2632
53053070310,"Census Tract 703.10, Pierce County, Washington",548,120,229,176,23,3739,95,68,1063,1399,394,535,185,3576,720,741,741,78,1133,1114,249,1540,1407,312,325,314,81,283,1292,7580,1463
53053070311,"Census Tract 703.11, Pierce County, Washington",610,26,328,248,8,3556,90,168,972,1303,453,364,206,3298,570,757,719,84,775,686,103,1462,1383,214,562,510,169,284,1300,7180,1148
53053070312,"Census Tract 703.12, Pierce County, Washington",493,76,197,186,34,4690,61,80,1046,1042,733,1033,695,4549,1728,820,820,349,1063,1018,496,2030,1944,640,777,767,243,217,1243,9515,3490
53053070313,"Census Tract 703.13, Pierce County, Washington",730,172,203,266,89,4095,245,127,1193,1365,338,714,113,3723,827,560,560,159,692,676,239,1826,1647,320,1017,840,109,544,1396,8004,1743
53053070314,"Census Tract 703.14, Pierce County, Washington",205,20,57,75,53,2188,8,44,621,514,242,514,245,2136,759,246,238,81,513,497,211,1084,1069,362,345,332,105,72,678,4457,1571
53053070315,"Census Tract 703.15, Pierce County, Washington",411,34,113,194,70,4238,40,43,669,1137,432,1443,474,4155,1917,698,698,328,1166,1123,602,1825,1800,867,549,534,120,117,782,8687,3904
53053070316,"Census Tract 703.16, Pierce County, Washington",596,47,146,269,134,3871,60,64,824,664,418,1157,684,3747,1841,886,847,399,810,810,374,1524,1450,666,651,640,402,171,970,8043,3816
53053070401,"Census Tract 704.01, Pierce County, Washington",55,0,6,49,0,1546,38,118,405,492,192,226,75,1390,301,226,195,5,311,267,55,677,634,162,332,294,79,156,411,2835,602
53053070403,"Census Tract 704.03, Pierce County, Washington",433,63,251,119,0,2914,32,114,1254,717,218,424,155,2768,579,593,546,132,689,643,128,913,887,193,719,692,126,209,1505,5906,1158
53053070404,"Census Tract 704.04, Pierce County, Washington",474,119,185,138,32,3649,42,163,1327,1145,247,437,288,3444,725,882,794,163,748,748,199,1527,1442,286,492,460,77,324,1512,7243,1482
53053070703,"Census Tract 707.03, Pierce County, Washington",392,60,152,137,43,4791,81,278,1659,1216,631,661,265,4432,926,1454,1382,213,975,935,191,1569,1372,357,793,743,165,419,1811,9196,1895
53053071100,"Census Tract 711, Pierce County, Washington",180,9,85,65,21,2070,92,109,688,535,211,344,91,1869,435,220,176,63,338,306,60,972,929,215,540,458,97,210,773,3909,891
53053071205,"Census Tract 712.05, Pierce County, Washington",440,104,183,94,59,3326,7,125,889,850,455,630,370,3194,1000,517,483,178,573,545,159,1382,1329,415,854,837,248,236,1072,6724,2059
53053071206,"Census Tract 712.06, Pierce County, Washington",375,62,177,70,66,4935,98,293,1541,1460,571,558,414,4544,972,976,965,184,1198,1047,284,1721,1664,291,1040,868,213,453,1718,9401,2010
53053071207,"Census Tract 712.07, Pierce County, Washington",576,91,228,245,12,4486,202,136,1426,1203,531,683,305,4148,988,1169,1119,326,845,797,279,1554,1477,237,918,755,146,429,1654,8781,1988
53053071209,"Census Tract 712.09, Pierce County, Washington",157,0,79,56,22,2783,18,113,639,966,295,493,259,2652,752,354,300,127,547,525,127,1314,1268,293,568,559,205,131,718,5461,1526
53053071210,"Census Tract 712.10, Pierce County, Washington",488,15,225,191,57,3743,16,146,945,733,379,935,589,3581,1524,415,395,191,722,683,334,1871,1816,635,735,687,364,177,1170,7635,3105
53053071211,"Census Tract 712.11, Pierce County, Washington",312,120,87,88,17,3955,78,519,1248,1065,447,529,69,3358,598,914,623,89,553,489,60,1165,1025,244,1323,1221,205,717,1335,6908,1213
53053071212,"Census Tract 712.12, Pierce County, Washington",616,107,147,333,29,2240,0,167,365,732,300,590,86,2073,676,350,350,134,660,615,195,1040,942,284,190,166,63,274,512,4655,1381
53053071304,"Census Tract 713.04, Pierce County, Washington",505,22,236,219,28,4585,11,312,1600,1121,502,696,343,4262,1039,1408,1201,296,864,832,198,1556,1531,318,757,698,227,345,1836,9007,2106
53053071305,"Census Tract 713.05, Pierce County, Washington",337,41,166,116,14,2856,81,226,957,871,289,359,73,2549,432,517,452,163,417,389,75,1209,1080,127,713,628,67,348,1123,5394,878
53053071306,"Census Tract 713.06, Pierce County, Washington",300,124,89,45,42,4945,60,365,1464,1399,452,960,245,4520,1205,1213,1127,359,668,641,298,1976,1847,397,1088,905,151,549,1553,9216,2452
53053071307,"Census Tract 713.07, Pierce County, Washington",738,20,450,204,64,3500,101,203,923,964,615,484,210,3196,694,760,702,189,701,665,191,1423,1256,234,616,573,80,324,1373,7110,1452
53053071309,"Census Tract 713.09, Pierce County, Washington",409,39,97,212,61,2844,21,100,880,718,516,266,343,2723,609,823,778,209,636,620,141,943,907,185,442,418,74,160,977,5816,1279
53053071310,"Census Tract 713.10, Pierce County, Washington",650,19,360,222,49,5051,1,122,1174,1351,595,1212,596,4928,1808,1122,1103,332,1524,1476,473,1566,1549,566,839,800,437,142,1534,10487,3665
53053071403,"Census Tract 714.03, Pierce County, Washington",406,66,152,167,21,2918,13,190,1068,851,515,193,88,2715,281,829,785,77,466,426,74,1027,956,57,596,548,73,269,1220,5770,583
53053071408,"Census Tract 714.08, Pierce County, Washington",341,123,153,36,29,2455,108,159,928,815,235,196,14,2188,210,428,383,42,518,457,36,984,882,103,525,466,29,390,1081,4594,449
53053071409,"Census Tract 714.09, Pierce County, Washington",323,36,63,210,14,3240,134,385,1005,946,505,166,99,2721,265,917,839,58,857,643,55,1056,893,91,410,346,61,555,1068,5729,544
53053071411,"Census Tract 714.11, Pierce County, Washington",659,91,330,214,24,4367,243,346,1649,1265,451,303,110,3778,413,1823,1673,121,718,597,55,1407,1148,146,419,360,91,680,1979,8124,850
53053071412,"Census Tract 714.12, Pierce County, Washington",300,76,188,36,0,4236,258,148,1033,930,765,817,285,3830,1102,880,740,112,1469,1333,614,1274,1208,316,613,549,60,482,1221,7884,2204
53053071413,"Census Tract 714.13, Pierce County, Washington",422,100,134,188,0,1692,0,36,388,511,192,443,122,1656,565,602,602,241,217,217,110,756,736,181,117,101,33,136,522,3634,1130
53053071414,"Census Tract 714.14, Pierce County, Washington",370,18,267,85,0,2866,68,122,971,804,426,374,101,2676,475,922,848,261,732,657,109,839,798,80,373,373,25,208,1238,5704,950
53053071415,"Census Tract 714.15, Pierce County, Washington",129,0,76,18,35,1950,0,97,750,675,294,75,59,1853,134,191,191,65,697,634,23,742,708,33,320,320,13,97,826,3835,303
53053071416,"Census Tract 714.16, Pierce County, Washington",391,147,115,129,0,1444,14,116,481,504,240,89,0,1314,89,263,236,0,251,251,62,748,645,15,182,182,12,277,596,2872,178
53053071417,"Census Tract 714.17, Pierce County, Washington",415,63,181,140,31,4060,110,268,1030,1281,517,625,229,3682,854,1321,1157,494,1238,1167,205,1142,1060,139,359,298,16,441,1211,7716,1739
53053071503,"Census Tract 715.03, Pierce County, Washington",421,53,241,127,0,4194,148,265,1740,821,481,566,173,3781,739,715,679,101,652,625,111,1766,1493,337,1061,984,190,466,1981,7930,1478
53053071504,"Census Tract 715.04, Pierce County, Washington",1930,144,659,1071,56,2886,77,231,995,703,294,414,172,2578,586,561,549,147,374,344,94,1318,1080,117,633,605,228,452,1654,6942,1228
53053071505,"Census Tract 715.05, Pierce County, Washington",491,43,112,296,40,3730,59,269,1328,1216,365,340,153,3402,493,787,765,88,488,472,39,1436,1250,210,1019,915,156,371,1440,7252,1026
53053071506,"Census Tract 715.06, Pierce County, Washington",482,141,141,200,0,3955,38,225,1382,945,609,502,254,3692,756,448,437,75,699,677,101,1403,1258,246,1405,1320,334,404,1523,7725,1512
53053071601,"Census Tract 716.01, Pierce County, Washington",513,91,274,108,40,3152,392,438,970,844,264,189,55,2322,244,758,430,105,777,533,35,1180,996,62,437,363,42,921,1244,5066,528
53053071603,"Census Tract 716.03, Pierce County, Washington",183,4,81,52,46,2553,190,183,1094,465,193,208,220,2180,428,914,739,174,434,390,90,667,594,127,538,457,37,377,1175,4539,902
53053071604,"Census Tract 716.04, Pierce County, Washington",481,48,271,162,0,3240,84,126,1139,915,234,512,230,3030,742,1164,1118,200,524,467,149,1060,970,367,492,475,26,258,1410,6493,1484
53053071703,"Census Tract 717.03, Pierce County, Washington",322,64,62,186,10,2523,279,390,851,648,130,154,71,1854,225,832,717,131,802,522,53,611,390,28,278,225,13,733,913,3966,460
53053071704,"Census Tract 717.04, Pierce County, Washington",502,146,219,137,0,2968,125,268,1214,636,251,231,243,2575,474,1099,876,161,654,546,77,1021,977,194,194,176,42,539,1433,5506,948
53053071705,"Census Tract 717.05, Pierce County, Washington",416,75,90,251,0,3054,151,331,887,851,383,398,53,2572,451,418,409,135,742,591,153,1310,1146,107,584,426,56,557,977,5485,902
53053071706,"Census Tract 717.06, Pierce County, Washington",168,40,56,63,9,1177,61,64,385,399,97,122,49,1052,171,310,280,29,243,215,29,474,421,84,150,136,29,165,441,2232,351
53053071707,"Census Tract 717.07, Pierce County, Washington",235,32,91,92,20,1610,17,184,515,465,178,191,60,1409,251,599,537,161,254,240,53,448,375,21,309,257,16,233,606,3021,522
53053071803,"Census Tract 718.03, Pierce County, Washington",775,62,547,166,0,4071,66,271,956,1147,623,755,253,3734,1008,1251,1217,397,678,626,116,1146,1070,261,996,821,234,399,1503,8181,2016
53053071805,"Census Tract 718.05, Pierce County, Washington",565,146,221,187,11,2449,131,434,635,779,248,171,51,1884,222,639,516,18,542,376,5,855,644,108,413,348,91,711,856,4187,455
53053071806,"Census Tract 718.06, Pierce County, Washington",348,57,165,126,0,2958,57,449,1000,858,150,408,36,2452,444,1284,1248,212,507,376,52,978,673,153,189,155,27,563,1165,5195,888
53053071807,"Census Tract 718.07, Pierce County, Washington",441,80,142,170,49,2316,172,253,518,673,229,337,134,1891,471,534,453,166,380,380,116,960,689,134,442,369,55,505,660,4143,991
53053071808,"Census Tract 718.08, Pierce County, Washington",589,32,335,218,4,2718,295,489,855,661,244,143,31,1934,174,954,635,11,649,429,95,560,455,24,555,415,44,816,1190,4425,352
53053071901,"Census Tract 719.01, Pierce County, Washington",328,0,226,101,1,4342,198,154,1532,939,528,575,416,3990,991,938,731,125,1089,1058,167,1296,1217,342,1019,984,357,352,1758,8308,1983
53053071902,"Census Tract 719.02, Pierce County, Washington",296,11,121,122,42,4270,124,193,975,807,422,1326,423,3953,1749,624,509,179,523,511,165,1911,1819,758,1212,1114,647,328,1096,8191,3540
53053072000,"Census Tract 720, Pierce County, Washington",572,32,311,229,0,3440,140,487,879,1221,519,119,75,2813,194,1441,1105,44,609,484,72,1054,979,30,336,245,48,659,1190,6166,388
53053072105,"Census Tract 721.05, Pierce County, Washington",367,145,75,138,9,4215,83,202,984,1053,396,889,608,3930,1497,669,578,145,578,518,191,1522,1457,580,1446,1377,581,430,1059,8082,3003
53053072106,"Census Tract 721.06, Pierce County, Washington",1019,255,258,506,0,4275,96,378,1222,1153,289,844,293,3801,1137,988,949,292,902,828,233,1304,1131,313,1081,893,299,729,1480,8366,2274
53053072107,"Census Tract 721.07, Pierce County, Washington",299,36,115,142,6,3290,17,28,585,916,721,574,449,3245,1023,610,601,212,470,457,64,1130,1121,408,1080,1066,339,81,700,6753,2052
53053072108,"Census Tract 721.08, Pierce County, Washington",454,36,248,170,0,3818,33,187,1162,918,653,672,193,3598,865,870,870,314,599,599,50,1462,1363,242,887,766,259,256,1410,7614,1730
53053072109,"Census Tract 721.09, Pierce County, Washington",360,34,218,58,50,2553,9,35,254,513,323,853,566,2509,1419,413,413,246,390,390,179,985,950,556,765,756,438,78,472,5344,2888
53053072111,"Census Tract 721.11, Pierce County, Washington",207,117,68,16,6,2067,32,75,456,465,356,423,260,1960,683,335,300,84,450,425,198,710,705,219,572,530,182,224,524,4010,1372
53053072112,"Census Tract 721.12, Pierce County, Washington",325,15,158,152,0,3382,115,114,644,847,593,785,284,3153,1069,1269,1188,444,314,280,71,1136,1092,388,663,593,166,244,802,6616,2138
53053072305,"Census Tract 723.05, Pierce County, Washington",426,20,160,232,14,4646,41,64,1021,1009,621,1094,796,4541,1890,751,711,211,1021,1021,621,1655,1643,518,1219,1166,540,125,1181,9488,3794
53053072307,"Census Tract 723.07, Pierce County, Washington",664,174,143,307,40,3219,72,95,624,784,402,778,464,3052,1242,623,550,174,546,489,323,1202,1188,438,848,825,307,341,767,6594,2524
53053072309,"Census Tract 723.09, Pierce County, Washington",472,88,168,177,39,4175,0,81,850,838,290,1322,794,4094,2116,1150,1150,612,672,649,220,1270,1212,738,1083,1083,546,169,1018,8572,4271
53053072310,"Census Tract 723.10, Pierce County, Washington",563,20,54,267,222,2414,9,35,554,627,243,677,269,2370,946,593,581,237,484,484,253,859,850,277,478,455,179,64,608,5283,2114
53053072311,"Census Tract 723.11, Pierce County, Washington",558,53,150,284,71,3686,93,150,787,765,414,769,708,3443,1477,986,941,258,432,397,272,1333,1203,586,935,902,361,296,937,7391,3025
53053072312,"Census Tract 723.12, Pierce County, Washington",496,38,207,155,96,4161,12,117,1281,923,294,1151,383,4032,1534,1112,1112,495,629,620,272,1346,1272,405,1074,1028,362,167,1488,8522,3164
53053072313,"Census Tract 723.13, Pierce County, Washington",517,92,20,194,211,2945,21,65,587,589,354,890,439,2859,1329,437,401,241,544,538,273,1234,1215,553,730,705,262,178,607,6143,2869
53053072314,"Census Tract 723.14, Pierce County, Washington",284,32,29,206,17,3038,57,138,609,539,364,758,573,2843,1331,406,406,208,639,577,341,1152,1062,513,841,798,269,227,638,5938,2679
53053072315,"Census Tract 723.15, Pierce County, Washington",302,11,98,139,54,1787,2,29,190,358,229,682,297,1756,979,254,254,62,348,319,219,641,639,340,544,544,358,42,288,3803,2012
53053072405,"Census Tract 724.05, Pierce County, Washington",354,57,77,177,43,2899,9,55,459,382,295,865,834,2835,1699,301,301,128,401,386,235,1400,1360,772,797,788,564,121,536,5967,3441
53053072406,"Census Tract 724.06, Pierce County, Washington",485,93,96,193,103,4687,36,147,601,1032,438,1263,1170,4504,2433,427,380,126,1105,1082,713,1942,1857,961,1213,1185,633,276,697,9400,4969
53053072407,"Census Tract 724.07, Pierce County, Washington",491,62,191,220,18,3870,19,141,600,1173,494,770,673,3710,1443,648,648,185,672,672,308,1227,1209,529,1323,1181,421,222,791,7849,2904
53053072408,"Census Tract 724.08, Pierce County, Washington",539,56,144,308,31,4374,16,181,659,1019,463,1085,951,4177,2036,660,591,260,663,663,487,1523,1445,627,1528,1478,662,253,803,8837,4103
53053072409,"Census Tract 724.09, Pierce County, Washington",124,37,13,74,0,1928,14,33,255,339,325,578,384,1881,962,192,188,90,288,284,124,848,829,429,600,580,319,84,268,3849,1924
53053072410,"Census Tract 724.10, Pierce County, Washington",202,23,85,63,31,2655,37,69,340,471,278,966,494,2549,1460,290,277,159,417,408,303,1099,1059,566,849,805,432,129,425,5277,2951
53053072503,"Census Tract 725.03, Pierce County, Washington",287,21,178,56,32,3372,3,95,693,918,486,800,377,3274,1177,521,521,162,546,538,202,1323,1291,504,982,924,309,119,871,6814,2386
53053072504,"Census Tract 725.04, Pierce County, Washington",391,35,149,129,78,3839,2,266,772,812,492,881,614,3571,1495,646,557,149,699,619,272,1760,1661,690,734,734,384,303,921,7498,3068
53053072506,"Census Tract 725.06, Pierce County, Washington",232,0,65,162,5,3054,71,24,396,724,274,971,594,2959,1565,333,332,71,371,371,162,1213,1213,687,1137,1043,645,95,461,6150,3135
53053072507,"Census Tract 725.07, Pierce County, Washington",75,7,17,20,31,2570,0,99,354,555,307,620,635,2471,1255,259,195,97,285,285,136,664,654,356,1362,1337,666,106,371,5010,2541
53053072508,"Census Tract 725.08, Pierce County, Washington",150,31,67,29,23,3083,0,49,724,651,269,1042,348,3034,1390,378,352,169,504,496,343,1197,1195,491,1004,991,387,80,791,6187,2803
53053072509,"Census Tract 725.09, Pierce County, Washington",230,49,73,108,0,3859,36,70,348,701,394,1295,1015,3753,2310,735,714,543,676,676,551,1306,1232,655,1142,1131,561,155,421,7687,4620
53053072601,"Census Tract 726.01, Pierce County, Washington",594,140,244,169,41,3697,14,105,535,1181,806,677,379,3578,1056,761,747,199,686,653,242,1378,1325,287,872,853,328,259,779,7610,2153
53053072602,"Census Tract 726.02, Pierce County, Washington",184,19,56,90,19,3083,50,113,733,1052,411,455,269,2920,724,321,264,59,444,422,90,1378,1318,279,940,916,296,182,789,6005,1467
53053072603,"Census Tract 726.03, Pierce County, Washington",107,17,8,35,47,5671,101,195,1132,2142,721,894,486,5375,1380,1303,1228,204,468,419,150,2035,1927,524,1865,1801,502,313,1140,10840,2807
53053072801,"Census Tract 728.01, Pierce County, Washington",352,16,0,231,105,3032,0,42,171,617,373,919,910,2990,1829,659,635,351,896,896,606,1287,1269,742,190,190,130,58,171,6316,3763
53053072802,"Census Tract 728.02, Pierce County, Washington",350,14,146,89,101,3593,129,17,374,772,438,1104,759,3447,1863,1093,1093,636,691,675,358,1153,1066,540,656,613,329,160,520,7230,3827
53053072901,"Census Tract 729.01, Pierce County, Washington",894,37,455,319,83,1238,8,0,282,349,308,193,98,1230,291,851,851,161,318,310,101,62,62,29,7,7,0,45,737,3317,665
53053072903,"Census Tract 729.03, Pierce County, Washington",2380,19,1300,988,73,2819,7,87,488,907,343,747,240,2725,987,1719,1660,463,862,855,400,238,210,124,0,0,0,113,1788,7811,2047
53053072907,"Census Tract 729.07, Pierce County, Washington",900,147,371,349,33,1929,178,54,603,641,183,192,78,1697,270,1434,1378,195,301,277,64,194,42,11,0,0,0,379,974,4147,573
53053072908,"Census Tract 729.08, Pierce County, Washington",1696,87,825,708,76,2179,0,4,538,681,316,414,226,2175,640,1577,1577,199,466,462,334,136,136,107,0,0,0,91,1363,5959,1356
53053072909,"Census Tract 729.09, Pierce County, Washington",1540,22,841,653,24,616,0,0,172,276,102,62,4,616,66,518,518,35,94,94,31,4,4,0,0,0,0,22,1013,2750,156
53053073001,"Census Tract 730.01, Pierce County, Washington",487,0,223,224,40,4455,63,141,1450,1093,528,736,444,4251,1180,497,475,169,948,884,282,2065,1976,563,945,916,166,204,1673,8989,2400
53053073005,"Census Tract 730.05, Pierce County, Washington",392,48,219,125,0,3274,82,265,1409,795,320,304,99,2927,403,236,193,40,563,463,59,1706,1601,174,769,670,130,395,1628,6198,806
53053073006,"Census Tract 730.06, Pierce County, Washington",462,60,139,219,44,3002,65,122,944,760,325,480,306,2815,786,372,352,39,605,558,65,1514,1394,558,511,511,124,247,1083,6032,1616
53053073110,"Census Tract 731.10, Pierce County, Washington",198,10,63,83,42,2766,8,65,552,788,277,768,308,2693,1076,515,465,211,613,604,342,938,931,310,700,693,213,83,615,5574,2194
53053073111,"Census Tract 731.11, Pierce County, Washington",525,118,202,169,36,3035,24,131,1041,604,542,398,295,2880,693,483,483,171,1035,941,196,1013,963,238,504,493,88,273,1243,6167,1422
53053073114,"Census Tract 731.14, Pierce County, Washington",417,59,237,113,8,3762,144,244,1571,713,616,348,126,3374,474,785,703,56,502,494,60,1619,1496,243,856,681,115,447,1808,7106,956
53053073115,"Census Tract 731.15, Pierce County, Washington",288,58,114,114,2,3503,85,180,1416,911,371,458,82,3238,540,1114,1034,175,476,433,86,1404,1283,156,509,488,123,323,1530,6706,1082
53053073116,"Census Tract 731.16, Pierce County, Washington",436,103,167,166,0,3093,64,234,893,750,522,425,205,2795,630,412,366,89,736,670,209,1369,1276,201,576,483,131,401,1060,5923,1260
53053073117,"Census Tract 731.17, Pierce County, Washington",344,17,178,137,12,2687,5,272,806,731,367,335,171,2410,506,484,413,75,395,376,66,1161,1025,246,647,596,119,294,984,5147,1024
53053073118,"Census Tract 731.18, Pierce County, Washington",421,81,178,162,0,3483,52,232,892,1299,528,346,134,3199,480,764,684,140,439,397,26,1615,1509,182,665,609,132,365,1070,6738,960
53053073119,"Census Tract 731.19, Pierce County, Washington",194,44,72,78,0,2388,50,155,876,632,338,186,151,2183,337,309,243,7,377,368,59,1223,1098,194,479,474,77,249,948,4516,674
53053073120,"Census Tract 731.20, Pierce County, Washington",401,25,189,152,35,3014,66,202,764,823,464,510,185,2746,695,708,678,181,885,869,253,1055,880,166,366,319,95,293,953,5868,1425
53053073121,"Census Tract 731.21, Pierce County, Washington",324,50,80,126,68,3235,71,107,624,912,280,836,405,3057,1241,817,776,418,769,750,299,1131,1042,396,518,489,128,228,704,6388,2550
53053073122,"Census Tract 731.22, Pierce County, Washington",412,60,194,126,32,3594,158,211,801,1120,401,605,298,3225,903,992,927,217,937,791,293,1194,1133,313,471,374,80,429,995,6802,1838
53053073123,"Census Tract 731.23, Pierce County, Washington",482,63,169,170,80,3325,34,35,641,1083,403,792,337,3256,1129,482,479,203,656,632,281,1575,1549,448,612,596,197,132,810,6931,2338
53053073124,"Census Tract 731.24, Pierce County, Washington",357,61,283,13,0,3085,45,237,1067,855,402,344,135,2803,479,657,657,145,616,408,96,1290,1263,200,522,475,38,343,1350,5902,958
53053073126,"Census Tract 731.26, Pierce County, Washington",516,53,275,140,48,2484,19,220,595,798,183,482,187,2245,669,882,802,258,681,604,102,755,695,263,166,144,46,292,870,4953,1386
53053073127,"Census Tract 731.27, Pierce County, Washington",71,0,31,11,29,1983,153,201,632,385,285,200,127,1629,327,634,524,58,308,256,76,831,639,135,210,210,58,354,663,3329,683
53053073128,"Census Tract 731.28, Pierce County, Washington",364,54,79,152,79,3925,322,76,936,1292,722,293,284,3527,577,1234,957,91,895,833,106,1360,1301,214,436,436,166,452,1015,7364,1233
53053073129,"Census Tract 731.29, Pierce County, Washington",481,11,240,218,12,2936,0,169,734,758,706,361,208,2767,569,792,776,102,1063,1001,301,777,758,113,304,232,53,180,974,6004,1150
53053073130,"Census Tract 731.30, Pierce County, Washington",362,97,73,154,38,2518,41,251,836,628,246,434,82,2226,516,261,216,44,582,529,113,1083,1035,348,592,446,11,389,909,4717,1070
53053073131,"Census Tract 731.31, Pierce County, Washington",64,0,64,0,0,2419,0,96,817,680,281,383,162,2323,545,382,340,118,801,783,207,713,688,112,523,512,108,96,881,4710,1090
53053073132,"Census Tract 731.32, Pierce County, Washington",438,102,110,138,88,2789,64,232,615,593,455,415,415,2493,830,564,564,90,738,686,219,1083,914,409,404,329,112,398,725,5322,1748
53053073133,"Census Tract 731.33, Pierce County, Washington",401,26,158,160,57,2681,0,228,589,1037,406,183,238,2453,421,624,589,69,573,527,111,1119,1052,219,365,285,22,254,747,5281,899
53053073200,"Census Tract 732, Pierce County, Washington",400,29,166,205,0,4602,108,241,1718,872,496,901,266,4253,1167,814,751,136,980,923,257,1757,1624,372,1051,955,402,378,1884,8877,2334
53053073301,"Census Tract 733.01, Pierce County, Washington",414,31,225,134,24,3908,247,205,1017,888,442,891,218,3456,1109,937,849,278,770,606,259,1347,1230,407,854,771,165,483,1242,7295,2242
53053073302,"Census Tract 733.02, Pierce County, Washington",173,26,54,83,10,3692,38,219,1230,959,418,538,290,3435,828,1273,1178,225,616,512,211,1041,1003,327,762,742,65,283,1284,7017,1666
53053073404,"Census Tract 734.04, Pierce County, Washington",421,81,162,178,0,4294,83,284,1609,1020,477,561,260,3927,821,1040,1009,188,580,540,107,1627,1350,351,1047,1028,175,448,1771,8194,1642
53053073405,"Census Tract 734.05, Pierce County, Washington",412,137,142,108,25,2681,152,195,954,508,328,401,143,2334,544,525,443,101,416,380,107,1069,947,211,671,564,125,484,1096,4943,1113
53053073406,"Census Tract 734.06, Pierce County, Washington",588,49,114,365,60,4343,85,161,916,1156,861,795,369,4097,1164,1555,1498,556,882,747,146,1281,1261,252,625,591,210,295,1030,8733,2388
53053073407,"Census Tract 734.07, Pierce County, Washington",191,18,86,48,39,2620,51,211,758,669,283,485,163,2358,648,786,737,330,704,651,127,746,611,118,384,359,73,280,844,4889,1335
53053073408,"Census Tract 734.08, Pierce County, Washington",305,12,192,72,29,3023,106,150,966,631,415,530,225,2767,755,562,516,140,636,509,211,1113,1085,252,712,657,152,268,1158,5827,1539
53053073501,"Census Tract 735.01, Pierce County, Washington",387,153,80,154,0,2837,0,42,820,644,595,556,180,2795,736,532,518,216,425,425,88,1287,1283,242,593,569,190,195,900,5824,1472
53053073502,"Census Tract 735.02, Pierce County, Washington",283,0,29,169,85,3207,29,131,762,1023,305,611,346,3047,957,427,337,30,474,474,97,1757,1724,584,549,512,246,160,791,6377,1999
53053940001,"Census Tract 9400.01, Pierce County, Washington",202,23,96,57,26,2055,20,23,327,433,209,554,489,2012,1043,273,261,118,245,240,106,973,968,547,564,543,272,66,423,4203,2112
53053940002,"Census Tract 9400.02, Pierce County, Washington",373,32,176,149,16,3062,143,267,1020,631,286,509,206,2652,715,681,547,132,648,530,133,1214,1109,257,519,466,193,442,1196,5645,1446
53053940004,"Census Tract 9400.04, Pierce County, Washington",292,20,156,94,22,4806,110,199,1568,1286,629,748,266,4497,1014,604,599,173,902,790,177,2016,1890,411,1284,1218,253,329,1724,9266,2050
53053940005,"Census Tract 9400.05, Pierce County, Washington",409,77,178,120,34,4231,78,279,1189,875,716,709,385,3874,1094,1003,957,252,1015,961,222,1628,1478,467,585,478,153,434,1367,8080,2222
53053940006,"Census Tract 9400.06, Pierce County, Washington",179,52,63,57,7,2233,453,168,487,575,158,229,163,1612,392,563,490,158,541,464,80,558,468,112,571,190,42,673,550,3351,791
53053940007,"Census Tract 9400.07, Pierce County, Washington",269,54,116,90,9,2098,172,108,766,530,200,239,83,1818,322,511,467,64,413,338,55,804,734,92,370,279,111,334,882,3851,653
53053940008,"Census Tract 9400.08, Pierce County, Washington",717,129,199,269,120,4890,84,159,1048,1258,532,1129,680,4647,1809,1332,1252,590,902,851,295,1528,1472,612,1128,1072,312,372,1247,9882,3738
53053940009,"Census Tract 9400.09, Pierce County, Washington",184,36,94,31,23,2837,10,61,696,776,319,633,342,2766,975,556,536,216,654,640,334,940,926,258,687,664,167,107,790,5680,1973
53053940010,"Census Tract 9400.10, Pierce County, Washington",421,58,128,177,58,3811,38,250,1242,1136,319,676,150,3523,826,1282,1228,397,442,422,105,1173,1004,245,914,869,79,346,1370,7409,1710
53053940011,"Census Tract 9400.11, Pierce County, Washington",204,33,81,47,43,3368,43,73,481,693,279,1026,773,3252,1799,354,322,146,556,556,309,1425,1398,863,1033,976,481,149,562,6675,3641
53053940012,"Census Tract 9400.12, Pierce County, Washington",495,107,127,237,24,2651,63,172,749,766,351,395,155,2416,550,1192,1089,239,497,435,66,728,673,211,234,219,34,342,876,5220,1124
53053940013,"Census Tract 9400.13, Pierce County, Washington",241,47,66,74,54,2270,69,160,359,427,474,527,254,2041,781,795,748,273,680,598,256,655,563,197,140,132,55,276,425,4276,1616
